id_cliente,nombre_cliente,apellido_paterno,apellido_materno,sexo,edad,distrito,provincia,departamento,tipo_cliente
CLI000001,Clemente,Maya,Sandoval,M,58,Baños del Inca,Cajamarca,Cajamarca,Cliente ocasional
CLI000002,Porfirio,Candelaria,Garica,M,46,Jesús,Cajamarca,Cajamarca,Cliente ocasional
CLI000003,Pilar,Valadez,Peres,F,80,Llacanora,Cajamarca,Cajamarca,Cliente ocasional
CLI000004,Salvador,Trujillo,Salas,M,18,La Encañada,Cajamarca,Cajamarca,Cliente frecuente
CLI000005,Sergio,Quintana,Grijalva,M,75,Cajamarca,Cajamarca,Cajamarca,Cliente nuevo
CLI000006,Abigail,Blanco,Carranza,F,58,Cajamarca,Cajamarca,Cajamarca,Cliente frecuente
CLI000007,Fabiola,Calvillo,Rascón,F,66,Matara,Cajamarca,Cajamarca,Cliente ocasional
CLI000008,Abraham,Salas,Martínez,M,61,Cajamarca,Cajamarca,Cajamarca,Cliente ocasional
CLI000009,Diana,Osorio,Heredia,F,76,Cajamarca,Cajamarca,Cajamarca,Cliente ocasional
CLI000010,Irene,Munguía,Ocampo,F,21,Jesús,Cajamarca,Cajamarca,Cliente ocasional
CLI000011,Micaela,Bermúdez,Molina,F,72,Cajamarca,Cajamarca,Cajamarca,Cliente nuevo
CLI000012,Araceli,Valdés,Terrazas,F,32,Baños del Inca,Cajamarca,Cajamarca,Cliente nuevo
CLI000013,Florencia,Loera,Reyna,F,68,Namora,Cajamarca,Cajamarca,Cliente frecuente
CLI000014,Carmen,Vélez,Mares,F,79,Baños del Inca,Cajamarca,Cajamarca,Cliente nuevo
CLI000015,Alberto,Negrete,Narváez,M,34,Jesús,Cajamarca,Cajamarca,Cliente nuevo
CLI000016,Miguel,Pichardo,Bustamante,M,72,Baños del Inca,Cajamarca,Cajamarca,Cliente ocasional
CLI000017,Leonel,Vigil,Urrutia,M,33,La Encañada,Cajamarca,Cajamarca,Cliente ocasional
CLI000018,Marisol,Carrión,Pizarro,F,50,Baños del Inca,Cajamarca,Cajamarca,Cliente ocasional
CLI000019,Mayte,Zapata,Salas,F,82,La Encañada,Cajamarca,Cajamarca,Cliente nuevo
CLI000020,Karla,Sosa,Holguín,F,73,Cajamarca,Cajamarca,Cajamarca,Cliente nuevo
CLI000021,Luis Miguel,Valle,Roque,M,22,Cajamarca,Cajamarca,Cajamarca,Cliente nuevo
CLI000022,Micaela,Sisneros,Alvarado,F,84,Namora,Cajamarca,Cajamarca,Cliente ocasional
CLI000023,Samuel,Garrido,Ceballos,M,51,La Encañada,Cajamarca,Cajamarca,Cliente ocasional
CLI000024,Amelia,Solorzano,Candelaria,F,73,Baños del Inca,Cajamarca,Cajamarca,Cliente nuevo
CLI000025,Yolanda,Portillo,Rodrígez,F,58,Baños del Inca,Cajamarca,Cajamarca,Cliente nuevo
CLI000026,Carmen,Rosario,Girón,F,83,Cajamarca,Cajamarca,Cajamarca,Cliente nuevo
CLI000027,Cornelio,Reyes,Rodarte,M,72,Jesús,Cajamarca,Cajamarca,Cliente ocasional
CLI000028,Ricardo,Heredia,Valencia,M,52,Namora,Cajamarca,Cajamarca,Cliente ocasional
CLI000029,Leonel,Manzanares,Ulibarri,M,70,Cajamarca,Cajamarca,Cajamarca,Cliente nuevo
CLI000030,Pascual,Roque,Padilla,M,18,Baños del Inca,Cajamarca,Cajamarca,Cliente ocasional
CLI000031,Marcos,Fierro,Lozano,M,43,Cajamarca,Cajamarca,Cajamarca,Cliente ocasional
CLI000032,Estela,Aguirre,Apodaca,F,63,Cajamarca,Cajamarca,Cajamarca,Cliente ocasional
CLI000033,Catalina,Zambrano,Reynoso,F,35,Baños del Inca,Cajamarca,Cajamarca,Cliente ocasional
CLI000034,Ramiro,Saiz,Murillo,M,82,Cajamarca,Cajamarca,Cajamarca,Cliente ocasional
CLI000035,Felipe,Hurtado,Ruelas,M,35,Llacanora,Cajamarca,Cajamarca,Cliente nuevo
CLI000036,María Elena,Segura,Salinas,F,82,Baños del Inca,Cajamarca,Cajamarca,Cliente nuevo
CLI000037,Mariano,Valdez,Aponte,M,66,Cajamarca,Cajamarca,Cajamarca,Cliente frecuente
CLI000038,Humberto,Mateo,Reyna,M,24,Jesús,Cajamarca,Cajamarca,Cliente ocasional
CLI000039,Bruno,Quezada,Serrato,M,21,Baños del Inca,Cajamarca,Cajamarca,Cliente ocasional
CLI000040,Esperanza,Regalado,Elizondo,F,75,Cajamarca,Cajamarca,Cajamarca,Cliente frecuente
CLI000041,Lorena,Roque,Barela,F,39,Cajamarca,Cajamarca,Cajamarca,Cliente ocasional
CLI000042,Silvia,Jáquez,Samaniego,F,61,Baños del Inca,Cajamarca,Cajamarca,Cliente frecuente
CLI000043,José Luis,Caldera,Esquivel,M,69,Cajamarca,Cajamarca,Cajamarca,Cliente ocasional
CLI000044,Luis,Concepción,Rascón,M,23,La Encañada,Cajamarca,Cajamarca,Cliente nuevo
CLI000045,Adalberto,Caballero,Abrego,M,75,Jesús,Cajamarca,Cajamarca,Cliente ocasional
CLI000046,Margarita,Vera,Treviño,F,20,Cajamarca,Cajamarca,Cajamarca,Cliente ocasional
CLI000047,Benito,Farías,Gutiérrez,M,38,La Encañada,Cajamarca,Cajamarca,Cliente frecuente
CLI000048,Bianca,Armendáriz,Treviño,F,72,Baños del Inca,Cajamarca,Cajamarca,Cliente nuevo
CLI000049,Estela,Munguía,Correa,F,57,Cajamarca,Cajamarca,Cajamarca,Cliente frecuente
CLI000050,Abril,Marroquín,Vergara,F,81,Matara,Cajamarca,Cajamarca,Cliente nuevo
CLI000051,Olivia,Salazar,Cervántez,F,77,Cajamarca,Cajamarca,Cajamarca,Cliente ocasional
CLI000052,Natividad,Garica,Rojas,F,33,Baños del Inca,Cajamarca,Cajamarca,Cliente ocasional
CLI000053,Patricia,Ceja,Zamora,F,30,Jesús,Cajamarca,Cajamarca,Cliente frecuente
CLI000054,Patricio,López,Bravo,M,76,La Encañada,Cajamarca,Cajamarca,Cliente ocasional
CLI000055,Luis Manuel,Crespo,Cervántez,M,21,Cajamarca,Cajamarca,Cajamarca,Cliente frecuente
CLI000056,Sergio,Malave,Sarabia,M,32,La Encañada,Cajamarca,Cajamarca,Cliente frecuente
CLI000057,Luis,Orellana,Córdova,M,55,Baños del Inca,Cajamarca,Cajamarca,Cliente ocasional
CLI000058,Ramiro,Estrada,Ocampo,M,30,Llacanora,Cajamarca,Cajamarca,Cliente frecuente
CLI000059,Adriana,Caraballo,Ordóñez,F,39,Cajamarca,Cajamarca,Cajamarca,Cliente frecuente
CLI000060,Anel,Ávalos,Montenegro,F,41,La Encañada,Cajamarca,Cajamarca,Cliente frecuente
CLI000061,Sessa,Morales,Alvarez,F,53,Baños del Inca,Cajamarca,Cajamarca,Cliente frecuente
CLI000062,Aldonza,Segovia,Rolón,F,38,Cajamarca,Cajamarca,Cajamarca,Cliente frecuente
CLI000063,Helena,Madrigal,Rascón,F,50,Baños del Inca,Cajamarca,Cajamarca,Cliente frecuente
CLI000064,Jerónimo,Casas,Salinas,M,48,Cajamarca,Cajamarca,Cajamarca,Cliente frecuente
CLI000065,María Elena,Vázquez,de la Rosa,F,58,Llacanora,Cajamarca,Cajamarca,Cliente ocasional
CLI000066,Elias,Villareal,Solís,M,69,Cajamarca,Cajamarca,Cajamarca,Cliente frecuente
CLI000067,Delia,Puente,Miramontes,F,72,Matara,Cajamarca,Cajamarca,Cliente nuevo
CLI000068,María Cristina,Zamora,Gonzales,F,82,La Encañada,Cajamarca,Cajamarca,Cliente nuevo
CLI000069,Teresa,Barrios,Trujillo,F,55,Namora,Cajamarca,Cajamarca,Cliente ocasional
CLI000070,Laura,Aponte,Estévez,F,21,Cajamarca,Cajamarca,Cajamarca,Cliente ocasional
CLI000071,Eric,Armenta,Tovar,M,56,Llacanora,Cajamarca,Cajamarca,Cliente ocasional
CLI000072,Alvaro,Razo,Esparza,M,61,Cajamarca,Cajamarca,Cajamarca,Cliente frecuente
CLI000073,Óliver,Almonte,Ceballos,M,38,La Encañada,Cajamarca,Cajamarca,Cliente frecuente
CLI000074,Raúl,Gamez,Sierra,M,84,Cajamarca,Cajamarca,Cajamarca,Cliente ocasional
CLI000075,Carlota,Cruz,Escamilla,F,21,Baños del Inca,Cajamarca,Cajamarca,Cliente frecuente
CLI000076,Julia,Laboy,Pizarro,F,67,Cajamarca,Cajamarca,Cajamarca,Cliente ocasional
CLI000077,Renato,Pedroza,Berríos,M,34,Cajamarca,Cajamarca,Cajamarca,Cliente frecuente
CLI000078,Judith,Magaña,Escobar,F,50,Llacanora,Cajamarca,Cajamarca,Cliente frecuente
CLI000079,Jorge Luis,Delgado,Irizarry,M,53,Baños del Inca,Cajamarca,Cajamarca,Cliente ocasional
CLI000080,María del Carmen,Salinas,Pelayo,F,35,Namora,Cajamarca,Cajamarca,Cliente ocasional
CLI000081,Hugo,Robles,Díaz,M,22,La Encañada,Cajamarca,Cajamarca,Cliente nuevo
CLI000082,Helena,Solano,Rosario,F,61,La Encañada,Cajamarca,Cajamarca,Cliente ocasional
CLI000083,Magdalena,Casares,Soto,F,25,La Encañada,Cajamarca,Cajamarca,Cliente frecuente
CLI000084,Ramón,Lara,Cabrera,M,78,Cajamarca,Cajamarca,Cajamarca,Cliente frecuente
CLI000085,Fidel,Godoy,Adame,M,69,Llacanora,Cajamarca,Cajamarca,Cliente ocasional
CLI000086,Bernabé,Rentería,Menéndez,M,53,Cajamarca,Cajamarca,Cajamarca,Cliente frecuente
CLI000087,Leticia,Trejo,Echeverría,F,76,La Encañada,Cajamarca,Cajamarca,Cliente ocasional
CLI000088,Aldonza,Mora,Cortez,F,57,Cajamarca,Cajamarca,Cajamarca,Cliente ocasional
CLI000089,José,Valenzuela,Vega,M,80,Jesús,Cajamarca,Cajamarca,Cliente nuevo
CLI000090,Nancy,Gálvez,Carmona,F,22,La Encañada,Cajamarca,Cajamarca,Cliente frecuente
CLI000091,Rosa,León,Valadez,F,51,Cajamarca,Cajamarca,Cajamarca,Cliente ocasional
CLI000092,Rufino,Gallegos,Vargas,M,45,Jesús,Cajamarca,Cajamarca,Cliente ocasional
CLI000093,Francisca,Valladares,Jasso,F,23,Matara,Cajamarca,Cajamarca,Cliente ocasional
CLI000094,Rodrigo,Centeno,Campos,M,83,Cajamarca,Cajamarca,Cajamarca,Cliente frecuente
CLI000095,Estefanía,Caldera,Pulido,F,60,Baños del Inca,Cajamarca,Cajamarca,Cliente ocasional
CLI000096,Enrique,Caraballo,Balderas,M,38,Jesús,Cajamarca,Cajamarca,Cliente frecuente
CLI000097,Isabel,Escalante,Caraballo,F,63,Cajamarca,Cajamarca,Cajamarca,Cliente ocasional
CLI000098,Patricio,Martínez,Lebrón,M,79,Namora,Cajamarca,Cajamarca,Cliente ocasional
CLI000099,Sergio,Barela,Lovato,M,84,Cajamarca,Cajamarca,Cajamarca,Cliente ocasional
CLI000100,Jacobo,Cuellar,Ibarra,M,38,Cajamarca,Cajamarca,Cajamarca,Cliente frecuente
CLI000101,Gonzalo,Barajas,Alcaraz,M,65,Cajamarca,Cajamarca,Cajamarca,Cliente ocasional
CLI000102,Luis,Hinojosa,Pedroza,M,49,Cajamarca,Cajamarca,Cajamarca,Cliente nuevo
CLI000103,Adriana,Báez,Caldera,F,31,Jesús,Cajamarca,Cajamarca,Cliente ocasional
CLI000104,Elsa,Altamirano,Marín,F,51,La Encañada,Cajamarca,Cajamarca,Cliente ocasional
CLI000105,Blanca,Cabrera,Valentín,F,78,Namora,Cajamarca,Cajamarca,Cliente frecuente
CLI000106,Samuel,Montez,Mascareñas,M,63,La Encañada,Cajamarca,Cajamarca,Cliente ocasional
CLI000107,María,Zepeda,Archuleta,F,28,Cajamarca,Cajamarca,Cajamarca,Cliente nuevo
CLI000108,Leonor,Mata,Zúñiga,F,57,Cajamarca,Cajamarca,Cajamarca,Cliente ocasional
CLI000109,Flavio,Villegas,Ríos,M,59,Baños del Inca,Cajamarca,Cajamarca,Cliente ocasional
CLI000110,Lourdes,Casares,Noriega,F,81,Baños del Inca,Cajamarca,Cajamarca,Cliente frecuente
CLI000111,Martha,Heredia,Ordóñez,F,46,Jesús,Cajamarca,Cajamarca,Cliente nuevo
CLI000112,Florencia,Moya,Baeza,F,70,Jesús,Cajamarca,Cajamarca,Cliente ocasional
CLI000113,Mariano,Alva,Lerma,M,37,Baños del Inca,Cajamarca,Cajamarca,Cliente ocasional
CLI000114,Jesús,Longoria,Casillas,M,73,Cajamarca,Cajamarca,Cajamarca,Cliente nuevo
CLI000115,Frida,Peña,Matos,F,52,Jesús,Cajamarca,Cajamarca,Cliente ocasional
CLI000116,Serafín,Almonte,Torres,M,52,Cajamarca,Cajamarca,Cajamarca,Cliente nuevo
CLI000117,Jorge,Fajardo,Valentín,M,52,Cajamarca,Cajamarca,Cajamarca,Cliente ocasional
CLI000118,Ana Luisa,Carreón,Curiel,F,69,Cajamarca,Cajamarca,Cajamarca,Cliente ocasional
CLI000119,Rosa,Casillas,Casanova,F,61,Cajamarca,Cajamarca,Cajamarca,Cliente ocasional
CLI000120,Alta  Gracia,Castillo,Solorzano,F,84,Cajamarca,Cajamarca,Cajamarca,Cliente ocasional
CLI000121,Irma,Zambrano,Madrid,F,25,Namora,Cajamarca,Cajamarca,Cliente ocasional
CLI000122,Aldo,Pineda,Véliz,M,52,Baños del Inca,Cajamarca,Cajamarca,Cliente frecuente
CLI000123,Camila,Moya,Pelayo,F,71,Jesús,Cajamarca,Cajamarca,Cliente nuevo
CLI000124,Judith,Ocasio,Grijalva,F,61,Cajamarca,Cajamarca,Cajamarca,Cliente ocasional
CLI000125,Luis Miguel,Gaona,Castillo,M,52,Cajamarca,Cajamarca,Cajamarca,Cliente ocasional
CLI000126,Cristal,Torres,Anaya,F,83,Cajamarca,Cajamarca,Cajamarca,Cliente ocasional
CLI000127,Reynaldo,Vaca,Osorio,M,42,Baños del Inca,Cajamarca,Cajamarca,Cliente frecuente
CLI000128,Gonzalo,Cordero,Gil,M,37,Cajamarca,Cajamarca,Cajamarca,Cliente frecuente
CLI000129,Alejandra,Alemán,Lebrón,F,44,La Encañada,Cajamarca,Cajamarca,Cliente frecuente
CLI000130,Natalia,Roque,Perales,F,28,Baños del Inca,Cajamarca,Cajamarca,Cliente ocasional
CLI000131,Guillermo,Mascareñas,Chavarría,M,31,Cajamarca,Cajamarca,Cajamarca,Cliente nuevo
CLI000132,Zeferino,Villaseñor,Burgos,M,41,Baños del Inca,Cajamarca,Cajamarca,Cliente ocasional
CLI000133,Ernesto,Uribe,Archuleta,M,78,La Encañada,Cajamarca,Cajamarca,Cliente ocasional
CLI000134,Silvia,Serrano,Jaimes,F,58,La Encañada,Cajamarca,Cajamarca,Cliente frecuente
CLI000135,Indira,Solís,Matías,F,50,Cajamarca,Cajamarca,Cajamarca,Cliente ocasional
CLI000136,Andrés,Alba,Guerra,M,79,Jesús,Cajamarca,Cajamarca,Cliente frecuente
CLI000137,María Eugenia,Baeza,Garibay,F,43,Cajamarca,Cajamarca,Cajamarca,Cliente ocasional
CLI000138,Teresa,Sauceda,Corona,F,56,Cajamarca,Cajamarca,Cajamarca,Cliente frecuente
CLI000139,Laura,Murillo,Gonzales,F,26,Llacanora,Cajamarca,Cajamarca,Cliente ocasional
CLI000140,Noemí,Leal,Montalvo,F,79,La Encañada,Cajamarca,Cajamarca,Cliente nuevo
CLI000141,Débora,Noriega,Muñoz,F,80,Cajamarca,Cajamarca,Cajamarca,Cliente ocasional
CLI000142,Maximiliano,Reyna,Ulibarri,M,27,Matara,Cajamarca,Cajamarca,Cliente nuevo
CLI000143,Nicolás,Vera,Marrero,M,50,Matara,Cajamarca,Cajamarca,Cliente nuevo
CLI000144,Cynthia,Covarrubias,Partida,F,31,Namora,Cajamarca,Cajamarca,Cliente nuevo
CLI000145,Elias,Rubio,Adame,M,77,Cajamarca,Cajamarca,Cajamarca,Cliente ocasional
CLI000146,José,Solorzano,Paredes,M,83,Cajamarca,Cajamarca,Cajamarca,Cliente nuevo
CLI000147,Alta  Gracia,de León,Bravo,F,35,Baños del Inca,Cajamarca,Cajamarca,Cliente nuevo
CLI000148,Frida,Nieves,Treviño,F,64,Matara,Cajamarca,Cajamarca,Cliente ocasional
CLI000149,Guillermo,Chavarría,Campos,M,37,La Encañada,Cajamarca,Cajamarca,Cliente ocasional
CLI000150,Adán,Tejeda,Gamboa,M,36,Cajamarca,Cajamarca,Cajamarca,Cliente nuevo
CLI000151,Serafín,Maldonado,Vega,M,22,Cajamarca,Cajamarca,Cajamarca,Cliente frecuente
CLI000152,Alonso,Orozco,Olivares,M,35,Cajamarca,Cajamarca,Cajamarca,Cliente ocasional
CLI000153,Nancy,Sevilla,Cotto,F,34,Baños del Inca,Cajamarca,Cajamarca,Cliente frecuente
CLI000154,Pedro,Cantú,Briones,M,41,La Encañada,Cajamarca,Cajamarca,Cliente ocasional
CLI000155,Carmen,Ordóñez,Merino,F,21,Cajamarca,Cajamarca,Cajamarca,Cliente ocasional
CLI000156,Roberto,Ibarra,Marín,M,77,La Encañada,Cajamarca,Cajamarca,Cliente ocasional
CLI000157,Amalia,Villarreal,Espinal,F,36,Llacanora,Cajamarca,Cajamarca,Cliente frecuente
CLI000158,Emiliano,Loya,Lucero,M,25,Cajamarca,Cajamarca,Cajamarca,Cliente ocasional
CLI000159,Natalia,Lira,Munguía,F,60,Llacanora,Cajamarca,Cajamarca,Cliente frecuente
CLI000160,Daniel,Oquendo,Esparza,M,29,Baños del Inca,Cajamarca,Cajamarca,Cliente ocasional
CLI000161,Abraham,Zelaya,Rosado,M,48,Cajamarca,Cajamarca,Cajamarca,Cliente nuevo
CLI000162,Manuel,Moya,Terrazas,M,65,Cajamarca,Cajamarca,Cajamarca,Cliente nuevo
CLI000163,Claudia,Sevilla,Anguiano,F,72,Baños del Inca,Cajamarca,Cajamarca,Cliente ocasional
CLI000164,Ernesto,Mascareñas,Tirado,M,57,La Encañada,Cajamarca,Cajamarca,Cliente ocasional
CLI000165,Carolina,Dávila,Anaya,F,29,Jesús,Cajamarca,Cajamarca,Cliente frecuente
CLI000166,Claudio,Serrato,Acevedo,M,32,Llacanora,Cajamarca,Cajamarca,Cliente ocasional
CLI000167,José Manuél,Barela,Nazario,M,32,Cajamarca,Cajamarca,Cajamarca,Cliente ocasional
CLI000168,Israel,Gálvez,Tapia,M,72,Cajamarca,Cajamarca,Cajamarca,Cliente nuevo
CLI000169,Cecilia,Zamudio,Guzmán,F,54,Llacanora,Cajamarca,Cajamarca,Cliente ocasional
CLI000170,Camila,Caraballo,Mena,F,84,Baños del Inca,Cajamarca,Cajamarca,Cliente frecuente
CLI000171,Mariana,Carbajal,Beltrán,F,80,Matara,Cajamarca,Cajamarca,Cliente frecuente
CLI000172,Juan,Iglesias,Madera,M,46,Matara,Cajamarca,Cajamarca,Cliente ocasional
CLI000173,Clemente,Montero,Rojo,M,59,Llacanora,Cajamarca,Cajamarca,Cliente nuevo
CLI000174,Pablo,Casárez,Vaca,M,77,Baños del Inca,Cajamarca,Cajamarca,Cliente ocasional
CLI000175,Rafaél,Gurule,Muñoz,M,53,Cajamarca,Cajamarca,Cajamarca,Cliente frecuente
CLI000176,Mauro,Vigil,Montaño,M,26,Baños del Inca,Cajamarca,Cajamarca,Cliente ocasional
CLI000177,Benito,Barrientos,Brito,M,67,Llacanora,Cajamarca,Cajamarca,Cliente nuevo
CLI000178,Marisol,Marrero,Jaimes,F,79,Baños del Inca,Cajamarca,Cajamarca,Cliente frecuente
CLI000179,Soledad,Gastélum,de la Garza,F,35,Cajamarca,Cajamarca,Cajamarca,Cliente ocasional
CLI000180,Jerónimo,Preciado,Santillán,M,50,Cajamarca,Cajamarca,Cajamarca,Cliente frecuente
CLI000181,Rolando,Meraz,Medrano,M,84,Cajamarca,Cajamarca,Cajamarca,Cliente nuevo
CLI000182,Zoé,Salcido,Padrón,F,37,Cajamarca,Cajamarca,Cajamarca,Cliente ocasional
CLI000183,Graciela,del Valle,Estrada,F,77,La Encañada,Cajamarca,Cajamarca,Cliente ocasional
CLI000184,María del Carmen,Garay,Montero,F,71,Cajamarca,Cajamarca,Cajamarca,Cliente frecuente
CLI000185,Jos,Parra,Villanueva,M,74,Cajamarca,Cajamarca,Cajamarca,Cliente frecuente
CLI000186,Juana,Galindo,Correa,F,66,Baños del Inca,Cajamarca,Cajamarca,Cliente frecuente
CLI000187,Martín,Valverde,Cavazos,M,67,Llacanora,Cajamarca,Cajamarca,Cliente ocasional
CLI000188,Marcos,Jasso,Méndez,M,55,Cajamarca,Cajamarca,Cajamarca,Cliente ocasional
CLI000189,Bianca,Maya,Jáquez,F,73,Jesús,Cajamarca,Cajamarca,Cliente ocasional
CLI000190,Magdalena,Irizarry,Colunga,F,84,Cajamarca,Cajamarca,Cajamarca,Cliente ocasional
CLI000191,Natividad,Jasso,González,F,45,Baños del Inca,Cajamarca,Cajamarca,Cliente ocasional
CLI000192,Hermelinda,Collazo,Valentín,F,69,Jesús,Cajamarca,Cajamarca,Cliente nuevo
CLI000193,Blanca,Jasso,Lozada,F,69,Matara,Cajamarca,Cajamarca,Cliente frecuente
CLI000194,Samuel,Reynoso,Pacheco,M,51,Llacanora,Cajamarca,Cajamarca,Cliente frecuente
CLI000195,Laura,Alonzo,Ulloa,F,65,Cajamarca,Cajamarca,Cajamarca,Cliente frecuente
CLI000196,Jesús,Parra,Miramontes,M,45,Llacanora,Cajamarca,Cajamarca,Cliente ocasional
CLI000197,Bernardo,Saldaña,Treviño,M,75,Baños del Inca,Cajamarca,Cajamarca,Cliente frecuente
CLI000198,Minerva,Fuentes,Pineda,F,83,La Encañada,Cajamarca,Cajamarca,Cliente frecuente
CLI000199,José,Menéndez,Balderas,M,79,Cajamarca,Cajamarca,Cajamarca,Cliente frecuente
CLI000200,Leonel,Delgadillo,Alarcón,M,53,Cajamarca,Cajamarca,Cajamarca,Cliente frecuente
CLI000201,Gustavo,Valdivia,Hernádez,M,78,Namora,Cajamarca,Cajamarca,Cliente frecuente
CLI000202,Cristobal,Mesa,Véliz,M,84,Baños del Inca,Cajamarca,Cajamarca,Cliente frecuente
CLI000203,Vicente,Pedroza,Rolón,M,63,Cajamarca,Cajamarca,Cajamarca,Cliente ocasional
CLI000204,Óliver,Mireles,Alcala,M,49,Cajamarca,Cajamarca,Cajamarca,Cliente ocasional
CLI000205,Alfonso,Garay,Casárez,M,74,La Encañada,Cajamarca,Cajamarca,Cliente frecuente
CLI000206,Gustavo,Mena,Almanza,M,39,Baños del Inca,Cajamarca,Cajamarca,Cliente ocasional
CLI000207,Diana,Reyna,Serrato,F,69,Cajamarca,Cajamarca,Cajamarca,Cliente ocasional
CLI000208,Hernán,Negrón,Berríos,M,77,Cajamarca,Cajamarca,Cajamarca,Cliente ocasional
CLI000209,Rodrigo,Escobedo,Tijerina,M,84,Llacanora,Cajamarca,Cajamarca,Cliente nuevo
CLI000210,Adela,Cadena,Cortés,F,37,La Encañada,Cajamarca,Cajamarca,Cliente ocasional
CLI000211,Hermelinda,Gaona,Rivas,F,32,Cajamarca,Cajamarca,Cajamarca,Cliente nuevo
CLI000212,Felix,Zelaya,de la Rosa,M,81,La Encañada,Cajamarca,Cajamarca,Cliente ocasional
CLI000213,Virginia,Mares,Bravo,F,83,Namora,Cajamarca,Cajamarca,Cliente frecuente
CLI000214,Rufino,Perales,Solorio,M,50,Cajamarca,Cajamarca,Cajamarca,Cliente ocasional
CLI000215,Sergio,Valdivia,Cepeda,M,56,Baños del Inca,Cajamarca,Cajamarca,Cliente ocasional
CLI000216,Carlos,Amaya,Juárez,M,57,Llacanora,Cajamarca,Cajamarca,Cliente frecuente
CLI000217,Luis Miguel,Armendáriz,Escalante,M,61,Namora,Cajamarca,Cajamarca,Cliente frecuente
CLI000218,Nayeli,Serna,Godoy,F,30,Cajamarca,Cajamarca,Cajamarca,Cliente ocasional
CLI000219,Modesto,Mondragón,Montalvo,M,82,Namora,Cajamarca,Cajamarca,Cliente ocasional
CLI000220,Jorge Luis,Matías,Zepeda,M,34,Cajamarca,Cajamarca,Cajamarca,Cliente ocasional
CLI000221,Octavio,Herrera,Sáenz,M,70,Namora,Cajamarca,Cajamarca,Cliente frecuente
CLI000222,Helena,Henríquez,Arce,F,37,Cajamarca,Cajamarca,Cajamarca,Cliente ocasional
CLI000223,Sara,Saiz,Cepeda,F,33,Cajamarca,Cajamarca,Cajamarca,Cliente nuevo
CLI000224,Alejandra,Rosales,Navarrete,F,26,Jesús,Cajamarca,Cajamarca,Cliente nuevo
CLI000225,Esmeralda,Robledo,Farías,F,74,Llacanora,Cajamarca,Cajamarca,Cliente nuevo
CLI000226,Ivonne,Lara,Sepúlveda,F,75,Llacanora,Cajamarca,Cajamarca,Cliente ocasional
CLI000227,Laura,Maestas,Gamez,F,58,Jesús,Cajamarca,Cajamarca,Cliente frecuente
CLI000228,Santiago,Ayala,Partida,M,44,Cajamarca,Cajamarca,Cajamarca,Cliente ocasional
CLI000229,Anabel,Saucedo,Tejada,F,46,Jesús,Cajamarca,Cajamarca,Cliente ocasional
CLI000230,Isaac,Rosas,Bustamante,M,30,Cajamarca,Cajamarca,Cajamarca,Cliente frecuente
CLI000231,Mercedes,Solorio,Ybarra,F,68,Cajamarca,Cajamarca,Cajamarca,Cliente ocasional
CLI000232,Helena,Sáenz,Matías,F,51,Cajamarca,Cajamarca,Cajamarca,Cliente nuevo
CLI000233,Jonás,Murillo,Durán,M,40,Baños del Inca,Cajamarca,Cajamarca,Cliente frecuente
CLI000234,Augusto,Valenzuela,Delgado,M,56,Cajamarca,Cajamarca,Cajamarca,Cliente ocasional
CLI000235,Gonzalo,Suárez,Soliz,M,74,Matara,Cajamarca,Cajamarca,Cliente ocasional
CLI000236,Juan Carlos,Caraballo,Gallegos,M,57,Llacanora,Cajamarca,Cajamarca,Cliente ocasional
CLI000237,Alicia,Rivas,Guajardo,F,56,Jesús,Cajamarca,Cajamarca,Cliente frecuente
CLI000238,Diana,Portillo,Sauceda,F,82,Cajamarca,Cajamarca,Cajamarca,Cliente nuevo
CLI000239,Mitzy,Castro,Serrano,F,85,Cajamarca,Cajamarca,Cajamarca,Cliente ocasional
CLI000240,Dolores,Juárez,Sáenz,F,67,La Encañada,Cajamarca,Cajamarca,Cliente nuevo
CLI000241,Daniel,Valdivia,Melgar,M,66,Cajamarca,Cajamarca,Cajamarca,Cliente ocasional
CLI000242,José Emilio,Orosco,Tejada,M,31,Cajamarca,Cajamarca,Cajamarca,Cliente frecuente
CLI000243,Rocío,Tirado,Esparza,F,78,Matara,Cajamarca,Cajamarca,Cliente frecuente
CLI000244,Eduardo,Zepeda,Ureña,M,65,Cajamarca,Cajamarca,Cajamarca,Cliente frecuente
CLI000245,Elias,Colón,Ceja,M,32,Cajamarca,Cajamarca,Cajamarca,Cliente frecuente
CLI000246,Sofía,Vega,Ballesteros,F,84,Matara,Cajamarca,Cajamarca,Cliente ocasional
CLI000247,Sonia,Aragón,León,F,48,Cajamarca,Cajamarca,Cajamarca,Cliente nuevo
CLI000248,Isaac,Duarte,Chávez,M,26,Llacanora,Cajamarca,Cajamarca,Cliente ocasional
CLI000249,Estela,Toledo,Munguía,F,70,Cajamarca,Cajamarca,Cajamarca,Cliente frecuente
CLI000250,Cristian,Reyna,de la Garza,M,80,Cajamarca,Cajamarca,Cajamarca,Cliente frecuente
CLI000251,Esteban,Avilés,Escamilla,M,62,Cajamarca,Cajamarca,Cajamarca,Cliente ocasional
CLI000252,Elias,Pedraza,Saiz,M,72,Llacanora,Cajamarca,Cajamarca,Cliente frecuente
CLI000253,Ricardo,Anaya,Macías,M,77,Baños del Inca,Cajamarca,Cajamarca,Cliente nuevo
CLI000254,Dulce María,Serrano,Narváez,F,81,Cajamarca,Cajamarca,Cajamarca,Cliente ocasional
CLI000255,Reynaldo,Caballero,Rivero,M,24,Baños del Inca,Cajamarca,Cajamarca,Cliente ocasional
CLI000256,Lucas,Correa,Meléndez,M,50,Llacanora,Cajamarca,Cajamarca,Cliente ocasional
CLI000257,Carolina,Sauceda,Arevalo,F,31,Cajamarca,Cajamarca,Cajamarca,Cliente frecuente
CLI000258,Modesto,Aguilar,Baeza,M,57,Cajamarca,Cajamarca,Cajamarca,Cliente nuevo
CLI000259,Bernardo,Morales,Villa,M,46,Cajamarca,Cajamarca,Cajamarca,Cliente ocasional
CLI000260,Virginia,Hinojosa,Méndez,F,28,Baños del Inca,Cajamarca,Cajamarca,Cliente ocasional
CLI000261,Alicia,Dávila,Santacruz,F,72,Jesús,Cajamarca,Cajamarca,Cliente nuevo
CLI000262,Cynthia,Bustamante,Pichardo,F,47,Llacanora,Cajamarca,Cajamarca,Cliente ocasional
CLI000263,Marcos,Feliciano,de la Rosa,M,85,Baños del Inca,Cajamarca,Cajamarca,Cliente frecuente
CLI000264,Elvia,Garza,Saldaña,F,85,Baños del Inca,Cajamarca,Cajamarca,Cliente ocasional
CLI000265,Dolores,Nieves,Covarrubias,F,44,Llacanora,Cajamarca,Cajamarca,Cliente ocasional
CLI000266,Nancy,Pichardo,Piña,F,38,Cajamarca,Cajamarca,Cajamarca,Cliente ocasional
CLI000267,María Cristina,Naranjo,Fuentes,F,57,Cajamarca,Cajamarca,Cajamarca,Cliente ocasional
CLI000268,Jacinto,Quintana,Valdivia,M,43,La Encañada,Cajamarca,Cajamarca,Cliente ocasional
CLI000269,Rebeca,Rosario,Bustos,F,33,La Encañada,Cajamarca,Cajamarca,Cliente ocasional
CLI000270,Dolores,Estévez,Carrillo,F,77,La Encañada,Cajamarca,Cajamarca,Cliente ocasional
CLI000271,Angélica,Moreno,Cotto,F,73,Llacanora,Cajamarca,Cajamarca,Cliente ocasional
CLI000272,Berta,de León,Figueroa,F,66,Cajamarca,Cajamarca,Cajamarca,Cliente ocasional
CLI000273,Sara,Prieto,Esparza,F,62,Llacanora,Cajamarca,Cajamarca,Cliente ocasional
CLI000274,Marco Antonio,Angulo,Trujillo,M,64,Baños del Inca,Cajamarca,Cajamarca,Cliente frecuente
CLI000275,Diego,Jiménez,Loera,M,55,Baños del Inca,Cajamarca,Cajamarca,Cliente ocasional
CLI000276,José Emilio,Otero,Aguirre,M,32,Llacanora,Cajamarca,Cajamarca,Cliente ocasional
CLI000277,María Luisa,Soliz,Rincón,F,56,Namora,Cajamarca,Cajamarca,Cliente nuevo
CLI000278,Estela,Moreno,Saavedra,F,18,Cajamarca,Cajamarca,Cajamarca,Cliente frecuente
CLI000279,Darío,Cardenas,Colón,M,40,Cajamarca,Cajamarca,Cajamarca,Cliente ocasional
CLI000280,Noemí,Garibay,Muñoz,F,31,La Encañada,Cajamarca,Cajamarca,Cliente ocasional
CLI000281,Mauro,Ocasio,Villaseñor,M,55,Cajamarca,Cajamarca,Cajamarca,Cliente nuevo
CLI000282,Alvaro,Valencia,Mena,M,32,La Encañada,Cajamarca,Cajamarca,Cliente frecuente
CLI000283,Gonzalo,Berríos,Riojas,M,27,Matara,Cajamarca,Cajamarca,Cliente nuevo
CLI000284,María Elena,Montemayor,Treviño,F,22,Cajamarca,Cajamarca,Cajamarca,Cliente nuevo
CLI000285,Ramón,Tamez,Calvillo,M,54,Baños del Inca,Cajamarca,Cajamarca,Cliente ocasional
CLI000286,Esther,Lucio,Archuleta,F,42,Namora,Cajamarca,Cajamarca,Cliente ocasional
CLI000287,Aurelio,Villanueva,Arguello,M,52,La Encañada,Cajamarca,Cajamarca,Cliente nuevo
CLI000288,Armando,Suárez,Regalado,M,68,Llacanora,Cajamarca,Cajamarca,Cliente frecuente
CLI000289,Norma,Cardona,Olvera,F,79,Baños del Inca,Cajamarca,Cajamarca,Cliente ocasional
CLI000290,Samuel,Reyes,Roque,M,54,Llacanora,Cajamarca,Cajamarca,Cliente frecuente
CLI000291,Reynaldo,Alonzo,Corral,M,73,Cajamarca,Cajamarca,Cajamarca,Cliente nuevo
CLI000292,Guadalupe,Cervantes,Amador,F,85,La Encañada,Cajamarca,Cajamarca,Cliente frecuente
CLI000293,Camilo,Orosco,Caballero,M,55,Cajamarca,Cajamarca,Cajamarca,Cliente frecuente
CLI000294,Claudia,Téllez,Herrera,F,67,Cajamarca,Cajamarca,Cajamarca,Cliente ocasional
CLI000295,Adán,Arredondo,Batista,M,19,Cajamarca,Cajamarca,Cajamarca,Cliente ocasional
CLI000296,Raquel,Soliz,Casares,F,46,Cajamarca,Cajamarca,Cajamarca,Cliente frecuente
CLI000297,Hilda,Corral,Maldonado,F,32,Jesús,Cajamarca,Cajamarca,Cliente frecuente
CLI000298,Modesto,Guardado,Medina,M,77,Baños del Inca,Cajamarca,Cajamarca,Cliente ocasional
CLI000299,Miguel Ángel,Guerra,Pabón,M,39,Cajamarca,Cajamarca,Cajamarca,Cliente ocasional
CLI000300,Gerardo,Serrano,Marroquín,M,67,Cajamarca,Cajamarca,Cajamarca,Cliente ocasional
CLI000301,Linda,Arguello,Sáenz,F,42,Cajamarca,Cajamarca,Cajamarca,Cliente frecuente
CLI000302,Emilia,Yáñez,Enríquez,F,78,Cajamarca,Cajamarca,Cajamarca,Cliente ocasional
CLI000303,Mario,Esparza,Carrera,M,54,Llacanora,Cajamarca,Cajamarca,Cliente ocasional
CLI000304,Sergio,Rolón,Villanueva,M,62,Jesús,Cajamarca,Cajamarca,Cliente frecuente
CLI000305,Juana,Rosas,Tamayo,F,78,La Encañada,Cajamarca,Cajamarca,Cliente frecuente
CLI000306,Aida,Samaniego,Gamez,F,37,Cajamarca,Cajamarca,Cajamarca,Cliente ocasional
CLI000307,Juan Carlos,Aponte,Tamayo,M,44,Cajamarca,Cajamarca,Cajamarca,Cliente frecuente
CLI000308,María Elena,Cintrón,Lozano,F,27,Baños del Inca,Cajamarca,Cajamarca,Cliente frecuente
CLI000309,Gerardo,Soliz,Martínez,M,24,Namora,Cajamarca,Cajamarca,Cliente frecuente
CLI000310,Estela,Preciado,Vera,F,29,Jesús,Cajamarca,Cajamarca,Cliente ocasional
CLI000311,Alberto,Morales,Zarate,M,21,Matara,Cajamarca,Cajamarca,Cliente frecuente
CLI000312,Miriam,de la Crúz,Tamez,F,30,Cajamarca,Cajamarca,Cajamarca,Cliente nuevo
CLI000313,Blanca,Valladares,Negrete,F,60,Baños del Inca,Cajamarca,Cajamarca,Cliente ocasional
CLI000314,Flavio,Villa,Benítez,M,63,Jesús,Cajamarca,Cajamarca,Cliente ocasional
CLI000315,Nelly,de la Rosa,Reyna,F,80,La Encañada,Cajamarca,Cajamarca,Cliente frecuente
CLI000316,Leonor,Carranza,Caraballo,F,64,Cajamarca,Cajamarca,Cajamarca,Cliente nuevo
CLI000317,Liliana,Pacheco,Adame,F,69,Baños del Inca,Cajamarca,Cajamarca,Cliente ocasional
CLI000318,Germán,Estrada,Ávalos,M,73,Baños del Inca,Cajamarca,Cajamarca,Cliente ocasional
CLI000319,Guillermo,de la O,Sosa,M,78,Cajamarca,Cajamarca,Cajamarca,Cliente ocasional
CLI000320,Estela,Noriega,Bravo,F,33,Llacanora,Cajamarca,Cajamarca,Cliente ocasional
CLI000321,Esparta,de la Fuente,Arce,F,33,Cajamarca,Cajamarca,Cajamarca,Cliente frecuente
CLI000322,Flavio,Valenzuela,Carrillo,M,44,Cajamarca,Cajamarca,Cajamarca,Cliente frecuente
CLI000323,Mateo,Ulloa,Aranda,M,33,Cajamarca,Cajamarca,Cajamarca,Cliente nuevo
CLI000324,Isabel,Robles,Serrato,F,62,Cajamarca,Cajamarca,Cajamarca,Cliente nuevo
CLI000325,Alejandro,Espinal,Rosario,M,43,Llacanora,Cajamarca,Cajamarca,Cliente ocasional
CLI000326,Amelia,Lovato,Bustos,F,73,Cajamarca,Cajamarca,Cajamarca,Cliente nuevo
CLI000327,Claudia,Barraza,Leiva,F,43,Cajamarca,Cajamarca,Cajamarca,Cliente ocasional
CLI000328,Delia,Aguilar,Llamas,F,45,La Encañada,Cajamarca,Cajamarca,Cliente ocasional
CLI000329,Rosa,Armas,Rodríguez,F,51,Llacanora,Cajamarca,Cajamarca,Cliente nuevo
CLI000330,Gregorio,Becerra,Treviño,M,60,Baños del Inca,Cajamarca,Cajamarca,Cliente nuevo
CLI000331,Clara,Trujillo,Sierra,F,41,Cajamarca,Cajamarca,Cajamarca,Cliente frecuente
CLI000332,Serafín,Toledo,Granados,M,57,La Encañada,Cajamarca,Cajamarca,Cliente ocasional
CLI000333,Marisol,Avilés,Toro,F,23,Namora,Cajamarca,Cajamarca,Cliente nuevo
CLI000334,Irma,Gil,Terán,F,29,La Encañada,Cajamarca,Cajamarca,Cliente frecuente
CLI000335,Karina,Rivera,Brito,F,61,La Encañada,Cajamarca,Cajamarca,Cliente frecuente
CLI000336,Elvira,Aparicio,Alejandro,F,85,Baños del Inca,Cajamarca,Cajamarca,Cliente ocasional
CLI000337,Lilia,Olvera,Valadez,F,29,Cajamarca,Cajamarca,Cajamarca,Cliente ocasional
CLI000338,Benjamín,Quintana,Domínguez,M,25,Baños del Inca,Cajamarca,Cajamarca,Cliente frecuente
CLI000339,Claudia,Granado,de Anda,F,58,Namora,Cajamarca,Cajamarca,Cliente frecuente
CLI000340,Noemí,Feliciano,Santana,F,19,La Encañada,Cajamarca,Cajamarca,Cliente nuevo
CLI000341,Ilse,Pabón,Leiva,F,79,Cajamarca,Cajamarca,Cajamarca,Cliente nuevo
CLI000342,Enrique,Rocha,Caballero,M,34,Cajamarca,Cajamarca,Cajamarca,Cliente frecuente
CLI000343,Adán,Montañez,Benavídez,M,40,Cajamarca,Cajamarca,Cajamarca,Cliente frecuente
CLI000344,Caridad,Valverde,Sierra,F,69,Llacanora,Cajamarca,Cajamarca,Cliente ocasional
CLI000345,Germán,Rojo,Córdova,M,26,Cajamarca,Cajamarca,Cajamarca,Cliente frecuente
CLI000346,Javier,del Río,Saldaña,M,58,La Encañada,Cajamarca,Cajamarca,Cliente frecuente
CLI000347,Nayeli,Carrillo,Chávez,F,24,Llacanora,Cajamarca,Cajamarca,Cliente ocasional
CLI000348,Abel,Ojeda,Burgos,M,74,Llacanora,Cajamarca,Cajamarca,Cliente frecuente
CLI000349,Pablo,Peralta,Valverde,M,81,Cajamarca,Cajamarca,Cajamarca,Cliente frecuente
CLI000350,Ilse,Sepúlveda,Moya,F,75,Cajamarca,Cajamarca,Cajamarca,Cliente frecuente
CLI000351,Antonia,Villareal,Alonso,F,75,La Encañada,Cajamarca,Cajamarca,Cliente ocasional
CLI000352,Gilberto,Granados,Carrillo,M,71,Matara,Cajamarca,Cajamarca,Cliente ocasional
CLI000353,José María,Guevara,Maestas,M,31,Cajamarca,Cajamarca,Cajamarca,Cliente frecuente
CLI000354,Teodoro,Velázquez,Valverde,M,28,Cajamarca,Cajamarca,Cajamarca,Cliente frecuente
CLI000355,Ernesto,Maldonado,Tapia,M,22,Cajamarca,Cajamarca,Cajamarca,Cliente ocasional
CLI000356,Abraham,Anaya,Monroy,M,18,Namora,Cajamarca,Cajamarca,Cliente ocasional
CLI000357,Concepción,Reynoso,Villanueva,F,43,Llacanora,Cajamarca,Cajamarca,Cliente nuevo
CLI000358,Ariadna,Guerra,Rodríguez,F,81,Cajamarca,Cajamarca,Cajamarca,Cliente nuevo
CLI000359,Eloy,Zepeda,Sandoval,M,49,Namora,Cajamarca,Cajamarca,Cliente frecuente
CLI000360,Octavio,Carreón,Barreto,M,71,Baños del Inca,Cajamarca,Cajamarca,Cliente ocasional
CLI000361,Cristian,Acuña,Suárez,M,37,Llacanora,Cajamarca,Cajamarca,Cliente nuevo
CLI000362,Gloria,Cordero,Pantoja,F,78,Cajamarca,Cajamarca,Cajamarca,Cliente ocasional
CLI000363,Esmeralda,Almonte,Quiroz,F,40,Baños del Inca,Cajamarca,Cajamarca,Cliente ocasional
CLI000364,Uriel,Lucero,Corona,M,83,Cajamarca,Cajamarca,Cajamarca,Cliente nuevo
CLI000365,Juan,Adame,Quiroz,M,43,Baños del Inca,Cajamarca,Cajamarca,Cliente nuevo
CLI000366,Patricia,Casas,Caldera,F,30,Baños del Inca,Cajamarca,Cajamarca,Cliente frecuente
CLI000367,Gabino,Meléndez,Quiroz,M,35,Jesús,Cajamarca,Cajamarca,Cliente nuevo
CLI000368,Armando,Olmos,Lara,M,55,Matara,Cajamarca,Cajamarca,Cliente nuevo
CLI000369,Luz,Quiroz,Luevano,F,78,Jesús,Cajamarca,Cajamarca,Cliente ocasional
CLI000370,Esmeralda,Ramírez,Partida,F,25,Baños del Inca,Cajamarca,Cajamarca,Cliente nuevo
CLI000371,Modesto,Lucio,Marroquín,M,60,Cajamarca,Cajamarca,Cajamarca,Cliente ocasional
CLI000372,Enrique,Canales,Ulibarri,M,58,Baños del Inca,Cajamarca,Cajamarca,Cliente frecuente
CLI000373,Aldo,Flores,Gallardo,M,35,Cajamarca,Cajamarca,Cajamarca,Cliente ocasional
CLI000374,Ignacio,Páez,Garza,M,66,Cajamarca,Cajamarca,Cajamarca,Cliente nuevo
CLI000375,Verónica,Melgar,de Jesús,F,68,Jesús,Cajamarca,Cajamarca,Cliente ocasional
CLI000376,Bruno,Godínez,Olmos,M,21,Matara,Cajamarca,Cajamarca,Cliente nuevo
CLI000377,Cristian,Zaragoza,Meza,M,19,Baños del Inca,Cajamarca,Cajamarca,Cliente nuevo
CLI000378,René,Ortega,Franco,M,57,Cajamarca,Cajamarca,Cajamarca,Cliente frecuente
CLI000379,Rocío,Ulloa,Madrigal,F,35,Baños del Inca,Cajamarca,Cajamarca,Cliente ocasional
CLI000380,Natalia,Tijerina,Ochoa,F,21,Llacanora,Cajamarca,Cajamarca,Cliente ocasional
CLI000381,Verónica,Irizarry,Montenegro,F,23,Cajamarca,Cajamarca,Cajamarca,Cliente nuevo
CLI000382,Mauricio,Guerra,del Río,M,84,Baños del Inca,Cajamarca,Cajamarca,Cliente ocasional
CLI000383,Pedro,Madrid,Archuleta,M,56,Cajamarca,Cajamarca,Cajamarca,Cliente frecuente
CLI000384,Zacarías,Estévez,Macías,M,31,Cajamarca,Cajamarca,Cajamarca,Cliente ocasional
CLI000385,Enrique,Posada,Vera,M,61,Jesús,Cajamarca,Cajamarca,Cliente ocasional
CLI000386,Camila,Rael,Núñez,F,73,Llacanora,Cajamarca,Cajamarca,Cliente frecuente
CLI000387,Salma,Salgado,Bahena,F,85,Namora,Cajamarca,Cajamarca,Cliente nuevo
CLI000388,Reina,Maldonado,Arce,F,68,La Encañada,Cajamarca,Cajamarca,Cliente ocasional
CLI000389,Teodoro,Serrano,Miranda,M,30,La Encañada,Cajamarca,Cajamarca,Cliente ocasional
CLI000390,Rolando,Lugo,Pedraza,M,40,Cajamarca,Cajamarca,Cajamarca,Cliente ocasional
CLI000391,Elena,Téllez,Segura,F,69,Cajamarca,Cajamarca,Cajamarca,Cliente frecuente
CLI000392,Hugo,Santillán,Montez,M,34,Cajamarca,Cajamarca,Cajamarca,Cliente ocasional
CLI000393,Irene,Ordóñez,Sotelo,F,60,Cajamarca,Cajamarca,Cajamarca,Cliente frecuente
CLI000394,Dulce María,Alcántar,Pérez,F,55,Llacanora,Cajamarca,Cajamarca,Cliente nuevo
CLI000395,Mitzy,Portillo,Ontiveros,F,22,Cajamarca,Cajamarca,Cajamarca,Cliente nuevo
CLI000396,Rosalia,Narváez,Guerrero,F,33,Cajamarca,Cajamarca,Cajamarca,Cliente ocasional
CLI000397,Rolando,Viera,Ocasio,M,73,Cajamarca,Cajamarca,Cajamarca,Cliente nuevo
CLI000398,Isabel,Anaya,Carbajal,F,27,Llacanora,Cajamarca,Cajamarca,Cliente nuevo
CLI000399,Elsa,Galván,del Río,F,27,Matara,Cajamarca,Cajamarca,Cliente frecuente
CLI000400,Marisela,Orta,Rojas,F,46,Cajamarca,Cajamarca,Cajamarca,Cliente ocasional
CLI000401,Celia,Puga,Serna,F,61,Baños del Inca,Cajamarca,Cajamarca,Cliente frecuente
CLI000402,Cynthia,Niño,Angulo,F,20,Llacanora,Cajamarca,Cajamarca,Cliente ocasional
CLI000403,Ricardo,Bravo,Campos,M,31,Cajamarca,Cajamarca,Cajamarca,Cliente frecuente
CLI000404,Claudio,Gamboa,Otero,M,36,Cajamarca,Cajamarca,Cajamarca,Cliente frecuente
CLI000405,Cornelio,Reyna,Zaragoza,M,63,Jesús,Cajamarca,Cajamarca,Cliente frecuente
CLI000406,Jorge Luis,Sevilla,Calvillo,M,28,Cajamarca,Cajamarca,Cajamarca,Cliente nuevo
CLI000407,Liliana,Gollum,Mayorga,F,32,Jesús,Cajamarca,Cajamarca,Cliente nuevo
CLI000408,Gloria,Acosta,Calderón,F,32,Baños del Inca,Cajamarca,Cajamarca,Cliente nuevo
CLI000409,Antonio,Mondragón,Corona,M,45,Matara,Cajamarca,Cajamarca,Cliente ocasional
CLI000410,Maximiliano,Pedraza,Camacho,M,47,Cajamarca,Cajamarca,Cajamarca,Cliente frecuente
CLI000411,Carlos,Espino,Urrutia,M,34,Cajamarca,Cajamarca,Cajamarca,Cliente nuevo
CLI000412,Mariana,Mondragón,Villegas,F,44,Baños del Inca,Cajamarca,Cajamarca,Cliente nuevo
CLI000413,Cristal,Castellanos,Briseño,F,80,Cajamarca,Cajamarca,Cajamarca,Cliente frecuente
CLI000414,Jorge Luis,Granado,Córdova,M,64,Cajamarca,Cajamarca,Cajamarca,Cliente frecuente
CLI000415,Magdalena,Robledo,Camacho,F,84,La Encañada,Cajamarca,Cajamarca,Cliente frecuente
CLI000416,Roberto,Piña,Ceja,M,50,Cajamarca,Cajamarca,Cajamarca,Cliente ocasional
CLI000417,Arcelia,Alonso,Rivas,F,27,La Encañada,Cajamarca,Cajamarca,Cliente frecuente
CLI000418,Lorena,Barajas,Quintanilla,F,57,Cajamarca,Cajamarca,Cajamarca,Cliente ocasional
CLI000419,Marisol,Ballesteros,Rangel,F,69,Cajamarca,Cajamarca,Cajamarca,Cliente nuevo
CLI000420,María José,Montoya,Calvillo,F,29,Cajamarca,Cajamarca,Cajamarca,Cliente frecuente
CLI000421,Alvaro,Pantoja,Durán,M,64,Cajamarca,Cajamarca,Cajamarca,Cliente frecuente
CLI000422,Lourdes,Barrientos,Herrera,F,64,Namora,Cajamarca,Cajamarca,Cliente frecuente
CLI000423,Yeni,Trejo,Soria,F,24,Cajamarca,Cajamarca,Cajamarca,Cliente frecuente
CLI000424,Gerónimo,Pineda,Cardona,M,47,Cajamarca,Cajamarca,Cajamarca,Cliente ocasional
CLI000425,Jos,de la Garza,Alba,M,67,Baños del Inca,Cajamarca,Cajamarca,Cliente ocasional
CLI000426,David,Zarate,Zelaya,M,19,La Encañada,Cajamarca,Cajamarca,Cliente nuevo
CLI000427,Georgina,Holguín,Puga,F,54,Cajamarca,Cajamarca,Cajamarca,Cliente ocasional
CLI000428,Aurora,Gastélum,Nava,F,23,Jesús,Cajamarca,Cajamarca,Cliente ocasional
CLI000429,Augusto,Partida,Borrego,M,58,Baños del Inca,Cajamarca,Cajamarca,Cliente frecuente
CLI000430,Samuel,Jaime,Matos,M,71,Cajamarca,Cajamarca,Cajamarca,Cliente ocasional
CLI000431,Marco Antonio,Véliz,Márquez,M,79,Cajamarca,Cajamarca,Cajamarca,Cliente ocasional
CLI000432,Eloisa,Zedillo,Soria,F,63,Cajamarca,Cajamarca,Cajamarca,Cliente ocasional
CLI000433,Espartaco,Suárez,Perea,M,81,Baños del Inca,Cajamarca,Cajamarca,Cliente frecuente
CLI000434,Gilberto,Aponte,Vaca,M,73,Cajamarca,Cajamarca,Cajamarca,Cliente frecuente
CLI000435,Reina,Heredia,Soto,F,70,Baños del Inca,Cajamarca,Cajamarca,Cliente frecuente
CLI000436,María Cristina,López,Pedraza,F,29,Cajamarca,Cajamarca,Cajamarca,Cliente frecuente
CLI000437,Esperanza,Franco,Villanueva,F,70,La Encañada,Cajamarca,Cajamarca,Cliente frecuente
CLI000438,Martín,Curiel,Muñiz,M,39,Jesús,Cajamarca,Cajamarca,Cliente nuevo
CLI000439,Rafaél,Mares,Jaimes,M,29,La Encañada,Cajamarca,Cajamarca,Cliente nuevo
CLI000440,Jacinto,Carmona,Zelaya,M,84,Cajamarca,Cajamarca,Cajamarca,Cliente frecuente
CLI000441,Emilia,Abreu,Fajardo,F,84,Cajamarca,Cajamarca,Cajamarca,Cliente ocasional
CLI000442,Timoteo,Yáñez,Miranda,M,53,Jesús,Cajamarca,Cajamarca,Cliente frecuente
CLI000443,Victoria,Matías,Casillas,F,74,Cajamarca,Cajamarca,Cajamarca,Cliente nuevo
CLI000444,Soledad,Miramontes,Palomino,F,52,Cajamarca,Cajamarca,Cajamarca,Cliente ocasional
CLI000445,Manuel,Riojas,Ocampo,M,73,La Encañada,Cajamarca,Cajamarca,Cliente nuevo
CLI000446,Tania,Carbajal,Nieves,F,38,Cajamarca,Cajamarca,Cajamarca,Cliente frecuente
CLI000447,Lucía,Regalado,Viera,F,45,Jesús,Cajamarca,Cajamarca,Cliente ocasional
CLI000448,Helena,Vargas,Ocasio,F,56,Baños del Inca,Cajamarca,Cajamarca,Cliente ocasional
CLI000449,Isabel,Alcaraz,Moya,F,74,Cajamarca,Cajamarca,Cajamarca,Cliente ocasional
CLI000450,Juan Carlos,Montoya,Heredia,M,26,Baños del Inca,Cajamarca,Cajamarca,Cliente ocasional
CLI000451,Octavio,Alarcón,Murillo,M,44,Cajamarca,Cajamarca,Cajamarca,Cliente frecuente
CLI000452,Lilia,Robledo,Armendáriz,F,68,Baños del Inca,Cajamarca,Cajamarca,Cliente nuevo
CLI000453,Tomás,Altamirano,Lozano,M,39,Baños del Inca,Cajamarca,Cajamarca,Cliente frecuente
CLI000454,Reynaldo,Tovar,Ayala,M,33,Cajamarca,Cajamarca,Cajamarca,Cliente ocasional
CLI000455,Berta,Menéndez,Preciado,F,29,Cajamarca,Cajamarca,Cajamarca,Cliente frecuente
CLI000456,Gregorio,Olivo,Macías,M,65,Cajamarca,Cajamarca,Cajamarca,Cliente frecuente
CLI000457,Wendolin,Hinojosa,Acevedo,F,55,Cajamarca,Cajamarca,Cajamarca,Cliente ocasional
CLI000458,Delia,Gamez,Baeza,F,81,Baños del Inca,Cajamarca,Cajamarca,Cliente frecuente
CLI000459,Augusto,Girón,del Valle,M,80,La Encañada,Cajamarca,Cajamarca,Cliente frecuente
CLI000460,Amelia,Navarro,Tirado,F,37,Baños del Inca,Cajamarca,Cajamarca,Cliente ocasional
CLI000461,María,Candelaria,Terán,F,51,Cajamarca,Cajamarca,Cajamarca,Cliente nuevo
CLI000462,Rafaél,Ayala,Longoria,M,27,Cajamarca,Cajamarca,Cajamarca,Cliente ocasional
CLI000463,Camila,Cardenas,Peralta,F,70,Cajamarca,Cajamarca,Cajamarca,Cliente nuevo
CLI000464,Elisa,Carrión,Barrera,F,64,Jesús,Cajamarca,Cajamarca,Cliente ocasional
CLI000465,Aurora,Becerra,Villalpando,F,23,Cajamarca,Cajamarca,Cajamarca,Cliente ocasional
CLI000466,Yuridia,Oquendo,Arce,F,32,Namora,Cajamarca,Cajamarca,Cliente ocasional
CLI000467,Darío,Quintana,Valenzuela,M,32,Cajamarca,Cajamarca,Cajamarca,Cliente frecuente
CLI000468,Aldonza,Llamas,Paredes,F,72,Cajamarca,Cajamarca,Cajamarca,Cliente ocasional
CLI000469,José Luis,Valdés,Quintana,M,43,Jesús,Cajamarca,Cajamarca,Cliente ocasional
CLI000470,Eugenio,Ávalos,Pedroza,M,60,Jesús,Cajamarca,Cajamarca,Cliente ocasional
CLI000471,Gloria,Cornejo,Jaramillo,F,26,Namora,Cajamarca,Cajamarca,Cliente frecuente
CLI000472,René,de Anda,Zepeda,M,32,Baños del Inca,Cajamarca,Cajamarca,Cliente nuevo
CLI000473,Karla,Arriaga,Barrientos,F,54,Namora,Cajamarca,Cajamarca,Cliente ocasional
CLI000474,Mauro,Vela,Paz,M,64,Cajamarca,Cajamarca,Cajamarca,Cliente ocasional
CLI000475,María Luisa,Quintana,Contreras,F,62,Llacanora,Cajamarca,Cajamarca,Cliente frecuente
CLI000476,Abel,Loera,Cabrera,M,26,Cajamarca,Cajamarca,Cajamarca,Cliente frecuente
CLI000477,Camila,Posada,Espinosa,F,22,Jesús,Cajamarca,Cajamarca,Cliente ocasional
CLI000478,Héctor,Ríos,Soria,M,26,Baños del Inca,Cajamarca,Cajamarca,Cliente ocasional
CLI000479,Zacarías,Corona,Flórez,M,54,Baños del Inca,Cajamarca,Cajamarca,Cliente ocasional
CLI000480,Javier,Crespo,Lucero,M,56,Cajamarca,Cajamarca,Cajamarca,Cliente ocasional
CLI000481,Aldo,Candelaria,Espinoza,M,45,La Encañada,Cajamarca,Cajamarca,Cliente ocasional
CLI000482,María Elena,Olvera,Bermúdez,F,58,Jesús,Cajamarca,Cajamarca,Cliente frecuente
CLI000483,Isabela,Ornelas,Benavídez,F,54,Cajamarca,Cajamarca,Cajamarca,Cliente ocasional
CLI000484,Adela,Navarro,Velázquez,F,83,Cajamarca,Cajamarca,Cajamarca,Cliente ocasional
CLI000485,Bernabé,Lebrón,Urías,M,66,Cajamarca,Cajamarca,Cajamarca,Cliente ocasional
CLI000486,Dulce María,Esquivel,Molina,F,73,Llacanora,Cajamarca,Cajamarca,Cliente ocasional
CLI000487,Esparta,Cabán,Madrigal,F,41,Baños del Inca,Cajamarca,Cajamarca,Cliente ocasional
CLI000488,Nancy,Valenzuela,Carranza,F,27,Matara,Cajamarca,Cajamarca,Cliente nuevo
CLI000489,Natividad,Beltrán,Garza,F,45,Cajamarca,Cajamarca,Cajamarca,Cliente ocasional
CLI000490,María del Carmen,Valdez,Montero,F,28,Cajamarca,Cajamarca,Cajamarca,Cliente ocasional
CLI000491,Carlota,de la Rosa,Cornejo,F,20,Baños del Inca,Cajamarca,Cajamarca,Cliente ocasional
CLI000492,Evelio,Urías,Hernádez,M,71,La Encañada,Cajamarca,Cajamarca,Cliente ocasional
CLI000493,Clemente,Orellana,Heredia,M,57,La Encañada,Cajamarca,Cajamarca,Cliente frecuente
CLI000494,Patricia,Rodríguez,Naranjo,F,28,Namora,Cajamarca,Cajamarca,Cliente frecuente
CLI000495,Eugenio,Escobedo,Domínguez,M,80,Cajamarca,Cajamarca,Cajamarca,Cliente ocasional
CLI000496,Isabela,Rojo,Barragán,F,42,La Encañada,Cajamarca,Cajamarca,Cliente ocasional
CLI000497,Sandra,Yáñez,Cervántez,F,27,Baños del Inca,Cajamarca,Cajamarca,Cliente ocasional
CLI000498,Rosalia,Llamas,Téllez,F,27,Baños del Inca,Cajamarca,Cajamarca,Cliente nuevo
CLI000499,Alvaro,Vaca,Montaño,M,50,Cajamarca,Cajamarca,Cajamarca,Cliente nuevo
CLI000500,Elena,Leal,Rojo,F,58,Baños del Inca,Cajamarca,Cajamarca,Cliente frecuente
CLI000501,Salma,Aponte,Magaña,F,42,Jesús,Cajamarca,Cajamarca,Cliente ocasional
CLI000502,Catalina,Jasso,Rentería,F,53,Llacanora,Cajamarca,Cajamarca,Cliente nuevo
CLI000503,Julio César,Candelaria,Franco,M,83,Cajamarca,Cajamarca,Cajamarca,Cliente ocasional
CLI000504,Georgina,Castañeda,Holguín,F,66,Baños del Inca,Cajamarca,Cajamarca,Cliente frecuente
CLI000505,Teresa,Pedroza,Becerra,F,36,Matara,Cajamarca,Cajamarca,Cliente frecuente
CLI000506,María Luisa,Mata,Limón,F,69,Cajamarca,Cajamarca,Cajamarca,Cliente frecuente
CLI000507,Isaac,Ceja,Arreola,M,19,Cajamarca,Cajamarca,Cajamarca,Cliente nuevo
CLI000508,Andrea,Lovato,Puga,F,34,La Encañada,Cajamarca,Cajamarca,Cliente ocasional
CLI000509,Bernabé,Ferrer,Fierro,M,38,La Encañada,Cajamarca,Cajamarca,Cliente nuevo
CLI000510,Natalia,Alba,Anguiano,F,74,Baños del Inca,Cajamarca,Cajamarca,Cliente nuevo
CLI000511,Graciela,Ferrer,Amaya,F,84,Baños del Inca,Cajamarca,Cajamarca,Cliente ocasional
CLI000512,Rosario,Matos,Cabrera,F,33,Baños del Inca,Cajamarca,Cajamarca,Cliente ocasional
CLI000513,Esmeralda,Samaniego,Soliz,F,58,Baños del Inca,Cajamarca,Cajamarca,Cliente ocasional
CLI000514,Luis,Mesa,Toledo,M,65,Cajamarca,Cajamarca,Cajamarca,Cliente ocasional
CLI000515,Víctor,Gaona,Arias,M,70,Baños del Inca,Cajamarca,Cajamarca,Cliente ocasional
CLI000516,Isabel,Velásquez,Salcedo,F,82,Cajamarca,Cajamarca,Cajamarca,Cliente frecuente
CLI000517,Óscar,Portillo,Bañuelos,M,51,Llacanora,Cajamarca,Cajamarca,Cliente nuevo
CLI000518,Rosario,Monroy,Naranjo,F,26,Baños del Inca,Cajamarca,Cajamarca,Cliente frecuente
CLI000519,Felipe,Toro,Hernández,M,70,La Encañada,Cajamarca,Cajamarca,Cliente frecuente
CLI000520,Rodrigo,Sosa,Montañez,M,35,Cajamarca,Cajamarca,Cajamarca,Cliente ocasional
CLI000521,Leonor,Terrazas,Blanco,F,39,Jesús,Cajamarca,Cajamarca,Cliente ocasional
CLI000522,Agustín,Prieto,Rivero,M,59,Baños del Inca,Cajamarca,Cajamarca,Cliente frecuente
CLI000523,Amador,Zamora,Arenas,M,78,Jesús,Cajamarca,Cajamarca,Cliente ocasional
CLI000524,María Eugenia,Concepción,Rojas,F,56,Cajamarca,Cajamarca,Cajamarca,Cliente ocasional
CLI000525,Lorenzo,Casárez,Moya,M,32,Matara,Cajamarca,Cajamarca,Cliente nuevo
CLI000526,Cornelio,Jaime,Carvajal,M,45,Llacanora,Cajamarca,Cajamarca,Cliente nuevo
CLI000527,Germán,Pichardo,Garza,M,35,Baños del Inca,Cajamarca,Cajamarca,Cliente nuevo
CLI000528,Sessa,Franco,Ledesma,F,58,Llacanora,Cajamarca,Cajamarca,Cliente nuevo
CLI000529,Dolores,Rincón,Aguirre,F,45,Cajamarca,Cajamarca,Cajamarca,Cliente frecuente
CLI000530,Blanca,Arellano,Suárez,F,44,Baños del Inca,Cajamarca,Cajamarca,Cliente ocasional
CLI000531,Nicolás,Montoya,de León,M,69,Baños del Inca,Cajamarca,Cajamarca,Cliente ocasional
CLI000532,Karina,Centeno,Farías,F,79,Cajamarca,Cajamarca,Cajamarca,Cliente nuevo
CLI000533,Tomás,Madera,Duarte,M,35,Cajamarca,Cajamarca,Cajamarca,Cliente frecuente
CLI000534,Georgina,Prado,Llamas,F,65,Cajamarca,Cajamarca,Cajamarca,Cliente nuevo
CLI000535,Lorena,Pulido,Valadez,F,79,Cajamarca,Cajamarca,Cajamarca,Cliente frecuente
CLI000536,Lucía,Fernández,Burgos,F,52,Cajamarca,Cajamarca,Cajamarca,Cliente nuevo
CLI000537,Leonardo,Núñez,Nazario,M,55,Cajamarca,Cajamarca,Cajamarca,Cliente frecuente
CLI000538,Dulce,Zúñiga,Tórrez,F,53,Cajamarca,Cajamarca,Cajamarca,Cliente frecuente
CLI000539,Teodoro,Vega,Saiz,M,33,Matara,Cajamarca,Cajamarca,Cliente nuevo
CLI000540,Guillermo,Mateo,Griego,M,61,Baños del Inca,Cajamarca,Cajamarca,Cliente nuevo
CLI000541,Jesús,Urbina,Burgos,M,83,Cajamarca,Cajamarca,Cajamarca,Cliente frecuente
CLI000542,Dalia,Jasso,Escobar,F,78,Cajamarca,Cajamarca,Cajamarca,Cliente ocasional
CLI000543,Angélica,Rincón,del Valle,F,27,Llacanora,Cajamarca,Cajamarca,Cliente ocasional
CLI000544,Dulce María,Garza,Mares,F,68,Cajamarca,Cajamarca,Cajamarca,Cliente ocasional
CLI000545,Zacarías,Palomo,Robledo,M,35,Cajamarca,Cajamarca,Cajamarca,Cliente nuevo
CLI000546,Mauro,Arias,Lara,M,56,La Encañada,Cajamarca,Cajamarca,Cliente ocasional
CLI000547,Humberto,Bustos,Arredondo,M,28,Jesús,Cajamarca,Cajamarca,Cliente ocasional
CLI000548,Esther,Rivera,Miramontes,F,41,Cajamarca,Cajamarca,Cajamarca,Cliente nuevo
CLI000549,Victoria,Barrera,Ontiveros,F,48,Cajamarca,Cajamarca,Cajamarca,Cliente nuevo
CLI000550,Ramón,Segura,Prado,M,40,Baños del Inca,Cajamarca,Cajamarca,Cliente frecuente
CLI000551,Graciela,Peralta,Bustos,F,36,Baños del Inca,Cajamarca,Cajamarca,Cliente ocasional
CLI000552,Bianca,Lemus,Casares,F,57,Baños del Inca,Cajamarca,Cajamarca,Cliente ocasional
CLI000553,Andrés,Solorio,Ceballos,M,83,Cajamarca,Cajamarca,Cajamarca,Cliente frecuente
CLI000554,Gerónimo,Melgar,Velázquez,M,75,Cajamarca,Cajamarca,Cajamarca,Cliente nuevo
CLI000555,Guadalupe,Gastélum,Jaimes,F,64,Matara,Cajamarca,Cajamarca,Cliente ocasional
CLI000556,Víctor,Jimínez,Alcántar,M,39,Cajamarca,Cajamarca,Cajamarca,Cliente frecuente
CLI000557,Horacio,de la Rosa,Valles,M,24,Namora,Cajamarca,Cajamarca,Cliente frecuente
CLI000558,Esther,Rosales,Leiva,F,61,Cajamarca,Cajamarca,Cajamarca,Cliente nuevo
CLI000559,Maximiliano,Sisneros,Benavídez,M,46,Cajamarca,Cajamarca,Cajamarca,Cliente nuevo
CLI000560,Roberto,Cazares,Jáquez,M,18,Llacanora,Cajamarca,Cajamarca,Cliente ocasional
CLI000561,Gustavo,Otero,Aguilera,M,72,Cajamarca,Cajamarca,Cajamarca,Cliente ocasional
CLI000562,Ernesto,Ornelas,Cabán,M,74,Cajamarca,Cajamarca,Cajamarca,Cliente frecuente
CLI000563,Rosa,Nevárez,Páez,F,57,Baños del Inca,Cajamarca,Cajamarca,Cliente frecuente
CLI000564,Noemí,Aguilar,Valdivia,F,54,Baños del Inca,Cajamarca,Cajamarca,Cliente ocasional
CLI000565,Abigail,Barrios,Baca,F,28,La Encañada,Cajamarca,Cajamarca,Cliente nuevo
CLI000566,Aida,Arias,Martínez,F,64,La Encañada,Cajamarca,Cajamarca,Cliente frecuente
CLI000567,Cristobal,Almaraz,Alonso,M,29,Baños del Inca,Cajamarca,Cajamarca,Cliente ocasional
CLI000568,Óscar,Ávalos,Almanza,M,70,Cajamarca,Cajamarca,Cajamarca,Cliente frecuente
CLI000569,Paulina,Cardenas,Quiroz,F,45,Cajamarca,Cajamarca,Cajamarca,Cliente frecuente
CLI000570,Ana,Farías,Villegas,F,36,Jesús,Cajamarca,Cajamarca,Cliente ocasional
CLI000571,Elias,Salcedo,Fernández,M,58,Baños del Inca,Cajamarca,Cajamarca,Cliente ocasional
CLI000572,Francisco,Arellano,Niño,M,59,Llacanora,Cajamarca,Cajamarca,Cliente frecuente
CLI000573,Mauricio,Apodaca,Feliciano,M,78,Baños del Inca,Cajamarca,Cajamarca,Cliente frecuente
CLI000574,Alfonso,Marrero,Sosa,M,41,Llacanora,Cajamarca,Cajamarca,Cliente ocasional
CLI000575,Pascual,Romero,Rangel,M,76,Cajamarca,Cajamarca,Cajamarca,Cliente ocasional
CLI000576,Raúl,Caldera,Peres,M,21,Baños del Inca,Cajamarca,Cajamarca,Cliente ocasional
CLI000577,Wendolin,Pabón,Bernal,F,38,Baños del Inca,Cajamarca,Cajamarca,Cliente frecuente
CLI000578,Aurora,Magaña,Pacheco,F,53,Jesús,Cajamarca,Cajamarca,Cliente ocasional
CLI000579,Elvia,Moya,Botello,F,55,Matara,Cajamarca,Cajamarca,Cliente ocasional
CLI000580,Aurelio,Adame,Escamilla,M,52,Cajamarca,Cajamarca,Cajamarca,Cliente frecuente
CLI000581,Aldo,Guillen,Segura,M,80,Cajamarca,Cajamarca,Cajamarca,Cliente frecuente
CLI000582,Gerardo,Arellano,Arroyo,M,39,Cajamarca,Cajamarca,Cajamarca,Cliente nuevo
CLI000583,Georgina,Adame,Fonseca,F,37,Jesús,Cajamarca,Cajamarca,Cliente ocasional
CLI000584,Abigail,Aguilar,Mares,F,79,Cajamarca,Cajamarca,Cajamarca,Cliente ocasional
CLI000585,Clara,Orellana,Estrada,F,37,Matara,Cajamarca,Cajamarca,Cliente frecuente
CLI000586,Martín,Briseño,Prado,M,85,Namora,Cajamarca,Cajamarca,Cliente ocasional
CLI000587,Oswaldo,Calvillo,Miranda,M,84,Cajamarca,Cajamarca,Cajamarca,Cliente frecuente
CLI000588,Jos,Domínguez,Villareal,M,75,Baños del Inca,Cajamarca,Cajamarca,Cliente ocasional
CLI000589,Germán,Armendáriz,Bonilla,M,29,Baños del Inca,Cajamarca,Cajamarca,Cliente ocasional
CLI000590,Carlota,Peralta,Quiñónez,F,24,Cajamarca,Cajamarca,Cajamarca,Cliente ocasional
CLI000591,Amalia,Segura,Cabán,F,67,Cajamarca,Cajamarca,Cajamarca,Cliente frecuente
CLI000592,Catalina,Zarate,Rascón,F,75,Namora,Cajamarca,Cajamarca,Cliente frecuente
CLI000593,María José,Almonte,Mojica,F,82,Baños del Inca,Cajamarca,Cajamarca,Cliente ocasional
CLI000594,Pablo,Zayas,Delgadillo,M,77,Llacanora,Cajamarca,Cajamarca,Cliente ocasional
CLI000595,Serafín,de la O,Figueroa,M,42,Namora,Cajamarca,Cajamarca,Cliente nuevo
CLI000596,Teodoro,Sauceda,Barreto,M,67,Cajamarca,Cajamarca,Cajamarca,Cliente ocasional
CLI000597,Cynthia,Estrada,Salazar,F,66,Cajamarca,Cajamarca,Cajamarca,Cliente ocasional
CLI000598,Ángel,Cazares,Ruiz,M,74,Cajamarca,Cajamarca,Cajamarca,Cliente ocasional
CLI000599,Úrsula,Campos,Sepúlveda,F,30,Cajamarca,Cajamarca,Cajamarca,Cliente frecuente
CLI000600,Linda,Casillas,Nazario,F,42,Cajamarca,Cajamarca,Cajamarca,Cliente frecuente
CLI000601,Noelia,Casares,Cervántez,F,47,Baños del Inca,Cajamarca,Cajamarca,Cliente ocasional
CLI000602,Serafín,Villegas,Zamudio,M,19,Matara,Cajamarca,Cajamarca,Cliente ocasional
CLI000603,Barbara,Loya,Sáenz,F,68,Cajamarca,Cajamarca,Cajamarca,Cliente nuevo
CLI000604,Agustín,Padrón,Rodríguez,M,82,Jesús,Cajamarca,Cajamarca,Cliente frecuente
CLI000605,Jorge,Martínez,Hurtado,M,78,Baños del Inca,Cajamarca,Cajamarca,Cliente nuevo
CLI000606,Natividad,Martínez,Badillo,F,57,Cajamarca,Cajamarca,Cajamarca,Cliente ocasional
CLI000607,Lorena,Ortega,Godínez,F,32,Cajamarca,Cajamarca,Cajamarca,Cliente frecuente
CLI000608,Hermelinda,Caldera,Ortega,F,82,Baños del Inca,Cajamarca,Cajamarca,Cliente ocasional
CLI000609,Marisol,Pedroza,Sisneros,F,51,La Encañada,Cajamarca,Cajamarca,Cliente ocasional
CLI000610,Diego,Mateo,Verdugo,M,76,Cajamarca,Cajamarca,Cajamarca,Cliente ocasional
CLI000611,María del Carmen,Estévez,Hernández,F,29,Llacanora,Cajamarca,Cajamarca,Cliente nuevo
CLI000612,Nayeli,Bustos,Chavarría,F,38,Cajamarca,Cajamarca,Cajamarca,Cliente ocasional
CLI000613,Estela,Casanova,Reséndez,F,59,Cajamarca,Cajamarca,Cajamarca,Cliente ocasional
CLI000614,Úrsula,Cruz,Ocampo,F,34,Llacanora,Cajamarca,Cajamarca,Cliente nuevo
CLI000615,Guillermo,Garrido,Palomo,M,28,Cajamarca,Cajamarca,Cajamarca,Cliente ocasional
CLI000616,Leonardo,Coronado,Sierra,M,67,Cajamarca,Cajamarca,Cajamarca,Cliente frecuente
CLI000617,Claudia,Vega,Alvarado,F,44,Baños del Inca,Cajamarca,Cajamarca,Cliente ocasional
CLI000618,Sofía,Delgado,Alejandro,F,72,La Encañada,Cajamarca,Cajamarca,Cliente frecuente
CLI000619,Mónica,Cervantes,Marín,F,79,Llacanora,Cajamarca,Cajamarca,Cliente frecuente
CLI000620,Cecilia,Correa,Amador,F,30,Baños del Inca,Cajamarca,Cajamarca,Cliente ocasional
CLI000621,Ignacio,Chacón,Páez,M,44,Jesús,Cajamarca,Cajamarca,Cliente nuevo
CLI000622,Citlali,Solorio,Garrido,F,77,Cajamarca,Cajamarca,Cajamarca,Cliente ocasional
CLI000623,Miguel Ángel,Alvarado,Villegas,M,35,Cajamarca,Cajamarca,Cajamarca,Cliente ocasional
CLI000624,José Emilio,Armendáriz,Olivas,M,23,Cajamarca,Cajamarca,Cajamarca,Cliente frecuente
CLI000625,Ana María,Casares,Torres,F,21,Baños del Inca,Cajamarca,Cajamarca,Cliente ocasional
CLI000626,Miriam,Villalobos,Vaca,F,62,Namora,Cajamarca,Cajamarca,Cliente nuevo
CLI000627,Margarita,Alba,Lugo,F,45,Baños del Inca,Cajamarca,Cajamarca,Cliente nuevo
CLI000628,Blanca,Marroquín,Casárez,F,56,Cajamarca,Cajamarca,Cajamarca,Cliente frecuente
CLI000629,Miguel,Tello,Ayala,M,30,Baños del Inca,Cajamarca,Cajamarca,Cliente frecuente
CLI000630,Aurora,Gonzales,Godoy,F,49,Baños del Inca,Cajamarca,Cajamarca,Cliente ocasional
CLI000631,Zeferino,Collazo,Montalvo,M,62,Cajamarca,Cajamarca,Cajamarca,Cliente ocasional
CLI000632,Ernesto,Olivo,Villareal,M,55,Baños del Inca,Cajamarca,Cajamarca,Cliente ocasional
CLI000633,Itzel,Quesada,Esquivel,F,70,Jesús,Cajamarca,Cajamarca,Cliente ocasional
CLI000634,Sessa,Rodrígez,Sotelo,F,61,Cajamarca,Cajamarca,Cajamarca,Cliente nuevo
CLI000635,Carlota,Rocha,Ortiz,F,31,Cajamarca,Cajamarca,Cajamarca,Cliente nuevo
CLI000636,Alejandro,Segura,Cepeda,M,67,Llacanora,Cajamarca,Cajamarca,Cliente frecuente
CLI000637,Bernardo,Villalobos,Padrón,M,32,La Encañada,Cajamarca,Cajamarca,Cliente ocasional
CLI000638,Zeferino,Cardona,del Río,M,75,Baños del Inca,Cajamarca,Cajamarca,Cliente ocasional
CLI000639,Ariadna,Espinal,Tafoya,F,56,Cajamarca,Cajamarca,Cajamarca,Cliente frecuente
CLI000640,Jorge Luis,Padilla,Ballesteros,M,51,La Encañada,Cajamarca,Cajamarca,Cliente frecuente
CLI000641,Mauro,Arguello,Almonte,M,61,Namora,Cajamarca,Cajamarca,Cliente ocasional
CLI000642,Emilio,Cazares,Gallardo,M,59,Cajamarca,Cajamarca,Cajamarca,Cliente nuevo
CLI000643,Natividad,Palacios,Venegas,F,72,Jesús,Cajamarca,Cajamarca,Cliente frecuente
CLI000644,Karina,Zaragoza,Mesa,F,44,Baños del Inca,Cajamarca,Cajamarca,Cliente nuevo
CLI000645,Felix,Hurtado,García,M,28,Baños del Inca,Cajamarca,Cajamarca,Cliente ocasional
CLI000646,Camila,Salas,Lucero,F,67,Baños del Inca,Cajamarca,Cajamarca,Cliente nuevo
CLI000647,Karla,Matos,Mayorga,F,40,Cajamarca,Cajamarca,Cajamarca,Cliente frecuente
CLI000648,Alejandro,Barraza,Ferrer,M,25,Cajamarca,Cajamarca,Cajamarca,Cliente ocasional
CLI000649,José Eduardo,Casares,Ávila,M,54,Baños del Inca,Cajamarca,Cajamarca,Cliente ocasional
CLI000650,Amador,Pulido,Esquibel,M,22,Cajamarca,Cajamarca,Cajamarca,Cliente frecuente
CLI000651,Yuridia,Rubio,Batista,F,76,Namora,Cajamarca,Cajamarca,Cliente ocasional
CLI000652,Zoé,Rojo,Beltrán,F,82,Baños del Inca,Cajamarca,Cajamarca,Cliente ocasional
CLI000653,Cornelio,de la O,Jimínez,M,27,Cajamarca,Cajamarca,Cajamarca,Cliente frecuente
CLI000654,Francisco Javier,Gracia,Navarrete,M,43,Cajamarca,Cajamarca,Cajamarca,Cliente ocasional
CLI000655,Arturo,Perales,Mireles,M,25,Baños del Inca,Cajamarca,Cajamarca,Cliente ocasional
CLI000656,Nelly,Navarro,Aranda,F,81,Cajamarca,Cajamarca,Cajamarca,Cliente nuevo
CLI000657,Perla,Valadez,Palomo,F,72,Cajamarca,Cajamarca,Cajamarca,Cliente nuevo
CLI000658,Natividad,Alemán,Cantú,F,40,Cajamarca,Cajamarca,Cajamarca,Cliente frecuente
CLI000659,Jerónimo,Hernandes,Gamboa,M,43,Namora,Cajamarca,Cajamarca,Cliente frecuente
CLI000660,Carlos,Ontiveros,Bermúdez,M,85,Baños del Inca,Cajamarca,Cajamarca,Cliente frecuente
CLI000661,Amalia,Esquivel,Alvarado,F,43,Cajamarca,Cajamarca,Cajamarca,Cliente ocasional
CLI000662,Diego,Díaz,Montoya,M,22,Matara,Cajamarca,Cajamarca,Cliente nuevo
CLI000663,Abel,Cortez,Cardona,M,41,Matara,Cajamarca,Cajamarca,Cliente frecuente
CLI000664,Irma,Covarrubias,Abreu,F,67,Jesús,Cajamarca,Cajamarca,Cliente frecuente
CLI000665,José Luis,Carvajal,Bravo,M,59,Matara,Cajamarca,Cajamarca,Cliente nuevo
CLI000666,Héctor,Tapia,Chapa,M,37,Baños del Inca,Cajamarca,Cajamarca,Cliente ocasional
CLI000667,Timoteo,Henríquez,Carrión,M,81,La Encañada,Cajamarca,Cajamarca,Cliente ocasional
CLI000668,Pedro,Galarza,Lomeli,M,50,Baños del Inca,Cajamarca,Cajamarca,Cliente ocasional
CLI000669,Claudio,Vanegas,Almanza,M,34,Matara,Cajamarca,Cajamarca,Cliente ocasional
CLI000670,Raúl,Cepeda,Gallegos,M,50,Baños del Inca,Cajamarca,Cajamarca,Cliente frecuente
CLI000671,Pedro,Padrón,Barraza,M,33,Cajamarca,Cajamarca,Cajamarca,Cliente nuevo
CLI000672,Elisa,Noriega,Centeno,F,40,Cajamarca,Cajamarca,Cajamarca,Cliente frecuente
CLI000673,Berta,Cedillo,Escalante,F,82,Llacanora,Cajamarca,Cajamarca,Cliente frecuente
CLI000674,Eric,Gálvez,Solorio,M,78,Cajamarca,Cajamarca,Cajamarca,Cliente nuevo
CLI000675,José María,Flores,Sáenz,M,44,Jesús,Cajamarca,Cajamarca,Cliente frecuente
CLI000676,Nadia,Rivera,Ruelas,F,31,Cajamarca,Cajamarca,Cajamarca,Cliente frecuente
CLI000677,Karla,Arredondo,Longoria,F,41,Matara,Cajamarca,Cajamarca,Cliente ocasional
CLI000678,Adalberto,Murillo,Magaña,M,53,Cajamarca,Cajamarca,Cajamarca,Cliente ocasional
CLI000679,Claudia,Llamas,Ontiveros,F,78,Llacanora,Cajamarca,Cajamarca,Cliente frecuente
CLI000680,Ramiro,Meléndez,Llamas,M,49,Jesús,Cajamarca,Cajamarca,Cliente ocasional
CLI000681,Teresa,Coronado,Hidalgo,F,68,Cajamarca,Cajamarca,Cajamarca,Cliente ocasional
CLI000682,Carlota,Ramón,Posada,F,42,Cajamarca,Cajamarca,Cajamarca,Cliente nuevo
CLI000683,Estela,Batista,Cortez,F,36,Matara,Cajamarca,Cajamarca,Cliente nuevo
CLI000684,Víctor,Saiz,Marín,M,28,Llacanora,Cajamarca,Cajamarca,Cliente ocasional
CLI000685,Esparta,Rael,Páez,F,35,Baños del Inca,Cajamarca,Cajamarca,Cliente ocasional
CLI000686,Leonel,Arenas,Leal,M,31,Llacanora,Cajamarca,Cajamarca,Cliente nuevo
CLI000687,María Elena,Bueno,Garrido,F,41,Cajamarca,Cajamarca,Cajamarca,Cliente ocasional
CLI000688,Vicente,Gil,Ornelas,M,27,Jesús,Cajamarca,Cajamarca,Cliente ocasional
CLI000689,Amador,Nájera,Molina,M,68,Baños del Inca,Cajamarca,Cajamarca,Cliente frecuente
CLI000690,Alejandra,Linares,Velasco,F,50,La Encañada,Cajamarca,Cajamarca,Cliente ocasional
CLI000691,Karina,Nava,Rendón,F,24,Baños del Inca,Cajamarca,Cajamarca,Cliente frecuente
CLI000692,Abraham,Vásquez,Paz,M,46,Llacanora,Cajamarca,Cajamarca,Cliente ocasional
CLI000693,Amelia,Miranda,Ponce,F,46,La Encañada,Cajamarca,Cajamarca,Cliente ocasional
CLI000694,Guillermo,Garay,Gil,M,31,Baños del Inca,Cajamarca,Cajamarca,Cliente ocasional
CLI000695,Felix,Saucedo,Rivero,M,51,Baños del Inca,Cajamarca,Cajamarca,Cliente frecuente
CLI000696,Tomás,de la Crúz,Ordóñez,M,22,Namora,Cajamarca,Cajamarca,Cliente frecuente
CLI000697,Ricardo,Roybal,Rivera,M,54,Llacanora,Cajamarca,Cajamarca,Cliente ocasional
CLI000698,Carlos,Alarcón,Zapata,M,62,La Encañada,Cajamarca,Cajamarca,Cliente frecuente
CLI000699,Leonel,Lerma,Hernández,M,26,Baños del Inca,Cajamarca,Cajamarca,Cliente nuevo
CLI000700,Fabiola,Pabón,Zamora,F,58,Cajamarca,Cajamarca,Cajamarca,Cliente frecuente
CLI000701,Georgina,Armendáriz,Guerrero,F,69,Baños del Inca,Cajamarca,Cajamarca,Cliente frecuente
CLI000702,Maximiliano,Domínguez,Amador,M,57,Cajamarca,Cajamarca,Cajamarca,Cliente ocasional
CLI000703,Graciela,Perales,Tirado,F,30,Cajamarca,Cajamarca,Cajamarca,Cliente frecuente
CLI000704,Elvira,Cavazos,Peres,F,76,Cajamarca,Cajamarca,Cajamarca,Cliente frecuente
CLI000705,Julia,Acuña,Romero,F,60,Cajamarca,Cajamarca,Cajamarca,Cliente nuevo
CLI000706,Jonás,Ordóñez,Santacruz,M,25,Cajamarca,Cajamarca,Cajamarca,Cliente frecuente
CLI000707,Paulina,Olivárez,Moreno,F,59,Matara,Cajamarca,Cajamarca,Cliente frecuente
CLI000708,Aurelio,Paredes,Madrid,M,19,Llacanora,Cajamarca,Cajamarca,Cliente ocasional
CLI000709,Natividad,Baeza,Sanabria,F,45,Baños del Inca,Cajamarca,Cajamarca,Cliente nuevo
CLI000710,Rolando,Soria,del Río,M,19,Cajamarca,Cajamarca,Cajamarca,Cliente frecuente
CLI000711,Amanda,Guzmán,Vega,F,33,Llacanora,Cajamarca,Cajamarca,Cliente frecuente
CLI000712,Lucía,de la Torre,Durán,F,58,Jesús,Cajamarca,Cajamarca,Cliente nuevo
CLI000713,Alma,Vera,Tejada,F,25,Cajamarca,Cajamarca,Cajamarca,Cliente frecuente
CLI000714,Martín,Parra,Vela,M,29,Llacanora,Cajamarca,Cajamarca,Cliente frecuente
CLI000715,Joaquín,Guzmán,Salinas,M,18,La Encañada,Cajamarca,Cajamarca,Cliente ocasional
CLI000716,Araceli,Carreón,Aguayo,F,52,Llacanora,Cajamarca,Cajamarca,Cliente frecuente
CLI000717,Alberto,Varela,Sisneros,M,84,Baños del Inca,Cajamarca,Cajamarca,Cliente ocasional
CLI000718,Timoteo,Sanabria,Pantoja,M,68,Cajamarca,Cajamarca,Cajamarca,Cliente ocasional
CLI000719,Susana,Alonzo,Anguiano,F,33,Cajamarca,Cajamarca,Cajamarca,Cliente nuevo
CLI000720,Conchita,Saucedo,Cavazos,F,63,Jesús,Cajamarca,Cajamarca,Cliente nuevo
CLI000721,Clara,Alcala,Salcido,F,64,La Encañada,Cajamarca,Cajamarca,Cliente ocasional
CLI000722,Aida,Brito,Pineda,F,72,Cajamarca,Cajamarca,Cajamarca,Cliente nuevo
CLI000723,Víctor,Colunga,Soliz,M,23,Baños del Inca,Cajamarca,Cajamarca,Cliente ocasional
CLI000724,Gregorio,Marrero,Escamilla,M,58,Jesús,Cajamarca,Cajamarca,Cliente ocasional
CLI000725,Marisol,Sevilla,Collazo,F,23,Baños del Inca,Cajamarca,Cajamarca,Cliente frecuente
CLI000726,Amador,Ojeda,Corral,M,22,Namora,Cajamarca,Cajamarca,Cliente frecuente
CLI000727,Esther,Jáquez,Gamboa,F,46,Cajamarca,Cajamarca,Cajamarca,Cliente ocasional
CLI000728,Anabel,Robles,Quiñones,F,61,Cajamarca,Cajamarca,Cajamarca,Cliente ocasional
CLI000729,Héctor,Pizarro,Olmos,M,52,Cajamarca,Cajamarca,Cajamarca,Cliente frecuente
CLI000730,Héctor,Gaitán,de Jesús,M,56,Llacanora,Cajamarca,Cajamarca,Cliente ocasional
CLI000731,Rosario,Franco,Carreón,F,69,Cajamarca,Cajamarca,Cajamarca,Cliente ocasional
CLI000732,Marcos,Rojo,Quiñónez,M,22,Cajamarca,Cajamarca,Cajamarca,Cliente frecuente
CLI000733,Mateo,Ybarra,Covarrubias,M,78,Cajamarca,Cajamarca,Cajamarca,Cliente frecuente
CLI000734,Benito,Llamas,Bustos,M,85,Llacanora,Cajamarca,Cajamarca,Cliente nuevo
CLI000735,Victoria,Nieves,Gálvez,F,25,Cajamarca,Cajamarca,Cajamarca,Cliente ocasional
CLI000736,Humberto,Luna,Quintanilla,M,54,Jesús,Cajamarca,Cajamarca,Cliente frecuente
CLI000737,Tomás,Orta,Quiñones,M,70,Baños del Inca,Cajamarca,Cajamarca,Cliente nuevo
CLI000738,Carla,Montoya,de León,F,34,Cajamarca,Cajamarca,Cajamarca,Cliente frecuente
CLI000739,Antonio,Tapia,Villareal,M,72,Llacanora,Cajamarca,Cajamarca,Cliente ocasional
CLI000740,Samuel,Aranda,Gaitán,M,70,Baños del Inca,Cajamarca,Cajamarca,Cliente nuevo
CLI000741,Flavio,de la Garza,Beltrán,M,61,Llacanora,Cajamarca,Cajamarca,Cliente ocasional
CLI000742,Cristian,Preciado,Ortiz,M,74,Cajamarca,Cajamarca,Cajamarca,Cliente frecuente
CLI000743,Mercedes,Peña,Villanueva,F,68,Cajamarca,Cajamarca,Cajamarca,Cliente ocasional
CLI000744,Celia,de la Crúz,Rivero,F,35,Cajamarca,Cajamarca,Cajamarca,Cliente nuevo
CLI000745,Araceli,Garay,Sotelo,F,45,Cajamarca,Cajamarca,Cajamarca,Cliente frecuente
CLI000746,Cynthia,Casanova,de León,F,61,Llacanora,Cajamarca,Cajamarca,Cliente ocasional
CLI000747,Rubén,Laboy,Sáenz,M,44,Llacanora,Cajamarca,Cajamarca,Cliente frecuente
CLI000748,Arcelia,Nieto,Amaya,F,22,Namora,Cajamarca,Cajamarca,Cliente frecuente
CLI000749,Susana,Cavazos,Niño,F,37,Llacanora,Cajamarca,Cajamarca,Cliente ocasional
CLI000750,Catalina,Durán,Badillo,F,27,Cajamarca,Cajamarca,Cajamarca,Cliente ocasional
CLI000751,Marisela,Lozano,de la Torre,F,80,Cajamarca,Cajamarca,Cajamarca,Cliente frecuente
CLI000752,Ilse,Olmos,Mayorga,F,39,Cajamarca,Cajamarca,Cajamarca,Cliente frecuente
CLI000753,Marisol,Varela,Sanches,F,80,Baños del Inca,Cajamarca,Cajamarca,Cliente ocasional
CLI000754,Eugenio,Rodarte,Calderón,M,35,Llacanora,Cajamarca,Cajamarca,Cliente ocasional
CLI000755,Omar,Páez,Gamboa,M,60,Baños del Inca,Cajamarca,Cajamarca,Cliente ocasional
CLI000756,Ignacio,Mena,Corona,M,41,Cajamarca,Cajamarca,Cajamarca,Cliente ocasional
CLI000757,Marcos,Aragón,Ponce,M,31,Cajamarca,Cajamarca,Cajamarca,Cliente ocasional
CLI000758,Gregorio,Mascareñas,Acosta,M,74,Baños del Inca,Cajamarca,Cajamarca,Cliente nuevo
CLI000759,Arturo,Bernal,Loya,M,76,Baños del Inca,Cajamarca,Cajamarca,Cliente ocasional
CLI000760,José Manuél,Llamas,Partida,M,28,Namora,Cajamarca,Cajamarca,Cliente nuevo
CLI000761,Alejandro,Vega,Posada,M,52,Jesús,Cajamarca,Cajamarca,Cliente ocasional
CLI000762,José Eduardo,Tejada,Linares,M,47,Cajamarca,Cajamarca,Cajamarca,Cliente nuevo
CLI000763,Hermelinda,Arredondo,Amaya,F,66,Cajamarca,Cajamarca,Cajamarca,Cliente frecuente
CLI000764,María Cristina,Jasso,Soliz,F,37,Namora,Cajamarca,Cajamarca,Cliente frecuente
CLI000765,Guillermina,Carrillo,Linares,F,53,Baños del Inca,Cajamarca,Cajamarca,Cliente ocasional
CLI000766,Natividad,Carrión,Abrego,F,52,La Encañada,Cajamarca,Cajamarca,Cliente frecuente
CLI000767,Beatriz,Franco,Granados,F,30,Baños del Inca,Cajamarca,Cajamarca,Cliente nuevo
CLI000768,Anabel,Nieves,Porras,F,85,Baños del Inca,Cajamarca,Cajamarca,Cliente ocasional
CLI000769,Amalia,Holguín,Anaya,F,58,Llacanora,Cajamarca,Cajamarca,Cliente nuevo
CLI000770,Rodolfo,Fajardo,Rivera,M,44,Cajamarca,Cajamarca,Cajamarca,Cliente ocasional
CLI000771,Mercedes,Becerra,Meraz,F,49,Cajamarca,Cajamarca,Cajamarca,Cliente ocasional
CLI000772,Zacarías,Pérez,Barragán,M,69,Llacanora,Cajamarca,Cajamarca,Cliente ocasional
CLI000773,Adalberto,Batista,Bañuelos,M,24,Baños del Inca,Cajamarca,Cajamarca,Cliente frecuente
CLI000774,Claudio,Velásquez,Miranda,M,63,Baños del Inca,Cajamarca,Cajamarca,Cliente ocasional
CLI000775,Yeni,Lira,Irizarry,F,36,Cajamarca,Cajamarca,Cajamarca,Cliente ocasional
CLI000776,Jacinto,Ochoa,Barragán,M,82,Baños del Inca,Cajamarca,Cajamarca,Cliente frecuente
CLI000777,José Emilio,Canales,Mota,M,72,La Encañada,Cajamarca,Cajamarca,Cliente frecuente
CLI000778,Mariana,Montero,Gutiérrez,F,29,Llacanora,Cajamarca,Cajamarca,Cliente frecuente
CLI000779,Wilfrido,Cervantes,Barrientos,M,59,La Encañada,Cajamarca,Cajamarca,Cliente nuevo
CLI000780,Amelia,de la Torre,Montoya,F,21,Cajamarca,Cajamarca,Cajamarca,Cliente ocasional
CLI000781,Humberto,Vázquez,Arellano,M,51,Llacanora,Cajamarca,Cajamarca,Cliente frecuente
CLI000782,Zeferino,de Anda,Barraza,M,21,La Encañada,Cajamarca,Cajamarca,Cliente frecuente
CLI000783,Nayeli,Santana,Bahena,F,29,Cajamarca,Cajamarca,Cajamarca,Cliente frecuente
CLI000784,Horacio,Vigil,Zayas,M,59,Baños del Inca,Cajamarca,Cajamarca,Cliente frecuente
CLI000785,Hermelinda,Haro,Benítez,F,85,Cajamarca,Cajamarca,Cajamarca,Cliente ocasional
CLI000786,Isaac,Duarte,García,M,67,Cajamarca,Cajamarca,Cajamarca,Cliente ocasional
CLI000787,Omar,Godínez,Galván,M,31,Baños del Inca,Cajamarca,Cajamarca,Cliente frecuente
CLI000788,Juan,Valles,Rael,M,30,Cajamarca,Cajamarca,Cajamarca,Cliente frecuente
CLI000789,Rubén,Matos,Caldera,M,37,Cajamarca,Cajamarca,Cajamarca,Cliente frecuente
CLI000790,Luis Manuel,Sosa,Mena,M,28,Llacanora,Cajamarca,Cajamarca,Cliente ocasional
CLI000791,Fabiola,Cisneros,Jiménez,F,19,Cajamarca,Cajamarca,Cajamarca,Cliente frecuente
CLI000792,Miguel,Madrigal,Jaimes,M,19,Cajamarca,Cajamarca,Cajamarca,Cliente ocasional
CLI000793,Yuridia,Sauceda,Alba,F,71,Baños del Inca,Cajamarca,Cajamarca,Cliente nuevo
CLI000794,Joaquín,Verduzco,Jaramillo,M,27,Llacanora,Cajamarca,Cajamarca,Cliente frecuente
CLI000795,Uriel,Sánchez,Armenta,M,61,Baños del Inca,Cajamarca,Cajamarca,Cliente nuevo
CLI000796,Josefina,Negrón,Navarrete,F,51,Baños del Inca,Cajamarca,Cajamarca,Cliente ocasional
CLI000797,Ramiro,Moreno,Quesada,M,40,Jesús,Cajamarca,Cajamarca,Cliente ocasional
CLI000798,Carlota,Menchaca,Durán,F,51,Matara,Cajamarca,Cajamarca,Cliente ocasional
CLI000799,Nadia,Jurado,Medrano,F,72,Baños del Inca,Cajamarca,Cajamarca,Cliente ocasional
CLI000800,Mariano,Benítez,Soliz,M,23,Matara,Cajamarca,Cajamarca,Cliente frecuente
CLI000801,Luis Miguel,Gallegos,Ibarra,M,80,Baños del Inca,Cajamarca,Cajamarca,Cliente frecuente
CLI000802,Aldo,Montañez,Ozuna,M,63,Cajamarca,Cajamarca,Cajamarca,Cliente ocasional
CLI000803,Angélica,Gálvez,Nieto,F,60,Matara,Cajamarca,Cajamarca,Cliente ocasional
CLI000804,Marisol,Nájera,Altamirano,F,28,Baños del Inca,Cajamarca,Cajamarca,Cliente ocasional
CLI000805,Lilia,Vigil,Llamas,F,84,Cajamarca,Cajamarca,Cajamarca,Cliente frecuente
CLI000806,Celia,Pedroza,Olvera,F,43,Baños del Inca,Cajamarca,Cajamarca,Cliente nuevo
CLI000807,Sessa,Toledo,Casárez,F,48,Cajamarca,Cajamarca,Cajamarca,Cliente ocasional
CLI000808,Sessa,Maldonado,Fuentes,F,20,Cajamarca,Cajamarca,Cajamarca,Cliente ocasional
CLI000809,Gerónimo,Benavídez,Robledo,M,51,Namora,Cajamarca,Cajamarca,Cliente nuevo
CLI000810,Reina,Bonilla,Laboy,F,28,Matara,Cajamarca,Cajamarca,Cliente frecuente
CLI000811,Francisco,Amaya,Salazar,M,64,Llacanora,Cajamarca,Cajamarca,Cliente ocasional
CLI000812,Hernán,Rincón,Raya,M,84,Matara,Cajamarca,Cajamarca,Cliente ocasional
CLI000813,Martín,Olvera,Esquivel,M,45,Cajamarca,Cajamarca,Cajamarca,Cliente nuevo
CLI000814,Rodrigo,Solano,Páez,M,70,La Encañada,Cajamarca,Cajamarca,Cliente frecuente
CLI000815,Rufino,Beltrán,Terrazas,M,22,Cajamarca,Cajamarca,Cajamarca,Cliente nuevo
CLI000816,Abraham,Manzanares,Jurado,M,81,Namora,Cajamarca,Cajamarca,Cliente ocasional
CLI000817,Ángela,Solís,Prado,F,38,Namora,Cajamarca,Cajamarca,Cliente frecuente
CLI000818,Armando,Godoy,Hernádez,M,39,Namora,Cajamarca,Cajamarca,Cliente nuevo
CLI000819,Amanda,Polanco,Martínez,F,85,Baños del Inca,Cajamarca,Cajamarca,Cliente frecuente
CLI000820,Lorena,Gil,Cantú,F,51,Cajamarca,Cajamarca,Cajamarca,Cliente ocasional
CLI000821,Estela,Escobedo,Vergara,F,80,Jesús,Cajamarca,Cajamarca,Cliente ocasional
CLI000822,José Eduardo,Leal,Padrón,M,29,Matara,Cajamarca,Cajamarca,Cliente ocasional
CLI000823,Beatriz,Segura,Balderas,F,18,Baños del Inca,Cajamarca,Cajamarca,Cliente ocasional
CLI000824,Mateo,Montez,Olivas,M,36,Cajamarca,Cajamarca,Cajamarca,Cliente frecuente
CLI000825,Mario,Tapia,Carreón,M,27,Baños del Inca,Cajamarca,Cajamarca,Cliente frecuente
CLI000826,Oswaldo,Colunga,Lemus,M,63,Baños del Inca,Cajamarca,Cajamarca,Cliente nuevo
CLI000827,Victoria,Oquendo,Pabón,F,31,Baños del Inca,Cajamarca,Cajamarca,Cliente ocasional
CLI000828,Ignacio,Bernal,de la Rosa,M,33,Cajamarca,Cajamarca,Cajamarca,Cliente ocasional
CLI000829,Carolina,Alcántar,Escalante,F,18,La Encañada,Cajamarca,Cajamarca,Cliente nuevo
CLI000830,Martha,Jasso,Ulibarri,F,40,Jesús,Cajamarca,Cajamarca,Cliente frecuente
CLI000831,Jonás,Cazares,Mercado,M,59,Cajamarca,Cajamarca,Cajamarca,Cliente ocasional
CLI000832,Rodolfo,Alonzo,Cortez,M,63,La Encañada,Cajamarca,Cajamarca,Cliente ocasional
CLI000833,Tania,Nazario,Robledo,F,71,Cajamarca,Cajamarca,Cajamarca,Cliente frecuente
CLI000834,Víctor,Quiroz,Téllez,M,75,La Encañada,Cajamarca,Cajamarca,Cliente ocasional
CLI000835,Antonio,Ruelas,Ochoa,M,72,Cajamarca,Cajamarca,Cajamarca,Cliente frecuente
CLI000836,Rafaél,Serna,Salcido,M,80,Baños del Inca,Cajamarca,Cajamarca,Cliente ocasional
CLI000837,Mercedes,Hernandes,Vázquez,F,50,Baños del Inca,Cajamarca,Cajamarca,Cliente ocasional
CLI000838,Samuel,Villagómez,Padrón,M,41,La Encañada,Cajamarca,Cajamarca,Cliente ocasional
CLI000839,Sonia,Casares,Saiz,F,25,Baños del Inca,Cajamarca,Cajamarca,Cliente ocasional
CLI000840,Perla,Reynoso,Toledo,F,40,Cajamarca,Cajamarca,Cajamarca,Cliente frecuente
CLI000841,Jorge Luis,Mateo,Salas,M,61,Jesús,Cajamarca,Cajamarca,Cliente ocasional
CLI000842,Ilse,Patiño,Portillo,F,21,Llacanora,Cajamarca,Cajamarca,Cliente frecuente
CLI000843,Abraham,Nieves,Murillo,M,40,Llacanora,Cajamarca,Cajamarca,Cliente ocasional
CLI000844,Humberto,Tafoya,Espino,M,43,Cajamarca,Cajamarca,Cajamarca,Cliente ocasional
CLI000845,Zoé,Partida,Sáenz,F,71,Cajamarca,Cajamarca,Cajamarca,Cliente frecuente
CLI000846,Ana María,Toledo,Treviño,F,46,Llacanora,Cajamarca,Cajamarca,Cliente ocasional
CLI000847,Zoé,Salcido,Sandoval,F,49,Cajamarca,Cajamarca,Cajamarca,Cliente nuevo
CLI000848,Jonás,Escobedo,Barrios,M,32,Matara,Cajamarca,Cajamarca,Cliente ocasional
CLI000849,Julio César,Escobar,Ibarra,M,36,Baños del Inca,Cajamarca,Cajamarca,Cliente frecuente
CLI000850,Israel,Solano,Reséndez,M,55,Cajamarca,Cajamarca,Cajamarca,Cliente ocasional
CLI000851,Andrea,Sáenz,Regalado,F,42,Jesús,Cajamarca,Cajamarca,Cliente frecuente
CLI000852,Gregorio,Soliz,Feliciano,M,44,La Encañada,Cajamarca,Cajamarca,Cliente ocasional
CLI000853,Lucas,Leiva,Arias,M,80,Baños del Inca,Cajamarca,Cajamarca,Cliente ocasional
CLI000854,Débora,Chávez,Alcántar,F,24,Jesús,Cajamarca,Cajamarca,Cliente frecuente
CLI000855,Arturo,Valverde,Briseño,M,35,Cajamarca,Cajamarca,Cajamarca,Cliente ocasional
CLI000856,Martín,de la Rosa,Chavarría,M,76,Llacanora,Cajamarca,Cajamarca,Cliente frecuente
CLI000857,Rocío,Ayala,Flores,F,73,Llacanora,Cajamarca,Cajamarca,Cliente ocasional
CLI000858,Jerónimo,Reyes,Molina,M,23,Llacanora,Cajamarca,Cajamarca,Cliente ocasional
CLI000859,Alejandro,Marroquín,Tamez,M,61,Cajamarca,Cajamarca,Cajamarca,Cliente frecuente
CLI000860,Alfredo,Roldán,Salazar,M,57,Cajamarca,Cajamarca,Cajamarca,Cliente frecuente
CLI000861,Miguel Ángel,Santillán,Miranda,M,21,Baños del Inca,Cajamarca,Cajamarca,Cliente ocasional
CLI000862,Verónica,Madrid,Morales,F,57,Jesús,Cajamarca,Cajamarca,Cliente nuevo
CLI000863,María José,Villa,Brito,F,27,Llacanora,Cajamarca,Cajamarca,Cliente nuevo
CLI000864,Aldo,Carranza,Olmos,M,74,Baños del Inca,Cajamarca,Cajamarca,Cliente ocasional
CLI000865,Paola,Velásquez,Duarte,F,50,Cajamarca,Cajamarca,Cajamarca,Cliente frecuente
CLI000866,Reina,Gallardo,Tamez,F,29,Baños del Inca,Cajamarca,Cajamarca,Cliente ocasional
CLI000867,Eugenio,Cintrón,Ramírez,M,52,Jesús,Cajamarca,Cajamarca,Cliente ocasional
CLI000868,Araceli,Rosario,León,F,66,Cajamarca,Cajamarca,Cajamarca,Cliente ocasional
CLI000869,Graciela,Castañeda,Laureano,F,35,Baños del Inca,Cajamarca,Cajamarca,Cliente frecuente
CLI000870,Dolores,Maya,Casares,F,42,Cajamarca,Cajamarca,Cajamarca,Cliente frecuente
CLI000871,Bianca,Meléndez,Velasco,F,30,Llacanora,Cajamarca,Cajamarca,Cliente nuevo
CLI000872,Fernando,Samaniego,Serrano,M,33,Namora,Cajamarca,Cajamarca,Cliente ocasional
CLI000873,Mauricio,Esparza,Páez,M,73,Cajamarca,Cajamarca,Cajamarca,Cliente frecuente
CLI000874,Lorenzo,Rosales,Malave,M,45,Cajamarca,Cajamarca,Cajamarca,Cliente frecuente
CLI000875,María Teresa,Benítez,Maldonado,F,63,Cajamarca,Cajamarca,Cajamarca,Cliente nuevo
CLI000876,María Elena,Estévez,Chavarría,F,80,Cajamarca,Cajamarca,Cajamarca,Cliente frecuente
CLI000877,Elena,Bustos,de Jesús,F,75,Matara,Cajamarca,Cajamarca,Cliente frecuente
CLI000878,Estela,Nevárez,Chacón,F,50,Cajamarca,Cajamarca,Cajamarca,Cliente ocasional
CLI000879,Nayeli,Saavedra,Roque,F,51,Cajamarca,Cajamarca,Cajamarca,Cliente ocasional
CLI000880,Claudio,Gastélum,Delgadillo,M,80,Cajamarca,Cajamarca,Cajamarca,Cliente frecuente
CLI000881,Marcela,Juárez,Heredia,F,37,Jesús,Cajamarca,Cajamarca,Cliente frecuente
CLI000882,Adalberto,Lucero,Garica,M,44,Baños del Inca,Cajamarca,Cajamarca,Cliente nuevo
CLI000883,Amalia,Vázquez,Pelayo,F,30,Cajamarca,Cajamarca,Cajamarca,Cliente frecuente
CLI000884,Eugenia,Delgadillo,Solís,F,25,Cajamarca,Cajamarca,Cajamarca,Cliente nuevo
CLI000885,Celia,Mares,Flórez,F,84,Cajamarca,Cajamarca,Cajamarca,Cliente frecuente
CLI000886,Blanca,Macías,Galarza,F,49,Matara,Cajamarca,Cajamarca,Cliente nuevo
CLI000887,Daniela,Miramontes,Velázquez,F,76,Namora,Cajamarca,Cajamarca,Cliente ocasional
CLI000888,Arcelia,Sepúlveda,Fonseca,F,25,Baños del Inca,Cajamarca,Cajamarca,Cliente ocasional
CLI000889,Pedro,Campos,Longoria,M,49,Jesús,Cajamarca,Cajamarca,Cliente frecuente
CLI000890,Victoria,Merino,Rojo,F,74,Namora,Cajamarca,Cajamarca,Cliente nuevo
CLI000891,Eva,Loya,Benavides,F,33,La Encañada,Cajamarca,Cajamarca,Cliente ocasional
CLI000892,Helena,Terán,Olivas,F,34,Baños del Inca,Cajamarca,Cajamarca,Cliente nuevo
CLI000893,Karla,de la O,Rodríguez,F,68,Jesús,Cajamarca,Cajamarca,Cliente ocasional
CLI000894,Ángela,Chacón,Narváez,F,74,Cajamarca,Cajamarca,Cajamarca,Cliente frecuente
CLI000895,Verónica,Cornejo,Alva,F,82,Baños del Inca,Cajamarca,Cajamarca,Cliente frecuente
CLI000896,Isaac,Collazo,Ortega,M,46,Cajamarca,Cajamarca,Cajamarca,Cliente ocasional
CLI000897,José Luis,Barrios,Berríos,M,71,Cajamarca,Cajamarca,Cajamarca,Cliente ocasional
CLI000898,Teresa,Oquendo,Dueñas,F,54,Baños del Inca,Cajamarca,Cajamarca,Cliente frecuente
CLI000899,Julio César,Mojica,Toro,M,43,Matara,Cajamarca,Cajamarca,Cliente ocasional
CLI000900,Genaro,Muñoz,Bahena,M,21,Cajamarca,Cajamarca,Cajamarca,Cliente frecuente
CLI000901,Conchita,Rodríquez,Benavídez,F,33,Jesús,Cajamarca,Cajamarca,Cliente ocasional
CLI000902,Amelia,Muro,Concepción,F,80,Jesús,Cajamarca,Cajamarca,Cliente ocasional
CLI000903,Reynaldo,Otero,Moreno,M,78,Cajamarca,Cajamarca,Cajamarca,Cliente frecuente
CLI000904,Santiago,Magaña,Portillo,M,67,Matara,Cajamarca,Cajamarca,Cliente frecuente
CLI000905,Agustín,Mejía,Montemayor,M,43,Llacanora,Cajamarca,Cajamarca,Cliente ocasional
CLI000906,Arcelia,Segura,Garibay,F,66,Llacanora,Cajamarca,Cajamarca,Cliente ocasional
CLI000907,Ana,Almanza,Arce,F,71,La Encañada,Cajamarca,Cajamarca,Cliente frecuente
CLI000908,Margarita,Barreto,Marrero,F,43,Llacanora,Cajamarca,Cajamarca,Cliente ocasional
CLI000909,Juan Carlos,Mena,Nava,M,61,Cajamarca,Cajamarca,Cajamarca,Cliente frecuente
CLI000910,Hermelinda,Rascón,Domínguez,F,22,Baños del Inca,Cajamarca,Cajamarca,Cliente nuevo
CLI000911,Enrique,Flórez,Jaramillo,M,31,La Encañada,Cajamarca,Cajamarca,Cliente ocasional
CLI000912,Miriam,Terán,Solorzano,F,78,Namora,Cajamarca,Cajamarca,Cliente ocasional
CLI000913,Gabriel,Arriaga,de la Rosa,M,81,La Encañada,Cajamarca,Cajamarca,Cliente ocasional
CLI000914,Eduardo,Pabón,Montalvo,M,36,Namora,Cajamarca,Cajamarca,Cliente frecuente
CLI000915,Gonzalo,Aponte,Solano,M,83,Jesús,Cajamarca,Cajamarca,Cliente nuevo
CLI000916,Patricia,Solorio,de la Torre,F,29,Cajamarca,Cajamarca,Cajamarca,Cliente ocasional
CLI000917,Francisco,Gracia,Sandoval,M,37,Namora,Cajamarca,Cajamarca,Cliente ocasional
CLI000918,Estela,Frías,Abrego,F,48,La Encañada,Cajamarca,Cajamarca,Cliente nuevo
CLI000919,Indira,Villarreal,Acosta,F,55,Baños del Inca,Cajamarca,Cajamarca,Cliente ocasional
CLI000920,Verónica,Pineda,Carrero,F,36,Cajamarca,Cajamarca,Cajamarca,Cliente ocasional
CLI000921,Víctor,Cavazos,Collazo,M,50,Llacanora,Cajamarca,Cajamarca,Cliente nuevo
CLI000922,Mario,Negrón,Meléndez,M,26,Baños del Inca,Cajamarca,Cajamarca,Cliente ocasional
CLI000923,Eloisa,Mendoza,Márquez,F,66,La Encañada,Cajamarca,Cajamarca,Cliente ocasional
CLI000924,Noemí,Griego,Irizarry,F,39,Cajamarca,Cajamarca,Cajamarca,Cliente frecuente
CLI000925,Horacio,Samaniego,Jiménez,M,26,Matara,Cajamarca,Cajamarca,Cliente nuevo
CLI000926,Georgina,Montez,Bétancourt,F,46,La Encañada,Cajamarca,Cajamarca,Cliente nuevo
CLI000927,Pilar,Vallejo,Maya,F,32,Cajamarca,Cajamarca,Cajamarca,Cliente frecuente
CLI000928,Isabela,Espinal,de Jesús,F,36,Cajamarca,Cajamarca,Cajamarca,Cliente nuevo
CLI000929,Teodoro,Toledo,Briseño,M,42,Cajamarca,Cajamarca,Cajamarca,Cliente frecuente
CLI000930,María del Carmen,Armenta,Esquibel,F,71,Cajamarca,Cajamarca,Cajamarca,Cliente ocasional
CLI000931,Yeni,Palomo,Bustos,F,44,Jesús,Cajamarca,Cajamarca,Cliente nuevo
CLI000932,Ruby,Espino,Valadez,F,50,Cajamarca,Cajamarca,Cajamarca,Cliente ocasional
CLI000933,Magdalena,Galarza,Alba,F,25,Cajamarca,Cajamarca,Cajamarca,Cliente nuevo
CLI000934,Gerónimo,Ramos,Nava,M,61,Baños del Inca,Cajamarca,Cajamarca,Cliente ocasional
CLI000935,Carmen,Pedraza,Segovia,F,32,Jesús,Cajamarca,Cajamarca,Cliente ocasional
CLI000936,Abril,Mata,Salcido,F,35,Baños del Inca,Cajamarca,Cajamarca,Cliente frecuente
CLI000937,Miriam,Palomo,Ávila,F,57,Llacanora,Cajamarca,Cajamarca,Cliente frecuente
CLI000938,Helena,Carrera,Urrutia,F,41,Baños del Inca,Cajamarca,Cajamarca,Cliente nuevo
CLI000939,Dulce,Rojas,Palomino,F,47,Jesús,Cajamarca,Cajamarca,Cliente ocasional
CLI000940,Berta,Colunga,Mondragón,F,72,Cajamarca,Cajamarca,Cajamarca,Cliente ocasional
CLI000941,Gerardo,Verdugo,Valdés,M,39,Cajamarca,Cajamarca,Cajamarca,Cliente frecuente
CLI000942,Esteban,Montalvo,Rojas,M,22,La Encañada,Cajamarca,Cajamarca,Cliente ocasional
CLI000943,Helena,Granado,Rentería,F,28,Cajamarca,Cajamarca,Cajamarca,Cliente ocasional
CLI000944,Alta  Gracia,Rodríguez,Espinosa,F,24,La Encañada,Cajamarca,Cajamarca,Cliente frecuente
CLI000945,Alberto,Sanches,Aguilera,M,42,Baños del Inca,Cajamarca,Cajamarca,Cliente ocasional
CLI000946,Ofelia,Arriaga,Terrazas,F,49,Baños del Inca,Cajamarca,Cajamarca,Cliente frecuente
CLI000947,Judith,Cortez,Ramón,F,26,Matara,Cajamarca,Cajamarca,Cliente ocasional
CLI000948,Miguel Ángel,Gastélum,Ceja,M,32,La Encañada,Cajamarca,Cajamarca,Cliente frecuente
CLI000949,Linda,Lara,Ledesma,F,55,La Encañada,Cajamarca,Cajamarca,Cliente nuevo
CLI000950,Helena,Covarrubias,Salcido,F,84,Llacanora,Cajamarca,Cajamarca,Cliente nuevo
CLI000951,Ignacio,Gastélum,Pérez,M,57,Cajamarca,Cajamarca,Cajamarca,Cliente ocasional
CLI000952,Salma,Ureña,Alba,F,36,Cajamarca,Cajamarca,Cajamarca,Cliente frecuente
CLI000953,Estela,Flórez,Casares,F,71,Cajamarca,Cajamarca,Cajamarca,Cliente frecuente
CLI000954,Amanda,Longoria,Canales,F,55,Llacanora,Cajamarca,Cajamarca,Cliente frecuente
CLI000955,Óscar,Cortez,Palomino,M,28,Cajamarca,Cajamarca,Cajamarca,Cliente ocasional
CLI000956,Benjamín,Leal,Chacón,M,42,Cajamarca,Cajamarca,Cajamarca,Cliente ocasional
CLI000957,Enrique,Meza,Canales,M,26,Cajamarca,Cajamarca,Cajamarca,Cliente nuevo
CLI000958,Javier,Cornejo,Benítez,M,55,La Encañada,Cajamarca,Cajamarca,Cliente nuevo
CLI000959,Leonardo,Mireles,Roybal,M,80,La Encañada,Cajamarca,Cajamarca,Cliente ocasional
CLI000960,Leonel,Ramón,Muñoz,M,24,Baños del Inca,Cajamarca,Cajamarca,Cliente ocasional
CLI000961,Soledad,Corrales,Palomo,F,74,Cajamarca,Cajamarca,Cajamarca,Cliente nuevo
CLI000962,Agustín,Narváez,Valenzuela,M,42,Jesús,Cajamarca,Cajamarca,Cliente ocasional
CLI000963,Teresa,Brito,Sosa,F,81,Baños del Inca,Cajamarca,Cajamarca,Cliente ocasional
CLI000964,Pedro,Montenegro,Tirado,M,37,Baños del Inca,Cajamarca,Cajamarca,Cliente ocasional
CLI000965,Samuel,Esquivel,Solano,M,53,Llacanora,Cajamarca,Cajamarca,Cliente frecuente
CLI000966,Dulce María,Cotto,Villagómez,F,82,Cajamarca,Cajamarca,Cajamarca,Cliente nuevo
CLI000967,Perla,Anaya,Ramón,F,24,La Encañada,Cajamarca,Cajamarca,Cliente ocasional
CLI000968,Nicolás,Archuleta,Zavala,M,55,Namora,Cajamarca,Cajamarca,Cliente frecuente
CLI000969,Bernardo,Garrido,Briseño,M,62,Llacanora,Cajamarca,Cajamarca,Cliente ocasional
CLI000970,Mateo,Monroy,Samaniego,M,74,Baños del Inca,Cajamarca,Cajamarca,Cliente frecuente
CLI000971,Alicia,Ordóñez,Arreola,F,54,Cajamarca,Cajamarca,Cajamarca,Cliente frecuente
CLI000972,Clemente,Ortega,Yáñez,M,79,Jesús,Cajamarca,Cajamarca,Cliente nuevo
CLI000973,Josefina,Rosas,Olmos,F,20,La Encañada,Cajamarca,Cajamarca,Cliente frecuente
CLI000974,Israel,Jasso,Rangel,M,55,La Encañada,Cajamarca,Cajamarca,Cliente nuevo
CLI000975,Perla,Regalado,Segura,F,53,Cajamarca,Cajamarca,Cajamarca,Cliente frecuente
CLI000976,Elvia,Sanabria,Prado,F,54,Cajamarca,Cajamarca,Cajamarca,Cliente ocasional
CLI000977,Mayte,Vera,Casanova,F,19,Cajamarca,Cajamarca,Cajamarca,Cliente ocasional
CLI000978,María Elena,Rentería,Preciado,F,30,Llacanora,Cajamarca,Cajamarca,Cliente ocasional
CLI000979,Ángel,Esparza,Longoria,M,29,Cajamarca,Cajamarca,Cajamarca,Cliente ocasional
CLI000980,Cristian,Espino,Ordóñez,M,61,Cajamarca,Cajamarca,Cajamarca,Cliente ocasional
CLI000981,Graciela,Velázquez,Peralta,F,51,Cajamarca,Cajamarca,Cajamarca,Cliente ocasional
CLI000982,José María,Armas,Dueñas,M,77,Cajamarca,Cajamarca,Cajamarca,Cliente ocasional
CLI000983,Mariano,Ulibarri,Gutiérrez,M,73,Cajamarca,Cajamarca,Cajamarca,Cliente ocasional
CLI000984,Mario,Mesa,Jaramillo,M,59,Jesús,Cajamarca,Cajamarca,Cliente nuevo
CLI000985,María Cristina,Ledesma,Campos,F,41,La Encañada,Cajamarca,Cajamarca,Cliente ocasional
CLI000986,Hermelinda,Lerma,Salcedo,F,81,La Encañada,Cajamarca,Cajamarca,Cliente ocasional
CLI000987,María José,Escobedo,Gamez,F,60,Cajamarca,Cajamarca,Cajamarca,Cliente ocasional
CLI000988,Salma,Escobedo,Reynoso,F,60,La Encañada,Cajamarca,Cajamarca,Cliente ocasional
CLI000989,Eva,Gonzales,Pichardo,F,67,Cajamarca,Cajamarca,Cajamarca,Cliente nuevo
CLI000990,Susana,Ordóñez,Esparza,F,50,Jesús,Cajamarca,Cajamarca,Cliente frecuente
CLI000991,Adriana,Magaña,Hinojosa,F,75,Jesús,Cajamarca,Cajamarca,Cliente ocasional
CLI000992,Julio César,Cadena,Valdivia,M,62,Cajamarca,Cajamarca,Cajamarca,Cliente ocasional
CLI000993,Arcelia,Casárez,Santillán,F,52,Baños del Inca,Cajamarca,Cajamarca,Cliente frecuente
CLI000994,Elsa,Galarza,Calvillo,F,85,Cajamarca,Cajamarca,Cajamarca,Cliente ocasional
CLI000995,Nicolás,Tello,Enríquez,M,36,Cajamarca,Cajamarca,Cajamarca,Cliente ocasional
CLI000996,Ana,Matos,Márquez,F,32,La Encañada,Cajamarca,Cajamarca,Cliente ocasional
CLI000997,Abelardo,Marín,Velásquez,M,62,Cajamarca,Cajamarca,Cajamarca,Cliente ocasional
CLI000998,César,Nieves,Gamboa,M,46,Baños del Inca,Cajamarca,Cajamarca,Cliente frecuente
CLI000999,Espartaco,Candelaria,Pelayo,M,65,Cajamarca,Cajamarca,Cajamarca,Cliente frecuente
CLI001000,Patricio,Rosales,Alonso,M,33,Cajamarca,Cajamarca,Cajamarca,Cliente nuevo
CLI001001,María Elena,Sandoval,Loera,F,23,Cajamarca,Cajamarca,Cajamarca,Cliente frecuente
CLI001002,Estefanía,Fernández,Bravo,F,81,La Encañada,Cajamarca,Cajamarca,Cliente ocasional
CLI001003,María,Godoy,Perea,F,66,Cajamarca,Cajamarca,Cajamarca,Cliente nuevo
CLI001004,María Luisa,Montoya,Burgos,F,65,Cajamarca,Cajamarca,Cajamarca,Cliente ocasional
CLI001005,Esteban,Salgado,Covarrubias,M,63,Baños del Inca,Cajamarca,Cajamarca,Cliente ocasional
CLI001006,José Manuél,Montez,Medrano,M,84,Baños del Inca,Cajamarca,Cajamarca,Cliente ocasional
CLI001007,Zoé,Portillo,Melgar,F,20,Cajamarca,Cajamarca,Cajamarca,Cliente frecuente
CLI001008,Beatriz,Quiñónez,Marín,F,25,Namora,Cajamarca,Cajamarca,Cliente nuevo
CLI001009,Pablo,Cazares,Pelayo,M,43,Matara,Cajamarca,Cajamarca,Cliente ocasional
CLI001010,Amalia,Ávila,Briones,F,79,Cajamarca,Cajamarca,Cajamarca,Cliente ocasional
CLI001011,Carlota,Bahena,del Río,F,67,Cajamarca,Cajamarca,Cajamarca,Cliente ocasional
CLI001012,Julio,Ordóñez,Escamilla,M,24,Cajamarca,Cajamarca,Cajamarca,Cliente ocasional
CLI001013,Magdalena,Zambrano,Ríos,F,66,La Encañada,Cajamarca,Cajamarca,Cliente ocasional
CLI001014,Fernando,Peralta,Ramón,M,32,Baños del Inca,Cajamarca,Cajamarca,Cliente ocasional
CLI001015,Marco Antonio,Orosco,Ponce,M,40,Baños del Inca,Cajamarca,Cajamarca,Cliente ocasional
CLI001016,Vicente,Rosales,Beltrán,M,61,Cajamarca,Cajamarca,Cajamarca,Cliente ocasional
CLI001017,José María,Villaseñor,Roybal,M,23,Cajamarca,Cajamarca,Cajamarca,Cliente ocasional
CLI001018,Daniela,Batista,Portillo,F,71,Cajamarca,Cajamarca,Cajamarca,Cliente ocasional
CLI001019,Estela,Treviño,Vanegas,F,32,Cajamarca,Cajamarca,Cajamarca,Cliente nuevo
CLI001020,Asunción,Valverde,Sepúlveda,F,41,Namora,Cajamarca,Cajamarca,Cliente frecuente
CLI001021,Tania,Leiva,Angulo,F,58,Cajamarca,Cajamarca,Cajamarca,Cliente nuevo
CLI001022,Rosa,Zambrano,Gaitán,F,38,Cajamarca,Cajamarca,Cajamarca,Cliente frecuente
CLI001023,Modesto,Valles,Rocha,M,49,Cajamarca,Cajamarca,Cajamarca,Cliente ocasional
CLI001024,Humberto,Núñez,Cruz,M,84,Jesús,Cajamarca,Cajamarca,Cliente nuevo
CLI001025,Carla,Maestas,Muñiz,F,20,Baños del Inca,Cajamarca,Cajamarca,Cliente frecuente
CLI001026,Sara,Alarcón,Armenta,F,41,Baños del Inca,Cajamarca,Cajamarca,Cliente nuevo
CLI001027,Esmeralda,Ramírez,Carrera,F,75,Cajamarca,Cajamarca,Cajamarca,Cliente ocasional
CLI001028,Rodolfo,Márquez,Ulibarri,M,48,Cajamarca,Cajamarca,Cajamarca,Cliente frecuente
CLI001029,Alicia,Salgado,Urbina,F,20,Cajamarca,Cajamarca,Cajamarca,Cliente frecuente
CLI001030,Citlali,Patiño,Zedillo,F,63,Baños del Inca,Cajamarca,Cajamarca,Cliente ocasional
CLI001031,Inés,Muñoz,Aranda,F,52,Llacanora,Cajamarca,Cajamarca,Cliente frecuente
CLI001032,Gabriela,Gálvez,Zambrano,F,79,Baños del Inca,Cajamarca,Cajamarca,Cliente frecuente
CLI001033,Marisol,Hernádez,Luevano,F,69,Llacanora,Cajamarca,Cajamarca,Cliente frecuente
CLI001034,Adalberto,Córdova,Montez,M,24,Cajamarca,Cajamarca,Cajamarca,Cliente ocasional
CLI001035,Clara,Camarillo,Varela,F,73,Llacanora,Cajamarca,Cajamarca,Cliente frecuente
CLI001036,Lorena,Arredondo,Romo,F,71,La Encañada,Cajamarca,Cajamarca,Cliente nuevo
CLI001037,Luisa,Guevara,Téllez,F,30,Baños del Inca,Cajamarca,Cajamarca,Cliente ocasional
CLI001038,Lorena,Martínez,Galván,F,59,Baños del Inca,Cajamarca,Cajamarca,Cliente frecuente
CLI001039,Jos,Carranza,Villegas,M,55,Cajamarca,Cajamarca,Cajamarca,Cliente ocasional
CLI001040,Amanda,Longoria,Rodríguez,F,77,Cajamarca,Cajamarca,Cajamarca,Cliente frecuente
CLI001041,Alvaro,Suárez,Rascón,M,72,Baños del Inca,Cajamarca,Cajamarca,Cliente ocasional
CLI001042,Lucas,Briseño,Gollum,M,57,Baños del Inca,Cajamarca,Cajamarca,Cliente ocasional
CLI001043,María Teresa,Miranda,Armendáriz,F,81,Baños del Inca,Cajamarca,Cajamarca,Cliente frecuente
CLI001044,Esmeralda,Zamora,Velasco,F,37,Cajamarca,Cajamarca,Cajamarca,Cliente nuevo
CLI001045,Omar,Villareal,Caraballo,M,76,Jesús,Cajamarca,Cajamarca,Cliente nuevo
CLI001046,Leonardo,de la Garza,Cervantes,M,74,Llacanora,Cajamarca,Cajamarca,Cliente ocasional
CLI001047,Julia,Dueñas,Loera,F,45,Cajamarca,Cajamarca,Cajamarca,Cliente nuevo
CLI001048,Ofelia,Echeverría,Carrero,F,78,Cajamarca,Cajamarca,Cajamarca,Cliente ocasional
CLI001049,Mateo,Amador,Razo,M,35,Jesús,Cajamarca,Cajamarca,Cliente ocasional
CLI001050,Rodolfo,Santiago,Saldaña,M,19,Cajamarca,Cajamarca,Cajamarca,Cliente ocasional
CLI001051,Frida,Mireles,Irizarry,F,24,Cajamarca,Cajamarca,Cajamarca,Cliente ocasional
CLI001052,Olga,Ceja,Trujillo,F,82,Cajamarca,Cajamarca,Cajamarca,Cliente ocasional
CLI001053,Zeferino,Iglesias,Medrano,M,20,Baños del Inca,Cajamarca,Cajamarca,Cliente frecuente
CLI001054,Cristian,Cepeda,de Anda,M,36,Cajamarca,Cajamarca,Cajamarca,Cliente nuevo
CLI001055,Jorge,Alvarado,Hinojosa,M,73,Llacanora,Cajamarca,Cajamarca,Cliente frecuente
CLI001056,Gabriel,Menchaca,Bravo,M,34,Baños del Inca,Cajamarca,Cajamarca,Cliente ocasional
CLI001057,Olivia,Quezada,Pichardo,F,55,Cajamarca,Cajamarca,Cajamarca,Cliente frecuente
CLI001058,Amanda,Juárez,Estrada,F,36,Matara,Cajamarca,Cajamarca,Cliente nuevo
CLI001059,Fabiola,Franco,Urrutia,F,39,Llacanora,Cajamarca,Cajamarca,Cliente frecuente
CLI001060,Benjamín,Quintero,Cortés,M,69,Baños del Inca,Cajamarca,Cajamarca,Cliente ocasional
CLI001061,Benito,Palomino,Tovar,M,78,Cajamarca,Cajamarca,Cajamarca,Cliente frecuente
CLI001062,Evelio,Zamudio,Mireles,M,68,Cajamarca,Cajamarca,Cajamarca,Cliente ocasional
CLI001063,Judith,Serrato,Camarillo,F,65,Cajamarca,Cajamarca,Cajamarca,Cliente ocasional
CLI001064,Virginia,Puga,Díaz,F,22,Baños del Inca,Cajamarca,Cajamarca,Cliente ocasional
CLI001065,Ángela,Alemán,Ibarra,F,52,Llacanora,Cajamarca,Cajamarca,Cliente frecuente
CLI001066,Mayte,Carreón,Badillo,F,78,Baños del Inca,Cajamarca,Cajamarca,Cliente ocasional
CLI001067,Genaro,Meléndez,Escamilla,M,30,Matara,Cajamarca,Cajamarca,Cliente ocasional
CLI001068,Eva,Romo,Serna,F,30,Cajamarca,Cajamarca,Cajamarca,Cliente ocasional
CLI001069,Mauricio,Navarro,Ferrer,M,51,Baños del Inca,Cajamarca,Cajamarca,Cliente ocasional
CLI001070,Alfonso,Apodaca,Mora,M,80,Matara,Cajamarca,Cajamarca,Cliente nuevo
CLI001071,Amanda,Echeverría,Salas,F,34,Cajamarca,Cajamarca,Cajamarca,Cliente nuevo
CLI001072,Rosario,Rendón,Nieto,F,74,Baños del Inca,Cajamarca,Cajamarca,Cliente ocasional
CLI001073,Mauricio,Maldonado,Santillán,M,83,Cajamarca,Cajamarca,Cajamarca,Cliente frecuente
CLI001074,Renato,Roybal,Torres,M,22,Cajamarca,Cajamarca,Cajamarca,Cliente frecuente
CLI001075,Antonia,Arce,Benavides,F,76,Cajamarca,Cajamarca,Cajamarca,Cliente frecuente
CLI001076,Adalberto,Santana,Camarillo,M,39,Cajamarca,Cajamarca,Cajamarca,Cliente ocasional
CLI001077,Amanda,Cervantes,Feliciano,F,18,Baños del Inca,Cajamarca,Cajamarca,Cliente frecuente
CLI001078,Carla,Aparicio,Flórez,F,56,Jesús,Cajamarca,Cajamarca,Cliente frecuente
CLI001079,Ángel,Posada,Noriega,M,85,Cajamarca,Cajamarca,Cajamarca,Cliente nuevo
CLI001080,Gustavo,Sanabria,Sanabria,M,44,Llacanora,Cajamarca,Cajamarca,Cliente nuevo
CLI001081,Aurelio,Castro,Gracia,M,26,La Encañada,Cajamarca,Cajamarca,Cliente ocasional
CLI001082,Marisol,Porras,Crespo,F,22,Baños del Inca,Cajamarca,Cajamarca,Cliente frecuente
CLI001083,Nadia,Sáenz,de León,F,23,Matara,Cajamarca,Cajamarca,Cliente ocasional
CLI001084,Alta  Gracia,Jaramillo,Montoya,F,81,Cajamarca,Cajamarca,Cajamarca,Cliente frecuente
CLI001085,Emilia,Ferrer,Barreto,F,24,Cajamarca,Cajamarca,Cajamarca,Cliente ocasional
CLI001086,Leonel,Carrero,Tafoya,M,47,Llacanora,Cajamarca,Cajamarca,Cliente ocasional
CLI001087,Nelly,Cadena,Irizarry,F,73,Baños del Inca,Cajamarca,Cajamarca,Cliente frecuente
CLI001088,Jacinto,Farías,Esparza,M,73,Cajamarca,Cajamarca,Cajamarca,Cliente ocasional
CLI001089,Magdalena,Otero,Alemán,F,53,Baños del Inca,Cajamarca,Cajamarca,Cliente ocasional
CLI001090,Alejandro,Bustos,Cuellar,M,84,Jesús,Cajamarca,Cajamarca,Cliente ocasional
CLI001091,Benito,Elizondo,Arteaga,M,63,La Encañada,Cajamarca,Cajamarca,Cliente nuevo
CLI001092,Verónica,Ojeda,Olivera,F,61,Baños del Inca,Cajamarca,Cajamarca,Cliente ocasional
CLI001093,Marco Antonio,Carrero,Contreras,M,60,Jesús,Cajamarca,Cajamarca,Cliente ocasional
CLI001094,Abraham,Melgar,Meza,M,60,Cajamarca,Cajamarca,Cajamarca,Cliente ocasional
CLI001095,Norma,González,Coronado,F,26,Jesús,Cajamarca,Cajamarca,Cliente nuevo
CLI001096,Roberto,Ceja,Menéndez,M,78,Cajamarca,Cajamarca,Cajamarca,Cliente nuevo
CLI001097,Agustín,Salcido,Arreola,M,41,Cajamarca,Cajamarca,Cajamarca,Cliente ocasional
CLI001098,Benjamín,Heredia,Parra,M,21,Namora,Cajamarca,Cajamarca,Cliente frecuente
CLI001099,José Emilio,Ramírez,Perales,M,73,Cajamarca,Cajamarca,Cajamarca,Cliente ocasional
CLI001100,Anabel,Cazares,Pizarro,F,40,Baños del Inca,Cajamarca,Cajamarca,Cliente frecuente
CLI001101,José,Cervantes,Henríquez,M,54,Llacanora,Cajamarca,Cajamarca,Cliente ocasional
CLI001102,Salvador,Burgos,Fierro,M,50,La Encañada,Cajamarca,Cajamarca,Cliente frecuente
CLI001103,Rodolfo,Camarillo,Casas,M,34,Cajamarca,Cajamarca,Cajamarca,Cliente ocasional
CLI001104,Héctor,Olivera,Delgadillo,M,81,Jesús,Cajamarca,Cajamarca,Cliente ocasional
CLI001105,Alonso,Franco,de la Garza,M,50,Baños del Inca,Cajamarca,Cajamarca,Cliente nuevo
CLI001106,Jonás,Santillán,Tirado,M,55,Cajamarca,Cajamarca,Cajamarca,Cliente ocasional
CLI001107,Elvira,Chacón,Roldán,F,76,Jesús,Cajamarca,Cajamarca,Cliente ocasional
CLI001108,Asunción,Núñez,Escobedo,F,45,Llacanora,Cajamarca,Cajamarca,Cliente ocasional
CLI001109,Delia,Véliz,Chávez,F,23,Llacanora,Cajamarca,Cajamarca,Cliente frecuente
CLI001110,René,Méndez,Cardona,M,69,La Encañada,Cajamarca,Cajamarca,Cliente ocasional
CLI001111,Alfonso,Arreola,de la O,M,21,Llacanora,Cajamarca,Cajamarca,Cliente ocasional
CLI001112,Ofelia,Lozano,Escalante,F,82,Baños del Inca,Cajamarca,Cajamarca,Cliente ocasional
CLI001113,Horacio,Madera,Crespo,M,60,Baños del Inca,Cajamarca,Cajamarca,Cliente ocasional
CLI001114,Cornelio,Ledesma,Gurule,M,63,Cajamarca,Cajamarca,Cajamarca,Cliente frecuente
CLI001115,Clemente,Girón,Mateo,M,77,La Encañada,Cajamarca,Cajamarca,Cliente frecuente
CLI001116,Modesto,Rodríquez,Corral,M,37,Baños del Inca,Cajamarca,Cajamarca,Cliente ocasional
CLI001117,Aurora,Alcaraz,Ulloa,F,50,La Encañada,Cajamarca,Cajamarca,Cliente ocasional
CLI001118,Germán,Mercado,Raya,M,56,Llacanora,Cajamarca,Cajamarca,Cliente ocasional
CLI001119,Norma,Velásquez,Villareal,F,50,Matara,Cajamarca,Cajamarca,Cliente nuevo
CLI001120,Leonardo,Casas,Meléndez,M,49,Cajamarca,Cajamarca,Cajamarca,Cliente ocasional
CLI001121,Evelio,Avilés,Zamora,M,38,Namora,Cajamarca,Cajamarca,Cliente nuevo
CLI001122,Jonás,Nájera,Collazo,M,73,Llacanora,Cajamarca,Cajamarca,Cliente ocasional
CLI001123,Bianca,Canales,Borrego,F,65,Baños del Inca,Cajamarca,Cajamarca,Cliente ocasional
CLI001124,César,Partida,Saucedo,M,76,La Encañada,Cajamarca,Cajamarca,Cliente frecuente
CLI001125,Omar,Cintrón,Ureña,M,45,Llacanora,Cajamarca,Cajamarca,Cliente frecuente
CLI001126,Salma,Mena,Irizarry,F,22,Jesús,Cajamarca,Cajamarca,Cliente nuevo
CLI001127,Alma,Carbajal,Mayorga,F,63,Matara,Cajamarca,Cajamarca,Cliente ocasional
CLI001128,Leticia,Riojas,Elizondo,F,50,Baños del Inca,Cajamarca,Cajamarca,Cliente nuevo
CLI001129,Barbara,Piña,Carranza,F,27,Cajamarca,Cajamarca,Cajamarca,Cliente ocasional
CLI001130,Arturo,Escalante,Campos,M,80,Jesús,Cajamarca,Cajamarca,Cliente ocasional
CLI001131,Claudio,Orta,Urbina,M,34,Jesús,Cajamarca,Cajamarca,Cliente ocasional
CLI001132,Estefanía,Limón,Montez,F,21,Baños del Inca,Cajamarca,Cajamarca,Cliente ocasional
CLI001133,Jos,Urías,Herrera,M,32,Cajamarca,Cajamarca,Cajamarca,Cliente ocasional
CLI001134,Armando,Menéndez,Sáenz,M,33,Cajamarca,Cajamarca,Cajamarca,Cliente ocasional
CLI001135,Amador,Soliz,Esparza,M,57,La Encañada,Cajamarca,Cajamarca,Cliente frecuente
CLI001136,Esther,Anaya,Tello,F,33,La Encañada,Cajamarca,Cajamarca,Cliente nuevo
CLI001137,Dulce María,Villareal,Madrid,F,56,Llacanora,Cajamarca,Cajamarca,Cliente nuevo
CLI001138,Dulce María,Villanueva,Manzanares,F,28,Cajamarca,Cajamarca,Cajamarca,Cliente frecuente
CLI001139,Zacarías,Barela,Canales,M,77,Baños del Inca,Cajamarca,Cajamarca,Cliente ocasional
CLI001140,Paulina,Acosta,Sáenz,F,58,Baños del Inca,Cajamarca,Cajamarca,Cliente nuevo
CLI001141,Alberto,Barreto,Irizarry,M,50,Baños del Inca,Cajamarca,Cajamarca,Cliente ocasional
CLI001142,María Luisa,Trejo,Iglesias,F,38,Cajamarca,Cajamarca,Cajamarca,Cliente nuevo
CLI001143,Patricia,Véliz,Cavazos,F,45,Matara,Cajamarca,Cajamarca,Cliente nuevo
CLI001144,Alma,Loya,Angulo,F,27,Cajamarca,Cajamarca,Cajamarca,Cliente ocasional
CLI001145,Eva,Villanueva,Barajas,F,31,Baños del Inca,Cajamarca,Cajamarca,Cliente frecuente
CLI001146,Mitzy,Altamirano,Montañez,F,64,Cajamarca,Cajamarca,Cajamarca,Cliente ocasional
CLI001147,Tania,Gonzales,Mireles,F,41,Cajamarca,Cajamarca,Cajamarca,Cliente nuevo
CLI001148,Alejandro,Barragán,Valles,M,41,Llacanora,Cajamarca,Cajamarca,Cliente ocasional
CLI001149,Camilo,Vigil,Ordóñez,M,24,Llacanora,Cajamarca,Cajamarca,Cliente frecuente
CLI001150,Jacobo,Colón,Bahena,M,61,Baños del Inca,Cajamarca,Cajamarca,Cliente nuevo
CLI001151,Amalia,Gutiérrez,Lozano,F,84,Cajamarca,Cajamarca,Cajamarca,Cliente ocasional
CLI001152,Leonel,Soto,Lara,M,83,Jesús,Cajamarca,Cajamarca,Cliente nuevo
CLI001153,Elias,Acevedo,Ferrer,M,63,La Encañada,Cajamarca,Cajamarca,Cliente ocasional
CLI001154,Jacinto,Apodaca,Rincón,M,41,Jesús,Cajamarca,Cajamarca,Cliente frecuente
CLI001155,Juana,Lira,Camacho,F,52,La Encañada,Cajamarca,Cajamarca,Cliente ocasional
CLI001156,José Emilio,Castro,Luna,M,58,Cajamarca,Cajamarca,Cajamarca,Cliente ocasional
CLI001157,Pamela,Rojo,Rendón,F,67,Cajamarca,Cajamarca,Cajamarca,Cliente frecuente
CLI001158,Agustín,Meza,Godoy,M,60,Cajamarca,Cajamarca,Cajamarca,Cliente nuevo
CLI001159,Eloisa,Olivera,Mendoza,F,34,Llacanora,Cajamarca,Cajamarca,Cliente frecuente
CLI001160,Josefina,Concepción,Ballesteros,F,81,Cajamarca,Cajamarca,Cajamarca,Cliente frecuente
CLI001161,Ana María,Carrasco,Caldera,F,61,Llacanora,Cajamarca,Cajamarca,Cliente ocasional
CLI001162,Agustín,Uribe,Quintanilla,M,46,Cajamarca,Cajamarca,Cajamarca,Cliente nuevo
CLI001163,Guillermina,Garza,Armas,F,28,Cajamarca,Cajamarca,Cajamarca,Cliente frecuente
CLI001164,Pablo,Alcala,Alcala,M,32,Matara,Cajamarca,Cajamarca,Cliente ocasional
CLI001165,Yolanda,Carrera,Montañez,F,71,La Encañada,Cajamarca,Cajamarca,Cliente ocasional
CLI001166,Flavio,Salinas,Zedillo,M,43,Baños del Inca,Cajamarca,Cajamarca,Cliente ocasional
CLI001167,Asunción,Alcántar,Caldera,F,33,Cajamarca,Cajamarca,Cajamarca,Cliente frecuente
CLI001168,Mauricio,Cepeda,Roque,M,71,La Encañada,Cajamarca,Cajamarca,Cliente frecuente
CLI001169,Blanca,Rocha,de la Garza,F,25,Cajamarca,Cajamarca,Cajamarca,Cliente nuevo
CLI001170,Caridad,Madrid,Matos,F,62,Baños del Inca,Cajamarca,Cajamarca,Cliente ocasional
CLI001171,Paola,Velásquez,Limón,F,53,Cajamarca,Cajamarca,Cajamarca,Cliente ocasional
CLI001172,Norma,Badillo,Ledesma,F,18,Cajamarca,Cajamarca,Cajamarca,Cliente ocasional
CLI001173,José Manuél,Cisneros,Varela,M,58,Cajamarca,Cajamarca,Cajamarca,Cliente nuevo
CLI001174,Yeni,Guillen,Bueno,F,52,Matara,Cajamarca,Cajamarca,Cliente ocasional
CLI001175,Cynthia,Bustos,Estévez,F,51,Baños del Inca,Cajamarca,Cajamarca,Cliente ocasional
CLI001176,Samuel,Angulo,Adame,M,48,Cajamarca,Cajamarca,Cajamarca,Cliente ocasional
CLI001177,Elias,Ponce,Jasso,M,59,Jesús,Cajamarca,Cajamarca,Cliente ocasional
CLI001178,Gustavo,Archuleta,Valenzuela,M,62,Namora,Cajamarca,Cajamarca,Cliente ocasional
CLI001179,Berta,Solorzano,Piña,F,39,Llacanora,Cajamarca,Cajamarca,Cliente frecuente
CLI001180,Tomás,Mendoza,Fonseca,M,34,Cajamarca,Cajamarca,Cajamarca,Cliente ocasional
CLI001181,Julio César,Arce,Olivares,M,51,La Encañada,Cajamarca,Cajamarca,Cliente frecuente
CLI001182,Julio César,Carvajal,Gallardo,M,63,Jesús,Cajamarca,Cajamarca,Cliente ocasional
CLI001183,Conchita,Jáquez,Zavala,F,51,Namora,Cajamarca,Cajamarca,Cliente ocasional
CLI001184,Zoé,Ojeda,Munguía,F,31,Llacanora,Cajamarca,Cajamarca,Cliente ocasional
CLI001185,Victoria,Peña,Ruiz,F,79,Baños del Inca,Cajamarca,Cajamarca,Cliente ocasional
CLI001186,Salvador,Verduzco,Murillo,M,79,Cajamarca,Cajamarca,Cajamarca,Cliente ocasional
CLI001187,Zeferino,Camacho,Rico,M,34,Llacanora,Cajamarca,Cajamarca,Cliente frecuente
CLI001188,Norma,Laureano,Piña,F,34,Baños del Inca,Cajamarca,Cajamarca,Cliente ocasional
CLI001189,Francisca,Guerrero,Cavazos,F,35,Baños del Inca,Cajamarca,Cajamarca,Cliente frecuente
CLI001190,Beatriz,Arevalo,Samaniego,F,45,Baños del Inca,Cajamarca,Cajamarca,Cliente nuevo
CLI001191,María Elena,Cazares,Maya,F,28,La Encañada,Cajamarca,Cajamarca,Cliente frecuente
CLI001192,Mariana,Mejía,Navarrete,F,53,Cajamarca,Cajamarca,Cajamarca,Cliente ocasional
CLI001193,Trinidad,Arredondo,Zamudio,F,44,Jesús,Cajamarca,Cajamarca,Cliente nuevo
CLI001194,Andrés,Aparicio,Ulloa,M,53,Baños del Inca,Cajamarca,Cajamarca,Cliente ocasional
CLI001195,Gerónimo,Archuleta,Gallegos,M,81,Matara,Cajamarca,Cajamarca,Cliente ocasional
CLI001196,Florencia,Negrete,Laboy,F,26,Cajamarca,Cajamarca,Cajamarca,Cliente frecuente
CLI001197,Samuel,Gaona,Mendoza,M,25,Cajamarca,Cajamarca,Cajamarca,Cliente nuevo
CLI001198,Catalina,Ramón,Montalvo,F,85,Cajamarca,Cajamarca,Cajamarca,Cliente ocasional
CLI001199,Amalia,Salas,Rocha,F,63,Baños del Inca,Cajamarca,Cajamarca,Cliente nuevo
CLI001200,Martín,Estévez,Villarreal,M,52,Llacanora,Cajamarca,Cajamarca,Cliente ocasional
CLI001201,Héctor,Laureano,Alfaro,M,22,Baños del Inca,Cajamarca,Cajamarca,Cliente ocasional
CLI001202,José Eduardo,Casillas,Luevano,M,32,Namora,Cajamarca,Cajamarca,Cliente ocasional
CLI001203,Flavio,Serna,Candelaria,M,27,La Encañada,Cajamarca,Cajamarca,Cliente ocasional
CLI001204,Jorge,Vélez,Páez,M,29,La Encañada,Cajamarca,Cajamarca,Cliente frecuente
CLI001205,Héctor,Benítez,Aranda,M,44,Llacanora,Cajamarca,Cajamarca,Cliente ocasional
CLI001206,Eugenio,Jurado,Aranda,M,47,Baños del Inca,Cajamarca,Cajamarca,Cliente ocasional
CLI001207,Modesto,Meza,Camarillo,M,68,Jesús,Cajamarca,Cajamarca,Cliente ocasional
CLI001208,Clara,Corral,Urrutia,F,30,Llacanora,Cajamarca,Cajamarca,Cliente ocasional
CLI001209,Alberto,Suárez,Molina,M,25,Cajamarca,Cajamarca,Cajamarca,Cliente ocasional
CLI001210,Lucía,Ballesteros,Granado,F,55,Matara,Cajamarca,Cajamarca,Cliente ocasional
CLI001211,Josefina,Granados,Loera,F,24,Cajamarca,Cajamarca,Cajamarca,Cliente frecuente
CLI001212,José Luis,López,Prado,M,85,Jesús,Cajamarca,Cajamarca,Cliente nuevo
CLI001213,Catalina,Patiño,Sánchez,F,35,Llacanora,Cajamarca,Cajamarca,Cliente frecuente
CLI001214,Ilse,Reynoso,Cavazos,F,57,Cajamarca,Cajamarca,Cajamarca,Cliente frecuente
CLI001215,César,Frías,Ávila,M,48,La Encañada,Cajamarca,Cajamarca,Cliente ocasional
CLI001216,José Manuél,Caraballo,Porras,M,73,Cajamarca,Cajamarca,Cajamarca,Cliente ocasional
CLI001217,Sessa,Carreón,Palomo,F,42,Cajamarca,Cajamarca,Cajamarca,Cliente ocasional
CLI001218,Maximiliano,Ochoa,Mojica,M,51,Cajamarca,Cajamarca,Cajamarca,Cliente ocasional
CLI001219,Abelardo,Miranda,Colunga,M,43,Namora,Cajamarca,Cajamarca,Cliente ocasional
CLI001220,Leticia,Mendoza,Burgos,F,43,Baños del Inca,Cajamarca,Cajamarca,Cliente ocasional
CLI001221,Luz,Ayala,Garica,F,19,Cajamarca,Cajamarca,Cajamarca,Cliente ocasional
CLI001222,Elvia,Polanco,Velasco,F,41,Baños del Inca,Cajamarca,Cajamarca,Cliente frecuente
CLI001223,Timoteo,Orosco,Munguía,M,74,Cajamarca,Cajamarca,Cajamarca,Cliente ocasional
CLI001224,Dalia,Solano,Osorio,F,85,Matara,Cajamarca,Cajamarca,Cliente frecuente
CLI001225,Gloria,Ureña,Cervántez,F,19,Cajamarca,Cajamarca,Cajamarca,Cliente ocasional
CLI001226,Cynthia,Roldán,Pineda,F,19,Namora,Cajamarca,Cajamarca,Cliente frecuente
CLI001227,Ramiro,Menéndez,Tovar,M,34,Namora,Cajamarca,Cajamarca,Cliente ocasional
CLI001228,Dulce,Lira,Cepeda,F,65,Cajamarca,Cajamarca,Cajamarca,Cliente ocasional
CLI001229,Marisol,Miramontes,Naranjo,F,24,Cajamarca,Cajamarca,Cajamarca,Cliente ocasional
CLI001230,Julio César,Arias,Franco,M,18,Baños del Inca,Cajamarca,Cajamarca,Cliente ocasional
CLI001231,Gilberto,Villagómez,Pelayo,M,59,La Encañada,Cajamarca,Cajamarca,Cliente frecuente
CLI001232,Violeta,Arce,Crespo,F,36,Llacanora,Cajamarca,Cajamarca,Cliente ocasional
CLI001233,Fidel,Salazar,Coronado,M,63,Baños del Inca,Cajamarca,Cajamarca,Cliente ocasional
CLI001234,Uriel,Olivo,Benítez,M,52,Cajamarca,Cajamarca,Cajamarca,Cliente ocasional
CLI001235,Elsa,Candelaria,Rosas,F,51,Llacanora,Cajamarca,Cajamarca,Cliente frecuente
CLI001236,René,Marroquín,Ruelas,M,56,Baños del Inca,Cajamarca,Cajamarca,Cliente frecuente
CLI001237,Augusto,Arredondo,Irizarry,M,18,La Encañada,Cajamarca,Cajamarca,Cliente ocasional
CLI001238,Claudia,Hinojosa,Casanova,F,52,La Encañada,Cajamarca,Cajamarca,Cliente ocasional
CLI001239,Natividad,Serna,Jasso,F,46,Jesús,Cajamarca,Cajamarca,Cliente ocasional
CLI001240,Marisela,Tafoya,Nieto,F,48,Jesús,Cajamarca,Cajamarca,Cliente ocasional
CLI001241,Jonás,de la Rosa,Chapa,M,55,Cajamarca,Cajamarca,Cajamarca,Cliente ocasional
CLI001242,Mónica,Mercado,Escobedo,F,81,Llacanora,Cajamarca,Cajamarca,Cliente ocasional
CLI001243,Tomás,Mercado,Vergara,M,31,Baños del Inca,Cajamarca,Cajamarca,Cliente ocasional
CLI001244,Porfirio,Estévez,Dueñas,M,29,Baños del Inca,Cajamarca,Cajamarca,Cliente ocasional
CLI001245,Darío,Ocasio,Gallegos,M,41,Jesús,Cajamarca,Cajamarca,Cliente frecuente
CLI001246,Aurora,Ávila,Molina,F,71,Cajamarca,Cajamarca,Cajamarca,Cliente frecuente
CLI001247,Asunción,Barrios,Quiroz,F,83,Cajamarca,Cajamarca,Cajamarca,Cliente ocasional
CLI001248,Paola,Alba,Chávez,F,52,Jesús,Cajamarca,Cajamarca,Cliente frecuente
CLI001249,María,Ruelas,Montes,F,20,La Encañada,Cajamarca,Cajamarca,Cliente frecuente
CLI001250,Carmen,Botello,Patiño,F,55,Baños del Inca,Cajamarca,Cajamarca,Cliente nuevo
CLI001251,Emiliano,Bustamante,Jimínez,M,20,Llacanora,Cajamarca,Cajamarca,Cliente ocasional
CLI001252,Guillermo,Peres,Calvillo,M,35,Namora,Cajamarca,Cajamarca,Cliente frecuente
CLI001253,Gabriel,León,Gamez,M,52,Cajamarca,Cajamarca,Cajamarca,Cliente ocasional
CLI001254,Víctor,Vera,Velasco,M,24,Jesús,Cajamarca,Cajamarca,Cliente frecuente
CLI001255,Zacarías,Matías,Vásquez,M,61,Baños del Inca,Cajamarca,Cajamarca,Cliente ocasional
CLI001256,Juana,Mireles,Hidalgo,F,41,Baños del Inca,Cajamarca,Cajamarca,Cliente ocasional
CLI001257,Sara,Perea,Coronado,F,29,Baños del Inca,Cajamarca,Cajamarca,Cliente ocasional
CLI001258,Alejandro,Murillo,Meléndez,M,28,Cajamarca,Cajamarca,Cajamarca,Cliente nuevo
CLI001259,Homero,Urbina,Villareal,M,18,Baños del Inca,Cajamarca,Cajamarca,Cliente ocasional
CLI001260,Javier,Sandoval,Perales,M,29,Baños del Inca,Cajamarca,Cajamarca,Cliente nuevo
CLI001261,Gustavo,Colón,Centeno,M,57,Cajamarca,Cajamarca,Cajamarca,Cliente ocasional
CLI001262,Francisco,Valdés,Oquendo,M,73,Jesús,Cajamarca,Cajamarca,Cliente frecuente
CLI001263,Bruno,Paz,Elizondo,M,45,La Encañada,Cajamarca,Cajamarca,Cliente ocasional
CLI001264,Hermelinda,Soria,Vega,F,46,Llacanora,Cajamarca,Cajamarca,Cliente nuevo
CLI001265,Juana,Olivárez,Macías,F,78,Baños del Inca,Cajamarca,Cajamarca,Cliente frecuente
CLI001266,Paulina,Mascareñas,Alba,F,66,Cajamarca,Cajamarca,Cajamarca,Cliente ocasional
CLI001267,María,Bermúdez,Flores,F,71,Baños del Inca,Cajamarca,Cajamarca,Cliente ocasional
CLI001268,José Eduardo,Guajardo,Mares,M,50,Baños del Inca,Cajamarca,Cajamarca,Cliente ocasional
CLI001269,Rubén,Guzmán,Oquendo,M,34,Jesús,Cajamarca,Cajamarca,Cliente ocasional
CLI001270,Ricardo,Palacios,González,M,71,Cajamarca,Cajamarca,Cajamarca,Cliente ocasional
CLI001271,Laura,Reséndez,Tovar,F,57,Matara,Cajamarca,Cajamarca,Cliente ocasional
CLI001272,Alvaro,Arteaga,Pineda,M,53,Baños del Inca,Cajamarca,Cajamarca,Cliente nuevo
CLI001273,Jacinto,Carvajal,Rivera,M,33,Cajamarca,Cajamarca,Cajamarca,Cliente ocasional
CLI001274,Gerardo,Mora,Valles,M,83,Namora,Cajamarca,Cajamarca,Cliente nuevo
CLI001275,Marcos,Márquez,Segura,M,65,Cajamarca,Cajamarca,Cajamarca,Cliente ocasional
CLI001276,Isabel,Cordero,Orellana,F,20,Cajamarca,Cajamarca,Cajamarca,Cliente ocasional
CLI001277,Raúl,Casas,Sarabia,M,47,Jesús,Cajamarca,Cajamarca,Cliente frecuente
CLI001278,Nelly,Botello,Chapa,F,25,Cajamarca,Cajamarca,Cajamarca,Cliente frecuente
CLI001279,Aldo,Porras,Jasso,M,77,Cajamarca,Cajamarca,Cajamarca,Cliente ocasional
CLI001280,Augusto,Romo,Brito,M,60,Baños del Inca,Cajamarca,Cajamarca,Cliente frecuente
CLI001281,Camilo,Alvarez,Alcántar,M,74,Cajamarca,Cajamarca,Cajamarca,Cliente nuevo
CLI001282,Jerónimo,Cordero,Juárez,M,63,Cajamarca,Cajamarca,Cajamarca,Cliente nuevo
CLI001283,Rufino,Amador,Armas,M,44,Baños del Inca,Cajamarca,Cajamarca,Cliente frecuente
CLI001284,Miguel Ángel,Melgar,Casillas,M,48,Llacanora,Cajamarca,Cajamarca,Cliente nuevo
CLI001285,Gregorio,Cortés,Zaragoza,M,36,Cajamarca,Cajamarca,Cajamarca,Cliente ocasional
CLI001286,Elvira,Anaya,Valles,F,64,Cajamarca,Cajamarca,Cajamarca,Cliente ocasional
CLI001287,Conchita,Linares,Bueno,F,53,Cajamarca,Cajamarca,Cajamarca,Cliente ocasional
CLI001288,Adela,Valenzuela,Alcala,F,25,Jesús,Cajamarca,Cajamarca,Cliente ocasional
CLI001289,Jacinto,Arriaga,Meléndez,M,46,Cajamarca,Cajamarca,Cajamarca,Cliente ocasional
CLI001290,Óscar,Leyva,Lucero,M,22,Llacanora,Cajamarca,Cajamarca,Cliente nuevo
CLI001291,Eva,Tamez,Olvera,F,77,Cajamarca,Cajamarca,Cajamarca,Cliente nuevo
CLI001292,Adán,Ruelas,Berríos,M,39,Llacanora,Cajamarca,Cajamarca,Cliente ocasional
CLI001293,Paola,Olvera,Jimínez,F,49,Baños del Inca,Cajamarca,Cajamarca,Cliente frecuente
CLI001294,Karla,Rendón,Saucedo,F,31,La Encañada,Cajamarca,Cajamarca,Cliente nuevo
CLI001295,Francisco Javier,Cardenas,Solorio,M,72,Jesús,Cajamarca,Cajamarca,Cliente frecuente
CLI001296,Esther,Murillo,Gutiérrez,F,79,Cajamarca,Cajamarca,Cajamarca,Cliente frecuente
CLI001297,Bernardo,Juárez,Medina,M,77,La Encañada,Cajamarca,Cajamarca,Cliente ocasional
CLI001298,Elisa,Aguilar,Corral,F,35,Cajamarca,Cajamarca,Cajamarca,Cliente ocasional
CLI001299,Jorge,Madrigal,Luna,M,73,Namora,Cajamarca,Cajamarca,Cliente nuevo
CLI001300,Angélica,Escobar,Bravo,F,72,Cajamarca,Cajamarca,Cajamarca,Cliente ocasional
CLI001301,Ariadna,Rodarte,Lerma,F,43,Baños del Inca,Cajamarca,Cajamarca,Cliente ocasional
CLI001302,Adalberto,Negrón,Matos,M,34,Cajamarca,Cajamarca,Cajamarca,Cliente ocasional
CLI001303,Hernán,Meza,Tapia,M,21,Jesús,Cajamarca,Cajamarca,Cliente ocasional
CLI001304,Pamela,Cortés,Aguilera,F,79,Cajamarca,Cajamarca,Cajamarca,Cliente frecuente
CLI001305,Horacio,de la Crúz,Arenas,M,72,Llacanora,Cajamarca,Cajamarca,Cliente nuevo
CLI001306,Estela,Peres,Tejeda,F,59,Cajamarca,Cajamarca,Cajamarca,Cliente frecuente
CLI001307,Mariana,Yáñez,Alcaraz,F,46,Baños del Inca,Cajamarca,Cajamarca,Cliente ocasional
CLI001308,Augusto,Casas,Cepeda,M,53,Cajamarca,Cajamarca,Cajamarca,Cliente ocasional
CLI001309,Graciela,Cardenas,Mojica,F,20,Baños del Inca,Cajamarca,Cajamarca,Cliente ocasional
CLI001310,María Luisa,Tejeda,Rivas,F,30,Baños del Inca,Cajamarca,Cajamarca,Cliente frecuente
CLI001311,Samuel,Holguín,Sandoval,M,36,Baños del Inca,Cajamarca,Cajamarca,Cliente frecuente
CLI001312,Josefina,Huerta,Arteaga,F,54,Jesús,Cajamarca,Cajamarca,Cliente nuevo
CLI001313,Conchita,Pabón,Rojo,F,33,Cajamarca,Cajamarca,Cajamarca,Cliente frecuente
CLI001314,César,Valadez,Peña,M,26,Cajamarca,Cajamarca,Cajamarca,Cliente ocasional
CLI001315,Rodolfo,Huerta,Bueno,M,79,Matara,Cajamarca,Cajamarca,Cliente frecuente
CLI001316,Manuel,Sisneros,Niño,M,65,Cajamarca,Cajamarca,Cajamarca,Cliente ocasional
CLI001317,Rebeca,Portillo,Viera,F,70,Llacanora,Cajamarca,Cajamarca,Cliente frecuente
CLI001318,Wendolin,Amador,Gil,F,61,Llacanora,Cajamarca,Cajamarca,Cliente nuevo
CLI001319,Amanda,Robledo,León,F,33,Matara,Cajamarca,Cajamarca,Cliente nuevo
CLI001320,Porfirio,Briones,Zapata,M,25,Baños del Inca,Cajamarca,Cajamarca,Cliente frecuente
CLI001321,Marisela,Vigil,Mondragón,F,42,La Encañada,Cajamarca,Cajamarca,Cliente frecuente
CLI001322,Bernabé,Arevalo,Alonzo,M,60,Cajamarca,Cajamarca,Cajamarca,Cliente ocasional
CLI001323,José Carlos,León,Patiño,M,45,Baños del Inca,Cajamarca,Cajamarca,Cliente nuevo
CLI001324,Helena,Zaragoza,Urrutia,F,69,Matara,Cajamarca,Cajamarca,Cliente ocasional
CLI001325,Leonor,Mesa,Treviño,F,41,La Encañada,Cajamarca,Cajamarca,Cliente frecuente
CLI001326,Iván,Ornelas,Borrego,M,22,Cajamarca,Cajamarca,Cajamarca,Cliente ocasional
CLI001327,Rubén,Montaño,Sanabria,M,66,Jesús,Cajamarca,Cajamarca,Cliente ocasional
CLI001328,Daniela,Henríquez,Solorzano,F,47,Llacanora,Cajamarca,Cajamarca,Cliente nuevo
CLI001329,Barbara,Fajardo,Cisneros,F,67,Jesús,Cajamarca,Cajamarca,Cliente ocasional
CLI001330,Miguel,Solorio,Mena,M,79,Cajamarca,Cajamarca,Cajamarca,Cliente ocasional
CLI001331,Débora,Urbina,Carrero,F,32,Jesús,Cajamarca,Cajamarca,Cliente frecuente
CLI001332,Emilio,Palomino,Guajardo,M,84,Cajamarca,Cajamarca,Cajamarca,Cliente ocasional
CLI001333,Estela,Reyes,Palomino,F,24,Jesús,Cajamarca,Cajamarca,Cliente ocasional
CLI001334,Silvia,Terrazas,Olmos,F,39,Llacanora,Cajamarca,Cajamarca,Cliente ocasional
CLI001335,Alejandra,Juárez,Balderas,F,64,Jesús,Cajamarca,Cajamarca,Cliente frecuente
CLI001336,Yolanda,Carrillo,Holguín,F,83,Cajamarca,Cajamarca,Cajamarca,Cliente nuevo
CLI001337,Porfirio,Partida,Briones,M,71,Matara,Cajamarca,Cajamarca,Cliente ocasional
CLI001338,Espartaco,Laboy,Barela,M,43,Llacanora,Cajamarca,Cajamarca,Cliente nuevo
CLI001339,José Emilio,Rivero,Jimínez,M,61,Baños del Inca,Cajamarca,Cajamarca,Cliente ocasional
CLI001340,Elvira,Solorio,Villarreal,F,56,Jesús,Cajamarca,Cajamarca,Cliente frecuente
CLI001341,Alma,Galindo,Dueñas,F,37,Cajamarca,Cajamarca,Cajamarca,Cliente nuevo
CLI001342,Oswaldo,Baca,Parra,M,36,Jesús,Cajamarca,Cajamarca,Cliente ocasional
CLI001343,Wilfrido,Sanches,Gil,M,77,Cajamarca,Cajamarca,Cajamarca,Cliente frecuente
CLI001344,Gustavo,Carrera,Aranda,M,39,Cajamarca,Cajamarca,Cajamarca,Cliente frecuente
CLI001345,Elsa,Delgadillo,Samaniego,F,45,Llacanora,Cajamarca,Cajamarca,Cliente ocasional
CLI001346,Benito,Viera,Concepción,M,43,Cajamarca,Cajamarca,Cajamarca,Cliente frecuente
CLI001347,Nicolás,Dávila,Ibarra,M,36,Baños del Inca,Cajamarca,Cajamarca,Cliente frecuente
CLI001348,Eloisa,de la Rosa,Solano,F,42,Llacanora,Cajamarca,Cajamarca,Cliente ocasional
CLI001349,Zacarías,Orozco,Tamez,M,61,Cajamarca,Cajamarca,Cajamarca,Cliente nuevo
CLI001350,Luis Miguel,Rodarte,Aranda,M,50,La Encañada,Cajamarca,Cajamarca,Cliente nuevo
CLI001351,Genaro,Ontiveros,Jaime,M,47,Jesús,Cajamarca,Cajamarca,Cliente ocasional
CLI001352,Cristobal,Roque,Arce,M,38,Cajamarca,Cajamarca,Cajamarca,Cliente ocasional
CLI001353,Itzel,Saiz,Mascareñas,F,76,Namora,Cajamarca,Cajamarca,Cliente frecuente
CLI001354,Helena,Laureano,Almonte,F,42,Cajamarca,Cajamarca,Cajamarca,Cliente ocasional
CLI001355,Nadia,Brito,Mireles,F,21,Baños del Inca,Cajamarca,Cajamarca,Cliente frecuente
CLI001356,Abigail,Saldivar,Girón,F,58,Baños del Inca,Cajamarca,Cajamarca,Cliente ocasional
CLI001357,Wilfrido,Delgado,Varela,M,69,Jesús,Cajamarca,Cajamarca,Cliente nuevo
CLI001358,Carmen,Godoy,Vélez,F,27,La Encañada,Cajamarca,Cajamarca,Cliente nuevo
CLI001359,Cornelio,Carrillo,Figueroa,M,62,Llacanora,Cajamarca,Cajamarca,Cliente ocasional
CLI001360,Arturo,Sanabria,Arenas,M,67,Llacanora,Cajamarca,Cajamarca,Cliente nuevo
CLI001361,Tomás,Arriaga,Moya,M,71,Cajamarca,Cajamarca,Cajamarca,Cliente ocasional
CLI001362,Omar,Irizarry,Rubio,M,63,Matara,Cajamarca,Cajamarca,Cliente nuevo
CLI001363,Camilo,Velásquez,Pérez,M,47,Cajamarca,Cajamarca,Cajamarca,Cliente nuevo
CLI001364,Luis Manuel,Ulloa,Farías,M,65,Cajamarca,Cajamarca,Cajamarca,Cliente nuevo
CLI001365,Bianca,Jaramillo,Villareal,F,65,Baños del Inca,Cajamarca,Cajamarca,Cliente nuevo
CLI001366,Roberto,Montaño,Acosta,M,32,Cajamarca,Cajamarca,Cajamarca,Cliente frecuente
CLI001367,Reina,Gaitán,Hernández,F,35,Cajamarca,Cajamarca,Cajamarca,Cliente ocasional
CLI001368,Tania,del Río,Galván,F,61,Cajamarca,Cajamarca,Cajamarca,Cliente ocasional
CLI001369,Alberto,Linares,Almaraz,M,47,Llacanora,Cajamarca,Cajamarca,Cliente frecuente
CLI001370,Javier,Madrid,Barraza,M,74,Jesús,Cajamarca,Cajamarca,Cliente frecuente
CLI001371,Mónica,Razo,Gastélum,F,37,Cajamarca,Cajamarca,Cajamarca,Cliente nuevo
CLI001372,Isabel,de la Garza,Tijerina,F,46,La Encañada,Cajamarca,Cajamarca,Cliente nuevo
CLI001373,Yuridia,Lozano,Pérez,F,22,Baños del Inca,Cajamarca,Cajamarca,Cliente ocasional
CLI001374,Fernando,Blanco,de la O,M,25,Baños del Inca,Cajamarca,Cajamarca,Cliente frecuente
CLI001375,Anel,Contreras,Raya,F,49,Cajamarca,Cajamarca,Cajamarca,Cliente ocasional
CLI001376,Óliver,Villa,del Valle,M,52,La Encañada,Cajamarca,Cajamarca,Cliente ocasional
CLI001377,Manuel,del Río,Rosas,M,57,Baños del Inca,Cajamarca,Cajamarca,Cliente ocasional
CLI001378,Amelia,Caballero,Briones,F,39,Cajamarca,Cajamarca,Cajamarca,Cliente frecuente
CLI001379,Óscar,Roldán,Leal,M,65,Jesús,Cajamarca,Cajamarca,Cliente frecuente
CLI001380,Gilberto,Pineda,Negrón,M,68,La Encañada,Cajamarca,Cajamarca,Cliente ocasional
CLI001381,Aurora,de la O,Enríquez,F,69,Cajamarca,Cajamarca,Cajamarca,Cliente nuevo
CLI001382,Vicente,Cotto,Noriega,M,83,Baños del Inca,Cajamarca,Cajamarca,Cliente nuevo
CLI001383,Óscar,Baeza,Sotelo,M,24,La Encañada,Cajamarca,Cajamarca,Cliente ocasional
CLI001384,Benito,Ríos,Garza,M,33,Cajamarca,Cajamarca,Cajamarca,Cliente ocasional
CLI001385,Julio,del Río,Cabán,M,18,Matara,Cajamarca,Cajamarca,Cliente ocasional
CLI001386,Martha,Holguín,Camacho,F,67,La Encañada,Cajamarca,Cajamarca,Cliente nuevo
CLI001387,Indira,Medrano,Huerta,F,18,Cajamarca,Cajamarca,Cajamarca,Cliente nuevo
CLI001388,Micaela,Portillo,Alvarez,F,64,Baños del Inca,Cajamarca,Cajamarca,Cliente ocasional
CLI001389,Nancy,Anguiano,Cornejo,F,24,Llacanora,Cajamarca,Cajamarca,Cliente frecuente
CLI001390,Eric,Cuellar,Estrada,M,75,Jesús,Cajamarca,Cajamarca,Cliente frecuente
CLI001391,Esteban,Jimínez,Martínez,M,26,Cajamarca,Cajamarca,Cajamarca,Cliente ocasional
CLI001392,Linda,Meléndez,Acosta,F,44,Baños del Inca,Cajamarca,Cajamarca,Cliente frecuente
CLI001393,Jacobo,Huerta,Garay,M,31,La Encañada,Cajamarca,Cajamarca,Cliente ocasional
CLI001394,Estefanía,Malave,Córdova,F,82,Cajamarca,Cajamarca,Cajamarca,Cliente ocasional
CLI001395,Guillermina,Haro,Cabrera,F,48,Baños del Inca,Cajamarca,Cajamarca,Cliente frecuente
CLI001396,Eric,Aguilar,Carrero,M,65,Namora,Cajamarca,Cajamarca,Cliente ocasional
CLI001397,Violeta,Madera,Cardona,F,69,Baños del Inca,Cajamarca,Cajamarca,Cliente ocasional
CLI001398,David,Vigil,Laboy,M,78,Baños del Inca,Cajamarca,Cajamarca,Cliente frecuente
CLI001399,Fidel,Cruz,Caballero,M,28,Llacanora,Cajamarca,Cajamarca,Cliente ocasional
CLI001400,Ignacio,Leiva,Matías,M,47,Cajamarca,Cajamarca,Cajamarca,Cliente ocasional
CLI001401,Leonardo,Mondragón,Espinoza,M,39,La Encañada,Cajamarca,Cajamarca,Cliente nuevo
CLI001402,Eugenio,Tamez,Collazo,M,34,Baños del Inca,Cajamarca,Cajamarca,Cliente ocasional
CLI001403,Felix,Cuellar,Serrato,M,77,Jesús,Cajamarca,Cajamarca,Cliente ocasional
CLI001404,Francisco,Sáenz,Rolón,M,40,Baños del Inca,Cajamarca,Cajamarca,Cliente ocasional
CLI001405,Frida,Sánchez,Noriega,F,36,Cajamarca,Cajamarca,Cajamarca,Cliente ocasional
CLI001406,Alvaro,Borrego,Delgado,M,45,Jesús,Cajamarca,Cajamarca,Cliente frecuente
CLI001407,Conchita,Sandoval,Concepción,F,42,Baños del Inca,Cajamarca,Cajamarca,Cliente frecuente
CLI001408,Carlota,de la Fuente,Santiago,F,28,Baños del Inca,Cajamarca,Cajamarca,Cliente frecuente
CLI001409,Fabiola,Villagómez,Uribe,F,25,Llacanora,Cajamarca,Cajamarca,Cliente ocasional
CLI001410,Amador,Reyna,Galarza,M,45,Matara,Cajamarca,Cajamarca,Cliente ocasional
CLI001411,Adán,Hernández,Puga,M,70,Namora,Cajamarca,Cajamarca,Cliente ocasional
CLI001412,Javier,Cruz,Gaytán,M,57,Cajamarca,Cajamarca,Cajamarca,Cliente ocasional
CLI001413,Pamela,Arenas,Espino,F,81,Baños del Inca,Cajamarca,Cajamarca,Cliente nuevo
CLI001414,Jorge,Vega,Alcala,M,70,Cajamarca,Cajamarca,Cajamarca,Cliente ocasional
CLI001415,Ricardo,Mondragón,Menchaca,M,83,Baños del Inca,Cajamarca,Cajamarca,Cliente ocasional
CLI001416,Héctor,Quintanilla,Villalobos,M,64,Cajamarca,Cajamarca,Cajamarca,Cliente ocasional
CLI001417,Amanda,Trejo,Malave,F,54,Matara,Cajamarca,Cajamarca,Cliente ocasional
CLI001418,Isabel,Henríquez,Guevara,F,22,Jesús,Cajamarca,Cajamarca,Cliente ocasional
CLI001419,Dolores,Tijerina,Granado,F,18,Jesús,Cajamarca,Cajamarca,Cliente ocasional
CLI001420,Pilar,Verduzco,Amaya,F,37,Baños del Inca,Cajamarca,Cajamarca,Cliente nuevo
CLI001421,Mercedes,Marín,Camacho,F,58,La Encañada,Cajamarca,Cajamarca,Cliente frecuente
CLI001422,Mariano,Marrero,Marín,M,20,Namora,Cajamarca,Cajamarca,Cliente ocasional
CLI001423,Anel,Gallardo,Duarte,F,27,Namora,Cajamarca,Cajamarca,Cliente ocasional
CLI001424,Adalberto,Rael,Porras,M,40,Baños del Inca,Cajamarca,Cajamarca,Cliente ocasional
CLI001425,Jaqueline,Gutiérrez,Oquendo,F,59,Llacanora,Cajamarca,Cajamarca,Cliente ocasional
CLI001426,Esparta,Orozco,Arroyo,F,62,Llacanora,Cajamarca,Cajamarca,Cliente ocasional
CLI001427,Ignacio,Suárez,Sisneros,M,77,Llacanora,Cajamarca,Cajamarca,Cliente nuevo
CLI001428,Ofelia,Paz,Bustamante,F,74,Llacanora,Cajamarca,Cajamarca,Cliente nuevo
CLI001429,María Luisa,Uribe,Jaime,F,34,Baños del Inca,Cajamarca,Cajamarca,Cliente ocasional
CLI001430,Alta  Gracia,Jáquez,Berríos,F,31,La Encañada,Cajamarca,Cajamarca,Cliente nuevo
CLI001431,Rocío,Limón,Ojeda,F,67,Cajamarca,Cajamarca,Cajamarca,Cliente frecuente
CLI001432,Amador,Pedraza,Negrón,M,50,Baños del Inca,Cajamarca,Cajamarca,Cliente ocasional
CLI001433,Homero,Chávez,Peña,M,51,Cajamarca,Cajamarca,Cajamarca,Cliente frecuente
CLI001434,Martha,Bravo,Saldivar,F,38,Jesús,Cajamarca,Cajamarca,Cliente nuevo
CLI001435,Evelio,Montero,Guajardo,M,77,Baños del Inca,Cajamarca,Cajamarca,Cliente frecuente
CLI001436,Barbara,Olivo,Cadena,F,65,La Encañada,Cajamarca,Cajamarca,Cliente ocasional
CLI001437,Mario,Mejía,Velázquez,M,41,Cajamarca,Cajamarca,Cajamarca,Cliente ocasional
CLI001438,Clemente,Casárez,Miranda,M,61,Cajamarca,Cajamarca,Cajamarca,Cliente ocasional
CLI001439,Ana,Posada,Angulo,F,72,Baños del Inca,Cajamarca,Cajamarca,Cliente ocasional
CLI001440,Claudia,Briones,Gaona,F,20,Cajamarca,Cajamarca,Cajamarca,Cliente nuevo
CLI001441,Fidel,Campos,Barela,M,62,Cajamarca,Cajamarca,Cajamarca,Cliente nuevo
CLI001442,Carlos,Ibarra,Mora,M,47,Cajamarca,Cajamarca,Cajamarca,Cliente ocasional
CLI001443,Gregorio,Maestas,Meléndez,M,39,Llacanora,Cajamarca,Cajamarca,Cliente ocasional
CLI001444,Zoé,Velázquez,Zaragoza,F,47,La Encañada,Cajamarca,Cajamarca,Cliente ocasional
CLI001445,Omar,Camacho,Tijerina,M,26,Cajamarca,Cajamarca,Cajamarca,Cliente frecuente
CLI001446,Armando,Puga,Loya,M,21,Baños del Inca,Cajamarca,Cajamarca,Cliente nuevo
CLI001447,Marcela,Fonseca,García,F,26,Cajamarca,Cajamarca,Cajamarca,Cliente frecuente
CLI001448,Adela,Ureña,Osorio,F,73,Baños del Inca,Cajamarca,Cajamarca,Cliente nuevo
CLI001449,Vicente,Hernandes,Figueroa,M,47,Cajamarca,Cajamarca,Cajamarca,Cliente ocasional
CLI001450,Clara,Villaseñor,Segovia,F,45,Baños del Inca,Cajamarca,Cajamarca,Cliente nuevo
CLI001451,Francisca,Holguín,Hernandes,F,38,Baños del Inca,Cajamarca,Cajamarca,Cliente ocasional
CLI001452,Juana,Mesa,Granado,F,78,Baños del Inca,Cajamarca,Cajamarca,Cliente nuevo
CLI001453,Omar,Acuña,Meraz,M,54,Baños del Inca,Cajamarca,Cajamarca,Cliente frecuente
CLI001454,Abraham,Aguilera,Olivas,M,24,Cajamarca,Cajamarca,Cajamarca,Cliente frecuente
CLI001455,Cecilia,Abrego,Cabrera,F,71,Cajamarca,Cajamarca,Cajamarca,Cliente ocasional
CLI001456,Delia,Valles,Cardenas,F,70,Cajamarca,Cajamarca,Cajamarca,Cliente ocasional
CLI001457,Gloria,Campos,Ceja,F,75,Cajamarca,Cajamarca,Cajamarca,Cliente ocasional
CLI001458,Gerardo,Cortés,Montaño,M,72,Cajamarca,Cajamarca,Cajamarca,Cliente nuevo
CLI001459,Ana Luisa,Batista,Rodarte,F,50,Llacanora,Cajamarca,Cajamarca,Cliente frecuente
CLI001460,Minerva,Granados,Corral,F,81,Matara,Cajamarca,Cajamarca,Cliente ocasional
CLI001461,Juan Carlos,Haro,Esquibel,M,30,Cajamarca,Cajamarca,Cajamarca,Cliente nuevo
CLI001462,Lorenzo,Valdés,Rendón,M,29,Jesús,Cajamarca,Cajamarca,Cliente frecuente
CLI001463,Salma,Orozco,Márquez,F,38,Llacanora,Cajamarca,Cajamarca,Cliente ocasional
CLI001464,Reynaldo,Baeza,Rodríguez,M,52,La Encañada,Cajamarca,Cajamarca,Cliente ocasional
CLI001465,Leonel,Benítez,Gurule,M,31,La Encañada,Cajamarca,Cajamarca,Cliente ocasional
CLI001466,Jacinto,Covarrubias,Altamirano,M,42,Cajamarca,Cajamarca,Cajamarca,Cliente ocasional
CLI001467,Pablo,Quezada,Vélez,M,61,Llacanora,Cajamarca,Cajamarca,Cliente frecuente
CLI001468,Guillermo,Castañeda,Ocampo,M,30,Llacanora,Cajamarca,Cajamarca,Cliente nuevo
CLI001469,Irene,Mayorga,Salgado,F,49,Baños del Inca,Cajamarca,Cajamarca,Cliente ocasional
CLI001470,Caridad,Sarabia,Montero,F,28,Llacanora,Cajamarca,Cajamarca,Cliente nuevo
CLI001471,Homero,Romo,Orozco,M,55,La Encañada,Cajamarca,Cajamarca,Cliente nuevo
CLI001472,Mariano,Salgado,Quiñones,M,46,Llacanora,Cajamarca,Cajamarca,Cliente frecuente
CLI001473,Juan,Gonzales,Leiva,M,47,Llacanora,Cajamarca,Cajamarca,Cliente nuevo
CLI001474,Estefanía,Santillán,Valencia,F,81,Baños del Inca,Cajamarca,Cajamarca,Cliente ocasional
CLI001475,Blanca,Amador,de la O,F,67,Baños del Inca,Cajamarca,Cajamarca,Cliente frecuente
CLI001476,Felix,Vargas,Garay,M,18,Matara,Cajamarca,Cajamarca,Cliente frecuente
CLI001477,Irene,Benítez,Tirado,F,52,Cajamarca,Cajamarca,Cajamarca,Cliente frecuente
CLI001478,Luis Miguel,Gómez,Noriega,M,53,Cajamarca,Cajamarca,Cajamarca,Cliente nuevo
CLI001479,Israel,Linares,Piña,M,34,Matara,Cajamarca,Cajamarca,Cliente ocasional
CLI001480,Esparta,León,Estévez,F,69,Baños del Inca,Cajamarca,Cajamarca,Cliente ocasional
CLI001481,Felipe,Delgado,Véliz,M,18,Llacanora,Cajamarca,Cajamarca,Cliente ocasional
CLI001482,Francisca,Garibay,Amaya,F,18,Cajamarca,Cajamarca,Cajamarca,Cliente ocasional
CLI001483,Elvira,Ávalos,Ibarra,F,26,Cajamarca,Cajamarca,Cajamarca,Cliente nuevo
CLI001484,Sergio,Malave,Casárez,M,68,Jesús,Cajamarca,Cajamarca,Cliente ocasional
CLI001485,Marisol,Guerra,Moreno,F,18,Cajamarca,Cajamarca,Cajamarca,Cliente nuevo
CLI001486,Omar,Crespo,Alcaraz,M,30,Cajamarca,Cajamarca,Cajamarca,Cliente frecuente
CLI001487,María Eugenia,Castañeda,Amaya,F,43,Cajamarca,Cajamarca,Cajamarca,Cliente ocasional
CLI001488,Anabel,Gálvez,Oquendo,F,60,Baños del Inca,Cajamarca,Cajamarca,Cliente ocasional
CLI001489,Enrique,Sáenz,Abreu,M,28,La Encañada,Cajamarca,Cajamarca,Cliente ocasional
CLI001490,Débora,Arellano,Mares,F,38,Baños del Inca,Cajamarca,Cajamarca,Cliente frecuente
CLI001491,Juan,Beltrán,Suárez,M,57,Llacanora,Cajamarca,Cajamarca,Cliente nuevo
CLI001492,Lorena,Peña,Zavala,F,23,Llacanora,Cajamarca,Cajamarca,Cliente ocasional
CLI001493,Gloria,Botello,Marroquín,F,49,Cajamarca,Cajamarca,Cajamarca,Cliente ocasional
CLI001494,Jos,Fajardo,Pedraza,M,57,Cajamarca,Cajamarca,Cajamarca,Cliente frecuente
CLI001495,Débora,Miramontes,Mares,F,28,Cajamarca,Cajamarca,Cajamarca,Cliente nuevo
CLI001496,Patricia,Enríquez,Pulido,F,61,Jesús,Cajamarca,Cajamarca,Cliente frecuente
CLI001497,Frida,Aranda,Solorio,F,65,La Encañada,Cajamarca,Cajamarca,Cliente frecuente
CLI001498,Renato,Palacios,de la Rosa,M,63,Cajamarca,Cajamarca,Cajamarca,Cliente ocasional
CLI001499,Carlos,Martínez,Macías,M,18,Cajamarca,Cajamarca,Cajamarca,Cliente frecuente
CLI001500,Modesto,Roldán,Calvillo,M,43,Cajamarca,Cajamarca,Cajamarca,Cliente ocasional
CLI001501,Carlota,Saldivar,Macías,F,28,Cajamarca,Cajamarca,Cajamarca,Cliente frecuente
CLI001502,Julio César,Coronado,Collazo,M,38,Cajamarca,Cajamarca,Cajamarca,Cliente ocasional
CLI001503,Claudio,Aragón,Crespo,M,79,Matara,Cajamarca,Cajamarca,Cliente ocasional
CLI001504,Camila,Sepúlveda,Mondragón,F,81,Llacanora,Cajamarca,Cajamarca,Cliente nuevo
CLI001505,Nancy,Toledo,Soto,F,62,Llacanora,Cajamarca,Cajamarca,Cliente ocasional
CLI001506,Olivia,Montoya,Brito,F,26,Matara,Cajamarca,Cajamarca,Cliente ocasional
CLI001507,Alberto,Sisneros,Terán,M,55,Cajamarca,Cajamarca,Cajamarca,Cliente ocasional
CLI001508,Daniel,Ulibarri,Guevara,M,41,Matara,Cajamarca,Cajamarca,Cliente frecuente
CLI001509,Catalina,Maya,Vázquez,F,44,Cajamarca,Cajamarca,Cajamarca,Cliente frecuente
CLI001510,Gilberto,Tórrez,Grijalva,M,67,Cajamarca,Cajamarca,Cajamarca,Cliente frecuente
CLI001511,Teresa,Martínez,Lozada,F,63,Jesús,Cajamarca,Cajamarca,Cliente ocasional
CLI001512,Olivia,Carrero,Madrid,F,72,Cajamarca,Cajamarca,Cajamarca,Cliente frecuente
CLI001513,Lilia,Niño,Cordero,F,66,Cajamarca,Cajamarca,Cajamarca,Cliente frecuente
CLI001514,Hermelinda,Santana,Ferrer,F,67,La Encañada,Cajamarca,Cajamarca,Cliente nuevo
CLI001515,Concepción,Heredia,Gollum,F,29,Cajamarca,Cajamarca,Cajamarca,Cliente frecuente
CLI001516,Luisa,Garibay,Barrios,F,55,Llacanora,Cajamarca,Cajamarca,Cliente ocasional
CLI001517,Noelia,Malave,Rojas,F,46,Namora,Cajamarca,Cajamarca,Cliente frecuente
CLI001518,Juana,Terrazas,Hernádez,F,80,La Encañada,Cajamarca,Cajamarca,Cliente ocasional
CLI001519,Emilio,Lemus,Villarreal,M,69,Namora,Cajamarca,Cajamarca,Cliente frecuente
CLI001520,Antonio,Mercado,Solano,M,49,Jesús,Cajamarca,Cajamarca,Cliente nuevo
CLI001521,Miriam,Blanco,Valdivia,F,20,Cajamarca,Cajamarca,Cajamarca,Cliente frecuente
CLI001522,Anabel,Adame,Osorio,F,36,Cajamarca,Cajamarca,Cajamarca,Cliente ocasional
CLI001523,Francisco Javier,Salas,Salcedo,M,57,Cajamarca,Cajamarca,Cajamarca,Cliente frecuente
CLI001524,Berta,Bustos,Rivera,F,67,Llacanora,Cajamarca,Cajamarca,Cliente frecuente
CLI001525,Daniel,Maestas,Colunga,M,80,Cajamarca,Cajamarca,Cajamarca,Cliente ocasional
CLI001526,Ivonne,Ontiveros,Hernandes,F,82,Jesús,Cajamarca,Cajamarca,Cliente nuevo
CLI001527,Perla,Garza,Espino,F,40,Namora,Cajamarca,Cajamarca,Cliente ocasional
CLI001528,Itzel,Holguín,Montemayor,F,35,Cajamarca,Cajamarca,Cajamarca,Cliente frecuente
CLI001529,José Luis,Pelayo,Enríquez,M,45,Cajamarca,Cajamarca,Cajamarca,Cliente nuevo
CLI001530,Abril,Ríos,Flores,F,36,Baños del Inca,Cajamarca,Cajamarca,Cliente ocasional
CLI001531,Federico,Quintanilla,Herrera,M,57,Matara,Cajamarca,Cajamarca,Cliente ocasional
CLI001532,Jaime,Chacón,Pizarro,M,75,Namora,Cajamarca,Cajamarca,Cliente ocasional
CLI001533,Ana Luisa,Chacón,Garrido,F,61,Baños del Inca,Cajamarca,Cajamarca,Cliente frecuente
CLI001534,Eloy,Mojica,Uribe,M,26,Cajamarca,Cajamarca,Cajamarca,Cliente ocasional
CLI001535,Daniela,Trejo,Mercado,F,46,Cajamarca,Cajamarca,Cajamarca,Cliente frecuente
CLI001536,Berta,Mayorga,Gálvez,F,60,Cajamarca,Cajamarca,Cajamarca,Cliente ocasional
CLI001537,Gilberto,Tejeda,Cervántez,M,68,Jesús,Cajamarca,Cajamarca,Cliente ocasional
CLI001538,Porfirio,Pizarro,Jaramillo,M,38,Cajamarca,Cajamarca,Cajamarca,Cliente frecuente
CLI001539,Úrsula,Ojeda,Mares,F,38,Cajamarca,Cajamarca,Cajamarca,Cliente ocasional
CLI001540,Emilio,Urías,Vargas,M,56,Cajamarca,Cajamarca,Cajamarca,Cliente ocasional
CLI001541,Jacinto,Elizondo,Venegas,M,63,Cajamarca,Cajamarca,Cajamarca,Cliente ocasional
CLI001542,René,Rosado,Gil,M,63,Jesús,Cajamarca,Cajamarca,Cliente ocasional
CLI001543,Gerónimo,Valdez,Escobedo,M,67,Cajamarca,Cajamarca,Cajamarca,Cliente frecuente
CLI001544,Lucía,Piña,de la Rosa,F,80,Baños del Inca,Cajamarca,Cajamarca,Cliente ocasional
CLI001545,Adalberto,de Anda,Collazo,M,29,Baños del Inca,Cajamarca,Cajamarca,Cliente ocasional
CLI001546,Vicente,de la Garza,Aragón,M,44,Cajamarca,Cajamarca,Cajamarca,Cliente ocasional
CLI001547,Alta  Gracia,Corrales,Rosario,F,25,Cajamarca,Cajamarca,Cajamarca,Cliente nuevo
CLI001548,Rodrigo,Blanco,Mayorga,M,64,Baños del Inca,Cajamarca,Cajamarca,Cliente nuevo
CLI001549,Isaac,Rosado,Sosa,M,43,Baños del Inca,Cajamarca,Cajamarca,Cliente frecuente
CLI001550,José Manuél,Ayala,Lozada,M,78,Jesús,Cajamarca,Cajamarca,Cliente nuevo
CLI001551,Emilio,Bustamante,Alcaraz,M,22,Cajamarca,Cajamarca,Cajamarca,Cliente nuevo
CLI001552,Eugenio,Rocha,Rivera,M,25,Baños del Inca,Cajamarca,Cajamarca,Cliente frecuente
CLI001553,Martha,Narváez,Villa,F,59,Matara,Cajamarca,Cajamarca,Cliente nuevo
CLI001554,Nicolás,Gutiérrez,Villanueva,M,49,Cajamarca,Cajamarca,Cajamarca,Cliente ocasional
CLI001555,Verónica,Collazo,Rivera,F,85,La Encañada,Cajamarca,Cajamarca,Cliente ocasional
CLI001556,Antonio,Alva,Arias,M,31,Namora,Cajamarca,Cajamarca,Cliente frecuente
CLI001557,César,Raya,Castañeda,M,55,Baños del Inca,Cajamarca,Cajamarca,Cliente ocasional
CLI001558,Hilda,Tovar,Lovato,F,65,Cajamarca,Cajamarca,Cajamarca,Cliente ocasional
CLI001559,Tania,Paredes,Sierra,F,35,Cajamarca,Cajamarca,Cajamarca,Cliente ocasional
CLI001560,Evelio,Moya,Armenta,M,33,Cajamarca,Cajamarca,Cajamarca,Cliente frecuente
CLI001561,Gloria,Alcala,Parra,F,58,Cajamarca,Cajamarca,Cajamarca,Cliente ocasional
CLI001562,Armando,Tamez,Rincón,M,36,La Encañada,Cajamarca,Cajamarca,Cliente frecuente
CLI001563,Carolina,Montero,Ceballos,F,24,Cajamarca,Cajamarca,Cajamarca,Cliente nuevo
CLI001564,Gregorio,Anguiano,Peralta,M,61,Cajamarca,Cajamarca,Cajamarca,Cliente nuevo
CLI001565,Virginia,Tirado,Pérez,F,79,Baños del Inca,Cajamarca,Cajamarca,Cliente ocasional
CLI001566,Genaro,Aguilera,Godoy,M,53,Llacanora,Cajamarca,Cajamarca,Cliente ocasional
CLI001567,Marisol,Lozada,Treviño,F,39,Cajamarca,Cajamarca,Cajamarca,Cliente ocasional
CLI001568,Esperanza,Merino,Gallegos,F,81,Baños del Inca,Cajamarca,Cajamarca,Cliente ocasional
CLI001569,Rodolfo,Bravo,Alcala,M,55,Llacanora,Cajamarca,Cajamarca,Cliente ocasional
CLI001570,José Emilio,Velasco,Sanches,M,72,Baños del Inca,Cajamarca,Cajamarca,Cliente ocasional
CLI001571,Angélica,Esquibel,Llamas,F,44,Baños del Inca,Cajamarca,Cajamarca,Cliente ocasional
CLI001572,Ángela,Salazar,Armenta,F,83,Baños del Inca,Cajamarca,Cajamarca,Cliente frecuente
CLI001573,Gerónimo,Barragán,Gamboa,M,85,Baños del Inca,Cajamarca,Cajamarca,Cliente frecuente
CLI001574,Linda,Contreras,Lozano,F,79,Cajamarca,Cajamarca,Cajamarca,Cliente ocasional
CLI001575,Uriel,Gaytán,Chávez,M,35,Cajamarca,Cajamarca,Cajamarca,Cliente nuevo
CLI001576,Mariana,Oquendo,Amador,F,52,Baños del Inca,Cajamarca,Cajamarca,Cliente ocasional
CLI001577,Eugenio,Ayala,Valencia,M,79,Cajamarca,Cajamarca,Cajamarca,Cliente nuevo
CLI001578,José,Quintana,Orozco,M,51,La Encañada,Cajamarca,Cajamarca,Cliente nuevo
CLI001579,Francisco,Esquibel,Rocha,M,23,Baños del Inca,Cajamarca,Cajamarca,Cliente nuevo
CLI001580,Ivonne,Murillo,Samaniego,F,56,Cajamarca,Cajamarca,Cajamarca,Cliente frecuente
CLI001581,Reynaldo,Véliz,Rojo,M,57,Baños del Inca,Cajamarca,Cajamarca,Cliente ocasional
CLI001582,Abigail,Córdova,Tórrez,F,54,Cajamarca,Cajamarca,Cajamarca,Cliente ocasional
CLI001583,Graciela,Córdova,Lara,F,40,La Encañada,Cajamarca,Cajamarca,Cliente frecuente
CLI001584,Benjamín,Flórez,Cornejo,M,79,Cajamarca,Cajamarca,Cajamarca,Cliente ocasional
CLI001585,Estela,Sarabia,Galván,F,60,Baños del Inca,Cajamarca,Cajamarca,Cliente ocasional
CLI001586,Isaac,Ávila,Rivas,M,50,Cajamarca,Cajamarca,Cajamarca,Cliente nuevo
CLI001587,Miriam,Escobedo,Lucero,F,18,Cajamarca,Cajamarca,Cajamarca,Cliente ocasional
CLI001588,Cristobal,Manzanares,Cadena,M,67,Cajamarca,Cajamarca,Cajamarca,Cliente ocasional
CLI001589,Jorge Luis,Laboy,Posada,M,49,Cajamarca,Cajamarca,Cajamarca,Cliente frecuente
CLI001590,Porfirio,Enríquez,Quintanilla,M,43,Baños del Inca,Cajamarca,Cajamarca,Cliente ocasional
CLI001591,Mayte,Duarte,Nazario,F,45,Cajamarca,Cajamarca,Cajamarca,Cliente ocasional
CLI001592,José Carlos,Lomeli,Arellano,M,77,La Encañada,Cajamarca,Cajamarca,Cliente ocasional
CLI001593,Jaqueline,Gómez,Quintero,F,30,Llacanora,Cajamarca,Cajamarca,Cliente ocasional
CLI001594,Delia,Rosas,Iglesias,F,45,Jesús,Cajamarca,Cajamarca,Cliente nuevo
CLI001595,Agustín,Acosta,Chávez,M,25,Llacanora,Cajamarca,Cajamarca,Cliente ocasional
CLI001596,Gabriela,Apodaca,Zaragoza,F,47,Cajamarca,Cajamarca,Cajamarca,Cliente nuevo
CLI001597,Humberto,Loera,Badillo,M,33,Cajamarca,Cajamarca,Cajamarca,Cliente ocasional
CLI001598,Pablo,Lemus,Calderón,M,19,Cajamarca,Cajamarca,Cajamarca,Cliente frecuente
CLI001599,Arcelia,Estrada,Véliz,F,23,Cajamarca,Cajamarca,Cajamarca,Cliente ocasional
CLI001600,Omar,Lira,Barrios,M,23,Matara,Cajamarca,Cajamarca,Cliente ocasional
CLI001601,Guadalupe,Alva,Mata,F,84,Llacanora,Cajamarca,Cajamarca,Cliente ocasional
CLI001602,Adriana,Casas,Sanabria,F,38,Cajamarca,Cajamarca,Cajamarca,Cliente ocasional
CLI001603,Rosario,Benavídez,Márquez,F,37,Jesús,Cajamarca,Cajamarca,Cliente ocasional
CLI001604,Asunción,Rentería,Paredes,F,19,Jesús,Cajamarca,Cajamarca,Cliente frecuente
CLI001605,Joaquín,Vanegas,Arce,M,22,Cajamarca,Cajamarca,Cajamarca,Cliente frecuente
CLI001606,Bernabé,Ibarra,Huerta,M,56,Cajamarca,Cajamarca,Cajamarca,Cliente ocasional
CLI001607,Salvador,Madrigal,de Anda,M,29,Baños del Inca,Cajamarca,Cajamarca,Cliente ocasional
CLI001608,Jorge,Munguía,Colunga,M,21,Llacanora,Cajamarca,Cajamarca,Cliente frecuente
CLI001609,Soledad,Palomo,Huerta,F,25,Cajamarca,Cajamarca,Cajamarca,Cliente frecuente
CLI001610,Clemente,Peña,Torres,M,70,Cajamarca,Cajamarca,Cajamarca,Cliente frecuente
CLI001611,Flavio,Ríos,Báez,M,66,Baños del Inca,Cajamarca,Cajamarca,Cliente frecuente
CLI001612,Nancy,Guerrero,Viera,F,74,Llacanora,Cajamarca,Cajamarca,Cliente ocasional
CLI001613,Mariano,Macías,Urrutia,M,21,La Encañada,Cajamarca,Cajamarca,Cliente frecuente
CLI001614,Zeferino,Tovar,Collazo,M,32,Cajamarca,Cajamarca,Cajamarca,Cliente ocasional
CLI001615,Ricardo,Medina,Quiñónez,M,54,La Encañada,Cajamarca,Cajamarca,Cliente frecuente
CLI001616,Espartaco,Verdugo,Montenegro,M,55,Cajamarca,Cajamarca,Cajamarca,Cliente ocasional
CLI001617,Mónica,Lozano,Saldaña,F,75,Cajamarca,Cajamarca,Cajamarca,Cliente ocasional
CLI001618,Teresa,Badillo,Cortez,F,67,Matara,Cajamarca,Cajamarca,Cliente ocasional
CLI001619,Luisa,Mercado,Maestas,F,70,La Encañada,Cajamarca,Cajamarca,Cliente ocasional
CLI001620,Emilia,Centeno,Ibarra,F,28,Cajamarca,Cajamarca,Cajamarca,Cliente ocasional
CLI001621,Joaquín,Campos,Nevárez,M,65,Jesús,Cajamarca,Cajamarca,Cliente frecuente
CLI001622,Itzel,Salas,Olvera,F,53,Baños del Inca,Cajamarca,Cajamarca,Cliente ocasional
CLI001623,Ángel,Lemus,Zarate,M,27,Baños del Inca,Cajamarca,Cajamarca,Cliente nuevo
CLI001624,Juana,Hernandes,Domínguez,F,36,Cajamarca,Cajamarca,Cajamarca,Cliente nuevo
CLI001625,Óscar,Regalado,Montenegro,M,73,Cajamarca,Cajamarca,Cajamarca,Cliente ocasional
CLI001626,Bianca,Montez,Becerra,F,65,Cajamarca,Cajamarca,Cajamarca,Cliente frecuente
CLI001627,Olga,Rojo,Jimínez,F,18,Baños del Inca,Cajamarca,Cajamarca,Cliente ocasional
CLI001628,Modesto,Díaz,Rodríquez,M,43,Cajamarca,Cajamarca,Cajamarca,Cliente frecuente
CLI001629,María Cristina,Soto,Montenegro,F,24,Llacanora,Cajamarca,Cajamarca,Cliente frecuente
CLI001630,Rufino,Garrido,Contreras,M,84,Cajamarca,Cajamarca,Cajamarca,Cliente nuevo
CLI001631,Catalina,Perea,Zamudio,F,57,Cajamarca,Cajamarca,Cajamarca,Cliente frecuente
CLI001632,Jos,Carrión,Toledo,M,20,Matara,Cajamarca,Cajamarca,Cliente frecuente
CLI001633,Eloisa,Montes,Alvarez,F,19,Jesús,Cajamarca,Cajamarca,Cliente frecuente
CLI001634,Mitzy,Magaña,Rodríguez,F,56,Baños del Inca,Cajamarca,Cajamarca,Cliente frecuente
CLI001635,Claudia,Gaona,Santacruz,F,41,La Encañada,Cajamarca,Cajamarca,Cliente ocasional
CLI001636,Maximiliano,Guajardo,Esparza,M,69,Cajamarca,Cajamarca,Cajamarca,Cliente nuevo
CLI001637,Virginia,Negrete,Montez,F,82,Cajamarca,Cajamarca,Cajamarca,Cliente frecuente
CLI001638,Elisa,Mares,Gamez,F,62,La Encañada,Cajamarca,Cajamarca,Cliente ocasional
CLI001639,Blanca,Cavazos,Munguía,F,69,Baños del Inca,Cajamarca,Cajamarca,Cliente ocasional
CLI001640,Jesús,Arredondo,del Valle,M,42,Cajamarca,Cajamarca,Cajamarca,Cliente ocasional
CLI001641,Caridad,Ceballos,Vázquez,F,38,Matara,Cajamarca,Cajamarca,Cliente nuevo
CLI001642,Pablo,Samaniego,Rael,M,69,Cajamarca,Cajamarca,Cajamarca,Cliente ocasional
CLI001643,Santiago,Rascón,Olivas,M,48,Cajamarca,Cajamarca,Cajamarca,Cliente ocasional
CLI001644,Jorge,Palomino,Negrón,M,66,Cajamarca,Cajamarca,Cajamarca,Cliente ocasional
CLI001645,José Luis,Lozano,Reyna,M,55,Cajamarca,Cajamarca,Cajamarca,Cliente ocasional
CLI001646,Enrique,Curiel,Moreno,M,85,Cajamarca,Cajamarca,Cajamarca,Cliente ocasional
CLI001647,Lucía,Rincón,Cepeda,F,72,Llacanora,Cajamarca,Cajamarca,Cliente frecuente
CLI001648,Benito,Solís,Rael,M,64,Cajamarca,Cajamarca,Cajamarca,Cliente ocasional
CLI001649,Rafaél,Samaniego,Alonzo,M,76,Jesús,Cajamarca,Cajamarca,Cliente ocasional
CLI001650,Armando,Ceballos,Nieto,M,63,Cajamarca,Cajamarca,Cajamarca,Cliente ocasional
CLI001651,Ángel,Correa,Viera,M,43,Baños del Inca,Cajamarca,Cajamarca,Cliente ocasional
CLI001652,Sergio,Espinosa,Farías,M,21,Llacanora,Cajamarca,Cajamarca,Cliente frecuente
CLI001653,Guadalupe,Cantú,Quintanilla,F,47,Baños del Inca,Cajamarca,Cajamarca,Cliente ocasional
CLI001654,María Teresa,Ojeda,Terán,F,54,Cajamarca,Cajamarca,Cajamarca,Cliente ocasional
CLI001655,Marcela,Linares,Naranjo,F,43,Baños del Inca,Cajamarca,Cajamarca,Cliente ocasional
CLI001656,Juan Carlos,Mendoza,Alvarez,M,72,La Encañada,Cajamarca,Cajamarca,Cliente ocasional
CLI001657,Alvaro,Botello,Tafoya,M,49,Cajamarca,Cajamarca,Cajamarca,Cliente ocasional
CLI001658,Jos,Esquibel,Vera,M,38,Cajamarca,Cajamarca,Cajamarca,Cliente ocasional
CLI001659,María Luisa,Núñez,Zepeda,F,58,Baños del Inca,Cajamarca,Cajamarca,Cliente nuevo
CLI001660,Rodrigo,Burgos,Carreón,M,26,La Encañada,Cajamarca,Cajamarca,Cliente ocasional
CLI001661,Rufino,Bravo,Barela,M,43,Jesús,Cajamarca,Cajamarca,Cliente ocasional
CLI001662,Violeta,Duarte,Rivero,F,82,Namora,Cajamarca,Cajamarca,Cliente ocasional
CLI001663,Teodoro,Villalpando,Flores,M,50,Matara,Cajamarca,Cajamarca,Cliente ocasional
CLI001664,Bernabé,Molina,Gracia,M,54,Llacanora,Cajamarca,Cajamarca,Cliente nuevo
CLI001665,Bernardo,Castañeda,Gallegos,M,78,Cajamarca,Cajamarca,Cajamarca,Cliente ocasional
CLI001666,Amalia,Noriega,Robles,F,78,Llacanora,Cajamarca,Cajamarca,Cliente ocasional
CLI001667,Barbara,Rodríquez,Tejeda,F,21,Cajamarca,Cajamarca,Cajamarca,Cliente frecuente
CLI001668,Luis Manuel,Nazario,Otero,M,18,La Encañada,Cajamarca,Cajamarca,Cliente ocasional
CLI001669,Claudio,Arreola,Ávila,M,37,Cajamarca,Cajamarca,Cajamarca,Cliente ocasional
CLI001670,Juan Carlos,Portillo,Escalante,M,78,Cajamarca,Cajamarca,Cajamarca,Cliente ocasional
CLI001671,Daniela,Guzmán,Leyva,F,82,Cajamarca,Cajamarca,Cajamarca,Cliente ocasional
CLI001672,Graciela,Mojica,Berríos,F,18,Cajamarca,Cajamarca,Cajamarca,Cliente ocasional
CLI001673,Cristina,Regalado,Cotto,F,60,Cajamarca,Cajamarca,Cajamarca,Cliente nuevo
CLI001674,Amanda,Espinosa,Amador,F,81,Baños del Inca,Cajamarca,Cajamarca,Cliente ocasional
CLI001675,Caridad,Haro,Chacón,F,67,Matara,Cajamarca,Cajamarca,Cliente ocasional
CLI001676,Hermelinda,Rolón,Arreola,F,68,La Encañada,Cajamarca,Cajamarca,Cliente ocasional
CLI001677,Minerva,Raya,Lira,F,47,Cajamarca,Cajamarca,Cajamarca,Cliente ocasional
CLI001678,Adán,Rodríguez,Henríquez,M,45,Cajamarca,Cajamarca,Cajamarca,Cliente nuevo
CLI001679,Adán,Rael,Urías,M,81,Baños del Inca,Cajamarca,Cajamarca,Cliente nuevo
CLI001680,Nicolás,Durán,Serrato,M,53,Cajamarca,Cajamarca,Cajamarca,Cliente ocasional
CLI001681,Camila,Valentín,Matos,F,83,Llacanora,Cajamarca,Cajamarca,Cliente nuevo
CLI001682,Mauricio,Collazo,Flórez,M,78,Cajamarca,Cajamarca,Cajamarca,Cliente frecuente
CLI001683,Patricia,Salas,Fuentes,F,27,Jesús,Cajamarca,Cajamarca,Cliente nuevo
CLI001684,Genaro,Borrego,Córdova,M,46,Cajamarca,Cajamarca,Cajamarca,Cliente nuevo
CLI001685,Anel,Yáñez,Ortiz,F,45,Jesús,Cajamarca,Cajamarca,Cliente nuevo
CLI001686,Adán,Bermúdez,Esquibel,M,63,Baños del Inca,Cajamarca,Cajamarca,Cliente frecuente
CLI001687,Estela,Alcala,Lerma,F,64,La Encañada,Cajamarca,Cajamarca,Cliente ocasional
CLI001688,José Carlos,Saiz,Palomino,M,30,Llacanora,Cajamarca,Cajamarca,Cliente nuevo
CLI001689,Itzel,Preciado,Sierra,F,26,Cajamarca,Cajamarca,Cajamarca,Cliente ocasional
CLI001690,Mercedes,Nava,Jasso,F,76,Jesús,Cajamarca,Cajamarca,Cliente ocasional
CLI001691,Pablo,Bahena,Olivas,M,19,Llacanora,Cajamarca,Cajamarca,Cliente ocasional
CLI001692,María Teresa,Quiñones,Serrano,F,48,Cajamarca,Cajamarca,Cajamarca,Cliente ocasional
CLI001693,Aldo,Montez,Reyna,M,65,La Encañada,Cajamarca,Cajamarca,Cliente nuevo
CLI001694,Leonel,Heredia,Carrasco,M,66,Cajamarca,Cajamarca,Cajamarca,Cliente ocasional
CLI001695,Renato,Armenta,Arreola,M,81,Cajamarca,Cajamarca,Cajamarca,Cliente nuevo
CLI001696,Daniela,Marín,Zamudio,F,24,Cajamarca,Cajamarca,Cajamarca,Cliente ocasional
CLI001697,Olga,Reyna,Posada,F,30,Matara,Cajamarca,Cajamarca,Cliente nuevo
CLI001698,Cristobal,Muro,Pérez,M,75,Cajamarca,Cajamarca,Cajamarca,Cliente ocasional
CLI001699,Sara,Zambrano,Carrión,F,66,Matara,Cajamarca,Cajamarca,Cliente ocasional
CLI001700,Jorge Luis,Cadena,Rodríguez,M,30,Cajamarca,Cajamarca,Cajamarca,Cliente frecuente
CLI001701,Jaime,Amador,Rocha,M,83,Baños del Inca,Cajamarca,Cajamarca,Cliente frecuente
CLI001702,Helena,Quintero,de León,F,81,Llacanora,Cajamarca,Cajamarca,Cliente nuevo
CLI001703,Cornelio,Ordóñez,Cornejo,M,29,Cajamarca,Cajamarca,Cajamarca,Cliente ocasional
CLI001704,Humberto,Fierro,Paz,M,82,Cajamarca,Cajamarca,Cajamarca,Cliente ocasional
CLI001705,Leonel,Rocha,Hernádez,M,60,Cajamarca,Cajamarca,Cajamarca,Cliente nuevo
CLI001706,Hermelinda,Flores,Roldán,F,27,Baños del Inca,Cajamarca,Cajamarca,Cliente frecuente
CLI001707,Alma,Urrutia,Portillo,F,54,Llacanora,Cajamarca,Cajamarca,Cliente ocasional
CLI001708,Óliver,Delgadillo,Urrutia,M,56,Jesús,Cajamarca,Cajamarca,Cliente ocasional
CLI001709,Cristobal,Arenas,Márquez,M,75,Cajamarca,Cajamarca,Cajamarca,Cliente ocasional
CLI001710,Omar,de la Rosa,Sierra,M,47,La Encañada,Cajamarca,Cajamarca,Cliente frecuente
CLI001711,Antonio,Quintana,Saldivar,M,85,Jesús,Cajamarca,Cajamarca,Cliente frecuente
CLI001712,Luis,Alcala,Gallegos,M,55,Baños del Inca,Cajamarca,Cajamarca,Cliente nuevo
CLI001713,Olivia,Zapata,Salazar,F,85,Jesús,Cajamarca,Cajamarca,Cliente ocasional
CLI001714,Eduardo,Hernádez,Olivárez,M,66,Baños del Inca,Cajamarca,Cajamarca,Cliente ocasional
CLI001715,Federico,Reséndez,Puente,M,33,Cajamarca,Cajamarca,Cajamarca,Cliente frecuente
CLI001716,María José,Granado,Quiroz,F,53,Cajamarca,Cajamarca,Cajamarca,Cliente ocasional
CLI001717,Virginia,Soliz,Marroquín,F,60,Llacanora,Cajamarca,Cajamarca,Cliente frecuente
CLI001718,Dulce,Almonte,Huerta,F,31,Jesús,Cajamarca,Cajamarca,Cliente nuevo
CLI001719,Claudia,Romero,Roldán,F,77,Llacanora,Cajamarca,Cajamarca,Cliente frecuente
CLI001720,Carmen,Armas,Vergara,F,44,La Encañada,Cajamarca,Cajamarca,Cliente ocasional
CLI001721,Salma,Echeverría,Chacón,F,84,Matara,Cajamarca,Cajamarca,Cliente ocasional
CLI001722,Lorena,Laboy,Calvillo,F,58,Baños del Inca,Cajamarca,Cajamarca,Cliente frecuente
CLI001723,Adela,Esquivel,Mendoza,F,78,Jesús,Cajamarca,Cajamarca,Cliente frecuente
CLI001724,Arcelia,Saldivar,Ávila,F,27,Matara,Cajamarca,Cajamarca,Cliente ocasional
CLI001725,Iván,Ferrer,Mora,M,79,Cajamarca,Cajamarca,Cajamarca,Cliente ocasional
CLI001726,Irma,Oquendo,Sánchez,F,22,Namora,Cajamarca,Cajamarca,Cliente ocasional
CLI001727,Genaro,Serrano,Centeno,M,77,Namora,Cajamarca,Cajamarca,Cliente frecuente
CLI001728,Adán,Tovar,Alcántar,M,31,Cajamarca,Cajamarca,Cajamarca,Cliente nuevo
CLI001729,Anel,Blanco,Collazo,F,38,Cajamarca,Cajamarca,Cajamarca,Cliente frecuente
CLI001730,José Luis,Arguello,Aguilar,M,61,Baños del Inca,Cajamarca,Cajamarca,Cliente ocasional
CLI001731,Mariano,Munguía,Gutiérrez,M,23,Baños del Inca,Cajamarca,Cajamarca,Cliente ocasional
CLI001732,Trinidad,Amador,Valentín,F,67,Baños del Inca,Cajamarca,Cajamarca,Cliente ocasional
CLI001733,Camila,Téllez,Aguilar,F,70,Cajamarca,Cajamarca,Cajamarca,Cliente ocasional
CLI001734,Porfirio,Sandoval,Oquendo,M,84,Llacanora,Cajamarca,Cajamarca,Cliente ocasional
CLI001735,Ignacio,Cervántez,Castellanos,M,75,Cajamarca,Cajamarca,Cajamarca,Cliente ocasional
CLI001736,Ariadna,Navarrete,Cordero,F,47,Baños del Inca,Cajamarca,Cajamarca,Cliente nuevo
CLI001737,Laura,Granados,Marroquín,F,67,Cajamarca,Cajamarca,Cajamarca,Cliente ocasional
CLI001738,Enrique,Guajardo,Carbajal,M,25,Jesús,Cajamarca,Cajamarca,Cliente ocasional
CLI001739,Rodolfo,Balderas,Pabón,M,57,Cajamarca,Cajamarca,Cajamarca,Cliente ocasional
CLI001740,Paola,Tórrez,Laboy,F,38,Cajamarca,Cajamarca,Cajamarca,Cliente ocasional
CLI001741,Ana Luisa,Rojo,Godoy,F,49,Baños del Inca,Cajamarca,Cajamarca,Cliente frecuente
CLI001742,Pablo,Lara,Chavarría,M,78,Baños del Inca,Cajamarca,Cajamarca,Cliente ocasional
CLI001743,Alta  Gracia,Osorio,Cadena,F,20,Cajamarca,Cajamarca,Cajamarca,Cliente ocasional
CLI001744,Luz,Peres,Pérez,F,25,Cajamarca,Cajamarca,Cajamarca,Cliente ocasional
CLI001745,Miguel Ángel,Nieves,Elizondo,M,65,Cajamarca,Cajamarca,Cajamarca,Cliente ocasional
CLI001746,Verónica,Negrete,Valladares,F,18,Namora,Cajamarca,Cajamarca,Cliente frecuente
CLI001747,Alfonso,Piña,Caldera,M,56,Cajamarca,Cajamarca,Cajamarca,Cliente frecuente
CLI001748,Marisol,Pabón,Jimínez,F,55,Baños del Inca,Cajamarca,Cajamarca,Cliente nuevo
CLI001749,Anel,Brito,Mena,F,31,La Encañada,Cajamarca,Cajamarca,Cliente frecuente
CLI001750,María José,Saavedra,Ocampo,F,29,La Encañada,Cajamarca,Cajamarca,Cliente ocasional
CLI001751,Elisa,Calderón,Carreón,F,23,Cajamarca,Cajamarca,Cajamarca,Cliente frecuente
CLI001752,Itzel,Mora,Calvillo,F,32,Llacanora,Cajamarca,Cajamarca,Cliente ocasional
CLI001753,Diego,Ocasio,Cortés,M,80,La Encañada,Cajamarca,Cajamarca,Cliente nuevo
CLI001754,Zoé,Zúñiga,Ibarra,F,82,Baños del Inca,Cajamarca,Cajamarca,Cliente frecuente
CLI001755,Leticia,Méndez,González,F,70,Llacanora,Cajamarca,Cajamarca,Cliente frecuente
CLI001756,Elena,Toro,Saavedra,F,59,Cajamarca,Cajamarca,Cajamarca,Cliente ocasional
CLI001757,Tomás,Montañez,Ceja,M,27,Llacanora,Cajamarca,Cajamarca,Cliente ocasional
CLI001758,Camila,Vega,Alcala,F,40,Baños del Inca,Cajamarca,Cajamarca,Cliente frecuente
CLI001759,María Eugenia,Quiroz,Roybal,F,76,Cajamarca,Cajamarca,Cajamarca,Cliente frecuente
CLI001760,Modesto,Cavazos,Valadez,M,25,Matara,Cajamarca,Cajamarca,Cliente ocasional
CLI001761,Pedro,Hinojosa,Corral,M,36,Llacanora,Cajamarca,Cajamarca,Cliente ocasional
CLI001762,Andrés,Ortega,de la O,M,56,Llacanora,Cajamarca,Cajamarca,Cliente frecuente
CLI001763,Alfonso,Miramontes,Gurule,M,70,Baños del Inca,Cajamarca,Cajamarca,Cliente nuevo
CLI001764,Esmeralda,Miranda,Jáquez,F,50,Cajamarca,Cajamarca,Cajamarca,Cliente ocasional
CLI001765,Mauro,Carbajal,Benítez,M,71,Llacanora,Cajamarca,Cajamarca,Cliente nuevo
CLI001766,Cornelio,Benavides,de la Rosa,M,25,Cajamarca,Cajamarca,Cajamarca,Cliente frecuente
CLI001767,Irma,Quiroz,Griego,F,34,Jesús,Cajamarca,Cajamarca,Cliente ocasional
CLI001768,Josefina,Aguilar,Rael,F,69,La Encañada,Cajamarca,Cajamarca,Cliente nuevo
CLI001769,Vanesa,Fernández,Montes,F,67,Cajamarca,Cajamarca,Cajamarca,Cliente nuevo
CLI001770,Frida,Escobar,Burgos,F,72,Baños del Inca,Cajamarca,Cajamarca,Cliente ocasional
CLI001771,Carolina,Aguilera,Tafoya,F,62,Cajamarca,Cajamarca,Cajamarca,Cliente ocasional
CLI001772,Alonso,Ureña,Figueroa,M,38,Baños del Inca,Cajamarca,Cajamarca,Cliente ocasional
CLI001773,Fernando,Gracia,Ceja,M,32,Baños del Inca,Cajamarca,Cajamarca,Cliente ocasional
CLI001774,Eloisa,Barajas,Ochoa,F,79,Cajamarca,Cajamarca,Cajamarca,Cliente ocasional
CLI001775,Octavio,Arce,Rodarte,M,64,Baños del Inca,Cajamarca,Cajamarca,Cliente frecuente
CLI001776,Sessa,Ledesma,Irizarry,F,19,Namora,Cajamarca,Cajamarca,Cliente frecuente
CLI001777,Amalia,Cabrera,Toledo,F,49,Jesús,Cajamarca,Cajamarca,Cliente frecuente
CLI001778,Octavio,Torres,Matías,M,67,Jesús,Cajamarca,Cajamarca,Cliente ocasional
CLI001779,Patricia,Saldivar,Alonzo,F,36,Cajamarca,Cajamarca,Cajamarca,Cliente ocasional
CLI001780,Clara,Zaragoza,Lebrón,F,71,Cajamarca,Cajamarca,Cajamarca,Cliente ocasional
CLI001781,Amelia,Alonzo,Lira,F,36,Baños del Inca,Cajamarca,Cajamarca,Cliente ocasional
CLI001782,Paola,Duarte,Gaytán,F,80,Cajamarca,Cajamarca,Cajamarca,Cliente ocasional
CLI001783,Nayeli,Zúñiga,Saucedo,F,22,Baños del Inca,Cajamarca,Cajamarca,Cliente frecuente
CLI001784,María Elena,Puente,Reynoso,F,75,Baños del Inca,Cajamarca,Cajamarca,Cliente nuevo
CLI001785,Lucía,Godínez,Lomeli,F,23,Matara,Cajamarca,Cajamarca,Cliente frecuente
CLI001786,Ana María,Preciado,Amaya,F,68,Llacanora,Cajamarca,Cajamarca,Cliente frecuente
CLI001787,Armando,Ornelas,Lebrón,M,29,Baños del Inca,Cajamarca,Cajamarca,Cliente nuevo
CLI001788,Nayeli,Rivera,Castillo,F,71,La Encañada,Cajamarca,Cajamarca,Cliente ocasional
CLI001789,Rafaél,Rodrígez,Almonte,M,35,Cajamarca,Cajamarca,Cajamarca,Cliente ocasional
CLI001790,Amelia,Muñiz,Zepeda,F,74,Llacanora,Cajamarca,Cajamarca,Cliente ocasional
CLI001791,Carmen,Mejía,Preciado,F,47,Llacanora,Cajamarca,Cajamarca,Cliente frecuente
CLI001792,Jonás,Raya,Alemán,M,46,Cajamarca,Cajamarca,Cajamarca,Cliente frecuente
CLI001793,Pascual,Negrete,Cortés,M,39,Baños del Inca,Cajamarca,Cajamarca,Cliente frecuente
CLI001794,Sergio,Mendoza,Madrigal,M,84,Matara,Cajamarca,Cajamarca,Cliente frecuente
CLI001795,Clemente,Mercado,Gaitán,M,48,Llacanora,Cajamarca,Cajamarca,Cliente nuevo
CLI001796,Mauro,Iglesias,Barrera,M,27,Cajamarca,Cajamarca,Cajamarca,Cliente ocasional
CLI001797,Nayeli,Guerrero,Rojo,F,46,Jesús,Cajamarca,Cajamarca,Cliente ocasional
CLI001798,Aurelio,Aragón,Durán,M,66,Cajamarca,Cajamarca,Cajamarca,Cliente frecuente
CLI001799,Germán,Gracia,Elizondo,M,34,Baños del Inca,Cajamarca,Cajamarca,Cliente frecuente
CLI001800,Alberto,Salinas,Casillas,M,24,Llacanora,Cajamarca,Cajamarca,Cliente ocasional
CLI001801,Aurora,Preciado,Orosco,F,48,Llacanora,Cajamarca,Cajamarca,Cliente frecuente
CLI001802,Esmeralda,Hurtado,Riojas,F,68,Matara,Cajamarca,Cajamarca,Cliente frecuente
CLI001803,Eric,Portillo,Prieto,M,23,Baños del Inca,Cajamarca,Cajamarca,Cliente ocasional
CLI001804,Alicia,Fierro,Zapata,F,22,Cajamarca,Cajamarca,Cajamarca,Cliente frecuente
CLI001805,Horacio,Amaya,Olivares,M,39,Jesús,Cajamarca,Cajamarca,Cliente frecuente
CLI001806,Adán,Tello,Alcala,M,26,La Encañada,Cajamarca,Cajamarca,Cliente nuevo
CLI001807,Gilberto,Barela,Velasco,M,71,Baños del Inca,Cajamarca,Cajamarca,Cliente ocasional
CLI001808,Elisa,Centeno,Mateo,F,73,Baños del Inca,Cajamarca,Cajamarca,Cliente ocasional
CLI001809,Miriam,Chavarría,Salgado,F,44,Matara,Cajamarca,Cajamarca,Cliente frecuente
CLI001810,Javier,Sisneros,Bustamante,M,25,Namora,Cajamarca,Cajamarca,Cliente frecuente
CLI001811,Gilberto,Rodríquez,Sevilla,M,78,Cajamarca,Cajamarca,Cajamarca,Cliente ocasional
CLI001812,Eloisa,Lucero,Collado,F,41,Jesús,Cajamarca,Cajamarca,Cliente ocasional
CLI001813,Irene,Olivares,Rendón,F,48,Cajamarca,Cajamarca,Cajamarca,Cliente ocasional
CLI001814,Mario,Olivas,Vela,M,72,Jesús,Cajamarca,Cajamarca,Cliente ocasional
CLI001815,Ivonne,Galindo,Monroy,F,29,Baños del Inca,Cajamarca,Cajamarca,Cliente frecuente
CLI001816,Alonso,Frías,Montañez,M,39,Matara,Cajamarca,Cajamarca,Cliente ocasional
CLI001817,Wendolin,Barajas,Padrón,F,51,Baños del Inca,Cajamarca,Cajamarca,Cliente frecuente
CLI001818,Susana,Cantú,Alvarado,F,45,La Encañada,Cajamarca,Cajamarca,Cliente frecuente
CLI001819,Zoé,Serrano,Vergara,F,54,Namora,Cajamarca,Cajamarca,Cliente frecuente
CLI001820,Jaime,Santillán,Saldivar,M,36,La Encañada,Cajamarca,Cajamarca,Cliente ocasional
CLI001821,Mónica,Carrillo,Candelaria,F,69,Cajamarca,Cajamarca,Cajamarca,Cliente ocasional
CLI001822,Jesús,Tafoya,Nava,M,48,Llacanora,Cajamarca,Cajamarca,Cliente ocasional
CLI001823,Yolanda,Paredes,Arias,F,46,Cajamarca,Cajamarca,Cajamarca,Cliente nuevo
CLI001824,José Carlos,del Río,Córdova,M,74,Jesús,Cajamarca,Cajamarca,Cliente frecuente
CLI001825,Isabela,Cervántez,Robledo,F,50,Cajamarca,Cajamarca,Cajamarca,Cliente ocasional
CLI001826,Alonso,Holguín,Aragón,M,42,Cajamarca,Cajamarca,Cajamarca,Cliente frecuente
CLI001827,Cecilia,Pantoja,Hurtado,F,67,Baños del Inca,Cajamarca,Cajamarca,Cliente frecuente
CLI001828,Gonzalo,Zedillo,Menéndez,M,64,Llacanora,Cajamarca,Cajamarca,Cliente frecuente
CLI001829,Gabriela,Carranza,Luna,F,77,La Encañada,Cajamarca,Cajamarca,Cliente nuevo
CLI001830,Violeta,Véliz,Morales,F,58,Namora,Cajamarca,Cajamarca,Cliente ocasional
CLI001831,Abril,Miramontes,Herrera,F,46,Jesús,Cajamarca,Cajamarca,Cliente frecuente
CLI001832,Paulina,Galván,Ayala,F,61,Cajamarca,Cajamarca,Cajamarca,Cliente frecuente
CLI001833,Emilia,Espinosa,Amador,F,59,La Encañada,Cajamarca,Cajamarca,Cliente ocasional
CLI001834,Evelio,Cortez,Sepúlveda,M,75,La Encañada,Cajamarca,Cajamarca,Cliente ocasional
CLI001835,Fernando,del Valle,Pulido,M,82,Baños del Inca,Cajamarca,Cajamarca,Cliente ocasional
CLI001836,Yuridia,Osorio,Ramos,F,85,Cajamarca,Cajamarca,Cajamarca,Cliente ocasional
CLI001837,José Manuél,Rivero,Zambrano,M,32,Llacanora,Cajamarca,Cajamarca,Cliente nuevo
CLI001838,Pablo,Grijalva,Rendón,M,64,Cajamarca,Cajamarca,Cajamarca,Cliente ocasional
CLI001839,Pilar,Carrasco,Carrión,F,65,Jesús,Cajamarca,Cajamarca,Cliente ocasional
CLI001840,Daniel,Gallardo,Muñiz,M,61,Cajamarca,Cajamarca,Cajamarca,Cliente frecuente
CLI001841,Elias,Castañeda,Ruiz,M,34,Cajamarca,Cajamarca,Cajamarca,Cliente ocasional
CLI001842,Alfonso,Pulido,Moreno,M,72,Jesús,Cajamarca,Cajamarca,Cliente ocasional
CLI001843,Juan Carlos,Hinojosa,Magaña,M,39,Cajamarca,Cajamarca,Cajamarca,Cliente ocasional
CLI001844,Santiago,Heredia,Vanegas,M,40,Llacanora,Cajamarca,Cajamarca,Cliente nuevo
CLI001845,Aurora,Méndez,Segovia,F,52,Cajamarca,Cajamarca,Cajamarca,Cliente ocasional
CLI001846,Karina,Bermúdez,Matías,F,47,Jesús,Cajamarca,Cajamarca,Cliente ocasional
CLI001847,Rodrigo,Galván,Ruelas,M,24,Cajamarca,Cajamarca,Cajamarca,Cliente ocasional
CLI001848,Ilse,Quesada,Rendón,F,73,Llacanora,Cajamarca,Cajamarca,Cliente ocasional
CLI001849,Nayeli,Delgado,Castillo,F,74,Cajamarca,Cajamarca,Cajamarca,Cliente ocasional
CLI001850,Estela,Rosales,Lemus,F,85,Cajamarca,Cajamarca,Cajamarca,Cliente ocasional
CLI001851,Alicia,Rodarte,Cardona,F,46,Baños del Inca,Cajamarca,Cajamarca,Cliente ocasional
CLI001852,Mercedes,Arias,Bueno,F,23,Cajamarca,Cajamarca,Cajamarca,Cliente ocasional
CLI001853,Claudio,Escobar,Baeza,M,71,La Encañada,Cajamarca,Cajamarca,Cliente frecuente
CLI001854,Roberto,Gracia,Castañeda,M,21,Cajamarca,Cajamarca,Cajamarca,Cliente ocasional
CLI001855,César,Limón,Arce,M,44,Namora,Cajamarca,Cajamarca,Cliente frecuente
CLI001856,Georgina,Cervantes,Guillen,F,78,La Encañada,Cajamarca,Cajamarca,Cliente frecuente
CLI001857,Teresa,Pineda,Castellanos,F,73,Cajamarca,Cajamarca,Cajamarca,Cliente nuevo
CLI001858,Sessa,Orosco,Magaña,F,24,Cajamarca,Cajamarca,Cajamarca,Cliente frecuente
CLI001859,Israel,Rentería,Bonilla,M,50,Jesús,Cajamarca,Cajamarca,Cliente ocasional
CLI001860,Jorge,Fonseca,Escobar,M,54,Cajamarca,Cajamarca,Cajamarca,Cliente ocasional
CLI001861,Genaro,Corral,Robledo,M,22,La Encañada,Cajamarca,Cajamarca,Cliente ocasional
CLI001862,Olivia,Leyva,Romero,F,59,La Encañada,Cajamarca,Cajamarca,Cliente nuevo
CLI001863,Estela,Madrigal,Maya,F,75,Baños del Inca,Cajamarca,Cajamarca,Cliente ocasional
CLI001864,Óscar,Sandoval,Posada,M,32,Cajamarca,Cajamarca,Cajamarca,Cliente ocasional
CLI001865,Ángel,Vigil,Hernández,M,46,Baños del Inca,Cajamarca,Cajamarca,Cliente ocasional
CLI001866,Leonel,Dávila,Zamudio,M,71,Namora,Cajamarca,Cajamarca,Cliente ocasional
CLI001867,Zoé,Rivero,Crespo,F,58,Matara,Cajamarca,Cajamarca,Cliente nuevo
CLI001868,Ariadna,Sisneros,Lucero,F,67,Cajamarca,Cajamarca,Cajamarca,Cliente ocasional
CLI001869,Flavio,Sauceda,Pantoja,M,62,Jesús,Cajamarca,Cajamarca,Cliente ocasional
CLI001870,Anel,Negrete,Armenta,F,78,Cajamarca,Cajamarca,Cajamarca,Cliente frecuente
CLI001871,Martha,Pelayo,Cardona,F,25,Baños del Inca,Cajamarca,Cajamarca,Cliente nuevo
CLI001872,Magdalena,Chacón,Casanova,F,70,Llacanora,Cajamarca,Cajamarca,Cliente nuevo
CLI001873,Horacio,Vera,Pichardo,M,31,Namora,Cajamarca,Cajamarca,Cliente ocasional
CLI001874,José Emilio,Lira,Ayala,M,63,Baños del Inca,Cajamarca,Cajamarca,Cliente ocasional
CLI001875,María del Carmen,Vigil,Escobar,F,82,Cajamarca,Cajamarca,Cajamarca,Cliente ocasional
CLI001876,Bruno,Carrera,Dueñas,M,34,Baños del Inca,Cajamarca,Cajamarca,Cliente frecuente
CLI001877,José Carlos,Vergara,Barrios,M,43,Jesús,Cajamarca,Cajamarca,Cliente ocasional
CLI001878,Gabriel,Urbina,Ávalos,M,64,La Encañada,Cajamarca,Cajamarca,Cliente ocasional
CLI001879,Wendolin,Aragón,Bueno,F,48,Llacanora,Cajamarca,Cajamarca,Cliente ocasional
CLI001880,Celia,Mojica,Trejo,F,80,Llacanora,Cajamarca,Cajamarca,Cliente frecuente
CLI001881,Elvira,Macías,Urbina,F,38,Cajamarca,Cajamarca,Cajamarca,Cliente frecuente
CLI001882,Minerva,Mayorga,Barragán,F,21,Baños del Inca,Cajamarca,Cajamarca,Cliente nuevo
CLI001883,Abraham,Saucedo,Mojica,M,55,Cajamarca,Cajamarca,Cajamarca,Cliente frecuente
CLI001884,Julio César,Cuellar,Zaragoza,M,74,Llacanora,Cajamarca,Cajamarca,Cliente ocasional
CLI001885,Zacarías,Morales,Saldaña,M,26,Cajamarca,Cajamarca,Cajamarca,Cliente nuevo
CLI001886,Wendolin,Angulo,Escalante,F,41,La Encañada,Cajamarca,Cajamarca,Cliente frecuente
CLI001887,Claudio,Barrera,Vega,M,18,Jesús,Cajamarca,Cajamarca,Cliente nuevo
CLI001888,Marisol,Jurado,Pineda,F,80,La Encañada,Cajamarca,Cajamarca,Cliente ocasional
CLI001889,Sara,Godoy,Mateo,F,80,Llacanora,Cajamarca,Cajamarca,Cliente ocasional
CLI001890,José,Negrón,Olivera,M,71,Baños del Inca,Cajamarca,Cajamarca,Cliente ocasional
CLI001891,Jonás,Valencia,Llamas,M,26,Baños del Inca,Cajamarca,Cajamarca,Cliente ocasional
CLI001892,Judith,Marín,Arroyo,F,60,Jesús,Cajamarca,Cajamarca,Cliente nuevo
CLI001893,Cristina,Méndez,Matos,F,31,La Encañada,Cajamarca,Cajamarca,Cliente ocasional
CLI001894,Homero,Saucedo,Pelayo,M,35,Baños del Inca,Cajamarca,Cajamarca,Cliente frecuente
CLI001895,Salvador,Ceja,Navarro,M,25,Namora,Cajamarca,Cajamarca,Cliente ocasional
CLI001896,Carolina,Lozada,Muñoz,F,48,Baños del Inca,Cajamarca,Cajamarca,Cliente ocasional
CLI001897,Oswaldo,Gómez,de Anda,M,40,Cajamarca,Cajamarca,Cajamarca,Cliente nuevo
CLI001898,Beatriz,Herrera,Sanabria,F,51,La Encañada,Cajamarca,Cajamarca,Cliente ocasional
CLI001899,Jorge,Montaño,Granado,M,54,La Encañada,Cajamarca,Cajamarca,Cliente frecuente
CLI001900,Bruno,Gastélum,Arellano,M,60,Namora,Cajamarca,Cajamarca,Cliente ocasional
CLI001901,Nadia,Villagómez,Zamudio,F,59,Cajamarca,Cajamarca,Cajamarca,Cliente frecuente
CLI001902,Santiago,Segovia,Preciado,M,67,Baños del Inca,Cajamarca,Cajamarca,Cliente ocasional
CLI001903,Angélica,Correa,Burgos,F,83,Baños del Inca,Cajamarca,Cajamarca,Cliente ocasional
CLI001904,Aurelio,Flórez,Carreón,M,48,Baños del Inca,Cajamarca,Cajamarca,Cliente nuevo
CLI001905,Marco Antonio,Casas,Narváez,M,71,La Encañada,Cajamarca,Cajamarca,Cliente frecuente
CLI001906,Norma,Pérez,Valles,F,36,Jesús,Cajamarca,Cajamarca,Cliente ocasional
CLI001907,Rufino,Sosa,Canales,M,33,Cajamarca,Cajamarca,Cajamarca,Cliente frecuente
CLI001908,Daniela,Tijerina,Patiño,F,61,Cajamarca,Cajamarca,Cajamarca,Cliente ocasional
CLI001909,Salvador,Jimínez,Casares,M,64,La Encañada,Cajamarca,Cajamarca,Cliente nuevo
CLI001910,Dalia,Lomeli,Arellano,F,49,Cajamarca,Cajamarca,Cajamarca,Cliente nuevo
CLI001911,Bernabé,Pedroza,Lovato,M,37,Cajamarca,Cajamarca,Cajamarca,Cliente ocasional
CLI001912,Adriana,Navarrete,Baca,F,63,Cajamarca,Cajamarca,Cajamarca,Cliente frecuente
CLI001913,Benito,Barragán,Pérez,M,78,Baños del Inca,Cajamarca,Cajamarca,Cliente ocasional
CLI001914,Jorge Luis,Vanegas,Ulibarri,M,71,Baños del Inca,Cajamarca,Cajamarca,Cliente ocasional
CLI001915,Gerardo,Meraz,Leal,M,64,Llacanora,Cajamarca,Cajamarca,Cliente ocasional
CLI001916,Abigail,Nieves,Acosta,F,46,Baños del Inca,Cajamarca,Cajamarca,Cliente nuevo
CLI001917,Diego,Medrano,Vega,M,24,La Encañada,Cajamarca,Cajamarca,Cliente ocasional
CLI001918,Caridad,Matías,Orosco,F,67,Baños del Inca,Cajamarca,Cajamarca,Cliente nuevo
CLI001919,Jaime,Jimínez,Arguello,M,70,Jesús,Cajamarca,Cajamarca,Cliente ocasional
CLI001920,Javier,Matos,Hurtado,M,23,Jesús,Cajamarca,Cajamarca,Cliente ocasional
CLI001921,María Elena,Pérez,Gálvez,F,36,Jesús,Cajamarca,Cajamarca,Cliente frecuente
CLI001922,Gerardo,Munguía,Morales,M,24,Cajamarca,Cajamarca,Cajamarca,Cliente ocasional
CLI001923,Renato,Ureña,Gálvez,M,28,Matara,Cajamarca,Cajamarca,Cliente nuevo
CLI001924,Javier,Carvajal,Aponte,M,55,Cajamarca,Cajamarca,Cajamarca,Cliente frecuente
CLI001925,Inés,Maya,Melgar,F,76,Baños del Inca,Cajamarca,Cajamarca,Cliente frecuente
CLI001926,Modesto,Hidalgo,de la Torre,M,35,La Encañada,Cajamarca,Cajamarca,Cliente ocasional
CLI001927,Elena,Galarza,Cedillo,F,60,Jesús,Cajamarca,Cajamarca,Cliente nuevo
CLI001928,Inés,Ornelas,Rolón,F,25,Cajamarca,Cajamarca,Cajamarca,Cliente frecuente
CLI001929,Bernardo,Báez,Huerta,M,81,Cajamarca,Cajamarca,Cajamarca,Cliente ocasional
CLI001930,Úrsula,Cornejo,Briones,F,37,La Encañada,Cajamarca,Cajamarca,Cliente ocasional
CLI001931,Pilar,Alvarado,Mora,F,53,Cajamarca,Cajamarca,Cajamarca,Cliente ocasional
CLI001932,Cristal,Salas,Carreón,F,40,Cajamarca,Cajamarca,Cajamarca,Cliente nuevo
CLI001933,Miguel,Jaime,Fonseca,M,85,Baños del Inca,Cajamarca,Cajamarca,Cliente nuevo
CLI001934,Miriam,Ibarra,Soto,F,44,Llacanora,Cajamarca,Cajamarca,Cliente ocasional
CLI001935,Margarita,Canales,Jáquez,F,40,Llacanora,Cajamarca,Cajamarca,Cliente nuevo
CLI001936,Jorge Luis,Rosas,Romero,M,76,Llacanora,Cajamarca,Cajamarca,Cliente ocasional
CLI001937,José María,Arenas,Villegas,M,61,La Encañada,Cajamarca,Cajamarca,Cliente frecuente
CLI001938,María Luisa,Godoy,Aranda,F,59,Cajamarca,Cajamarca,Cajamarca,Cliente nuevo
CLI001939,Cristian,Carvajal,Porras,M,77,Cajamarca,Cajamarca,Cajamarca,Cliente frecuente
CLI001940,Jos,Cazares,Peralta,M,82,La Encañada,Cajamarca,Cajamarca,Cliente ocasional
CLI001941,Ramiro,Orellana,Aguilar,M,31,Llacanora,Cajamarca,Cajamarca,Cliente nuevo
CLI001942,Inés,Cintrón,Ureña,F,46,Cajamarca,Cajamarca,Cajamarca,Cliente nuevo
CLI001943,Ana,Balderas,Collazo,F,18,Cajamarca,Cajamarca,Cajamarca,Cliente nuevo
CLI001944,Ignacio,Gamboa,Roque,M,39,Jesús,Cajamarca,Cajamarca,Cliente frecuente
CLI001945,Blanca,Lugo,Longoria,F,58,Jesús,Cajamarca,Cajamarca,Cliente nuevo
CLI001946,Aurelio,Gamboa,Ibarra,M,60,Baños del Inca,Cajamarca,Cajamarca,Cliente frecuente
CLI001947,Zoé,Mendoza,Lara,F,57,Namora,Cajamarca,Cajamarca,Cliente ocasional
CLI001948,Alta  Gracia,Rocha,Hernandes,F,61,Cajamarca,Cajamarca,Cajamarca,Cliente ocasional
CLI001949,Diana,Corrales,Vallejo,F,34,Cajamarca,Cajamarca,Cajamarca,Cliente ocasional
CLI001950,Dolores,Lemus,Serrano,F,70,Baños del Inca,Cajamarca,Cajamarca,Cliente nuevo
CLI001951,Patricia,Viera,Collado,F,23,Baños del Inca,Cajamarca,Cajamarca,Cliente frecuente
CLI001952,Marisol,Treviño,Matías,F,23,Cajamarca,Cajamarca,Cajamarca,Cliente ocasional
CLI001953,Andrea,de la O,Centeno,F,44,Namora,Cajamarca,Cajamarca,Cliente frecuente
CLI001954,Eloy,Cantú,Badillo,M,43,Cajamarca,Cajamarca,Cajamarca,Cliente ocasional
CLI001955,Esperanza,Vargas,Razo,F,56,Llacanora,Cajamarca,Cajamarca,Cliente ocasional
CLI001956,Victoria,Verduzco,Sotelo,F,39,Llacanora,Cajamarca,Cajamarca,Cliente ocasional
CLI001957,Aldo,Moya,Raya,M,81,Cajamarca,Cajamarca,Cajamarca,Cliente ocasional
CLI001958,Gerónimo,Olivera,Muñoz,M,41,Llacanora,Cajamarca,Cajamarca,Cliente ocasional
CLI001959,Mauricio,Alva,Abrego,M,32,Cajamarca,Cajamarca,Cajamarca,Cliente ocasional
CLI001960,Flavio,Jaramillo,Rosario,M,29,Cajamarca,Cajamarca,Cajamarca,Cliente frecuente
CLI001961,Carlos,Aragón,Rolón,M,81,Cajamarca,Cajamarca,Cajamarca,Cliente ocasional
CLI001962,Cristobal,Niño,Alarcón,M,81,Cajamarca,Cajamarca,Cajamarca,Cliente frecuente
CLI001963,Beatriz,Cabán,Bernal,F,51,Baños del Inca,Cajamarca,Cajamarca,Cliente ocasional
CLI001964,Adán,Peña,Granado,M,63,La Encañada,Cajamarca,Cajamarca,Cliente frecuente
CLI001965,Benjamín,Quintana,Gil,M,72,Cajamarca,Cajamarca,Cajamarca,Cliente frecuente
CLI001966,Concepción,Cantú,Figueroa,F,24,Llacanora,Cajamarca,Cajamarca,Cliente frecuente
CLI001967,Norma,Madrid,Jaimes,F,63,Baños del Inca,Cajamarca,Cajamarca,Cliente nuevo
CLI001968,Emilio,Godínez,Rodríguez,M,28,Cajamarca,Cajamarca,Cajamarca,Cliente frecuente
CLI001969,Indira,Jiménez,Alva,F,74,Baños del Inca,Cajamarca,Cajamarca,Cliente ocasional
CLI001970,Julio César,Castañeda,Roybal,M,47,Cajamarca,Cajamarca,Cajamarca,Cliente ocasional
CLI001971,Arturo,Valadez,Ponce,M,20,Cajamarca,Cajamarca,Cajamarca,Cliente ocasional
CLI001972,Bernardo,Quezada,Alonzo,M,26,Llacanora,Cajamarca,Cajamarca,Cliente ocasional
CLI001973,Andrés,Longoria,Yáñez,M,47,Cajamarca,Cajamarca,Cajamarca,Cliente ocasional
CLI001974,Zeferino,Quiroz,Lovato,M,42,Baños del Inca,Cajamarca,Cajamarca,Cliente frecuente
CLI001975,Inés,Vera,Maya,F,19,Cajamarca,Cajamarca,Cajamarca,Cliente frecuente
CLI001976,Amador,Olivo,Barragán,M,83,Cajamarca,Cajamarca,Cajamarca,Cliente ocasional
CLI001977,Alonso,Terrazas,Blanco,M,54,Baños del Inca,Cajamarca,Cajamarca,Cliente frecuente
CLI001978,Mónica,Cabán,Tejada,F,49,Cajamarca,Cajamarca,Cajamarca,Cliente frecuente
CLI001979,Óscar,Chacón,Cisneros,M,23,Cajamarca,Cajamarca,Cajamarca,Cliente frecuente
CLI001980,Carmen,Padilla,Moreno,F,41,Matara,Cajamarca,Cajamarca,Cliente ocasional
CLI001981,Georgina,Estrada,Holguín,F,53,Cajamarca,Cajamarca,Cajamarca,Cliente ocasional
CLI001982,Sandra,Barela,Gracia,F,68,Namora,Cajamarca,Cajamarca,Cliente ocasional
CLI001983,Úrsula,Valverde,Gallardo,F,56,Cajamarca,Cajamarca,Cajamarca,Cliente nuevo
CLI001984,Lucía,Munguía,Negrete,F,20,Cajamarca,Cajamarca,Cajamarca,Cliente ocasional
CLI001985,Manuel,Macías,Espino,M,78,Cajamarca,Cajamarca,Cajamarca,Cliente frecuente
CLI001986,José María,Naranjo,Tejada,M,56,Namora,Cajamarca,Cajamarca,Cliente nuevo
CLI001987,Zacarías,Castañeda,Holguín,M,79,Cajamarca,Cajamarca,Cajamarca,Cliente ocasional
CLI001988,Francisco,Lira,Olvera,M,40,Cajamarca,Cajamarca,Cajamarca,Cliente ocasional
CLI001989,Carlos,Fernández,Acevedo,M,51,Cajamarca,Cajamarca,Cajamarca,Cliente frecuente
CLI001990,Tomás,Olivo,Fajardo,M,53,Jesús,Cajamarca,Cajamarca,Cliente ocasional
CLI001991,Lucas,Cortez,Romero,M,31,Baños del Inca,Cajamarca,Cajamarca,Cliente ocasional
CLI001992,Verónica,Rosario,Alejandro,F,18,Namora,Cajamarca,Cajamarca,Cliente frecuente
CLI001993,Alma,Valverde,Castañeda,F,56,Baños del Inca,Cajamarca,Cajamarca,Cliente nuevo
CLI001994,Mateo,Dueñas,Villalobos,M,77,Baños del Inca,Cajamarca,Cajamarca,Cliente frecuente
CLI001995,Karina,Bustos,Salgado,F,32,Matara,Cajamarca,Cajamarca,Cliente ocasional
CLI001996,Noelia,Caldera,Quiroz,F,28,Baños del Inca,Cajamarca,Cajamarca,Cliente frecuente
CLI001997,Isabela,Villagómez,Montenegro,F,42,La Encañada,Cajamarca,Cajamarca,Cliente ocasional
CLI001998,Raúl,Peña,Avilés,M,61,Llacanora,Cajamarca,Cajamarca,Cliente ocasional
CLI001999,Magdalena,Alcántar,Jimínez,F,50,Baños del Inca,Cajamarca,Cajamarca,Cliente nuevo
CLI002000,Ignacio,Tijerina,Cantú,M,53,Jesús,Cajamarca,Cajamarca,Cliente frecuente
CLI002001,Iván,Zamudio,Zelaya,M,81,Matara,Cajamarca,Cajamarca,Cliente frecuente
CLI002002,René,Alcaraz,Ulibarri,M,79,Cajamarca,Cajamarca,Cajamarca,Cliente ocasional
CLI002003,Gerónimo,Mireles,Díaz,M,25,Cajamarca,Cajamarca,Cajamarca,Cliente ocasional
CLI002004,Cristian,Nájera,Dueñas,M,79,La Encañada,Cajamarca,Cajamarca,Cliente ocasional
CLI002005,Juan Carlos,Noriega,Gálvez,M,32,La Encañada,Cajamarca,Cajamarca,Cliente ocasional
CLI002006,Lorena,Montoya,Henríquez,F,83,La Encañada,Cajamarca,Cajamarca,Cliente nuevo
CLI002007,Alvaro,Casas,Razo,M,46,Cajamarca,Cajamarca,Cajamarca,Cliente frecuente
CLI002008,Anabel,Aguayo,Vallejo,F,79,Cajamarca,Cajamarca,Cajamarca,Cliente ocasional
CLI002009,José,de la Garza,Vergara,M,25,Baños del Inca,Cajamarca,Cajamarca,Cliente ocasional
CLI002010,Helena,Zepeda,Carreón,F,36,Cajamarca,Cajamarca,Cajamarca,Cliente nuevo
CLI002011,Guillermo,Colunga,Menéndez,M,51,La Encañada,Cajamarca,Cajamarca,Cliente frecuente
CLI002012,Armando,Balderas,Muñoz,M,84,Cajamarca,Cajamarca,Cajamarca,Cliente frecuente
CLI002013,Ofelia,Rendón,Villa,F,50,Cajamarca,Cajamarca,Cajamarca,Cliente ocasional
CLI002014,Natalia,Bañuelos,Jimínez,F,60,Jesús,Cajamarca,Cajamarca,Cliente ocasional
CLI002015,Federico,Galindo,Rivero,M,80,La Encañada,Cajamarca,Cajamarca,Cliente frecuente
CLI002016,Mateo,Holguín,Granado,M,55,Cajamarca,Cajamarca,Cajamarca,Cliente frecuente
CLI002017,Espartaco,Serna,Tijerina,M,44,La Encañada,Cajamarca,Cajamarca,Cliente ocasional
CLI002018,Elsa,Maestas,Romo,F,58,Cajamarca,Cajamarca,Cajamarca,Cliente frecuente
CLI002019,Emiliano,Escobar,Acuña,M,83,Baños del Inca,Cajamarca,Cajamarca,Cliente ocasional
CLI002020,Federico,Pabón,Contreras,M,70,Baños del Inca,Cajamarca,Cajamarca,Cliente ocasional
CLI002021,Pablo,Jáquez,Arroyo,M,71,Jesús,Cajamarca,Cajamarca,Cliente ocasional
CLI002022,Mario,Garay,Santillán,M,33,Baños del Inca,Cajamarca,Cajamarca,Cliente frecuente
CLI002023,Verónica,Porras,Otero,F,62,Jesús,Cajamarca,Cajamarca,Cliente frecuente
CLI002024,Genaro,Jurado,Pizarro,M,82,Cajamarca,Cajamarca,Cajamarca,Cliente ocasional
CLI002025,Enrique,Lovato,Amaya,M,67,Cajamarca,Cajamarca,Cajamarca,Cliente ocasional
CLI002026,Aurora,Solano,Solano,F,76,Namora,Cajamarca,Cajamarca,Cliente ocasional
CLI002027,Lorenzo,Salcido,Burgos,M,56,Cajamarca,Cajamarca,Cajamarca,Cliente frecuente
CLI002028,Ofelia,Alejandro,Alemán,F,77,Baños del Inca,Cajamarca,Cajamarca,Cliente ocasional
CLI002029,Carlos,Parra,Reséndez,M,68,Cajamarca,Cajamarca,Cajamarca,Cliente ocasional
CLI002030,David,Brito,Terán,M,58,La Encañada,Cajamarca,Cajamarca,Cliente ocasional
CLI002031,Jaqueline,de Anda,Escalante,F,32,La Encañada,Cajamarca,Cajamarca,Cliente frecuente
CLI002032,Bianca,Gaytán,Olmos,F,55,Cajamarca,Cajamarca,Cajamarca,Cliente ocasional
CLI002033,Marisol,Pelayo,Nájera,F,21,Llacanora,Cajamarca,Cajamarca,Cliente nuevo
CLI002034,Berta,Casanova,Tejada,F,67,Cajamarca,Cajamarca,Cajamarca,Cliente ocasional
CLI002035,Jacobo,Sauceda,Aragón,M,76,Llacanora,Cajamarca,Cajamarca,Cliente ocasional
CLI002036,Rolando,Mercado,Laboy,M,61,Llacanora,Cajamarca,Cajamarca,Cliente ocasional
CLI002037,Abril,Hinojosa,Trejo,F,56,Matara,Cajamarca,Cajamarca,Cliente frecuente
CLI002038,José Emilio,Alemán,Barraza,M,36,Cajamarca,Cajamarca,Cajamarca,Cliente ocasional
CLI002039,Horacio,Jurado,Llamas,M,83,Cajamarca,Cajamarca,Cajamarca,Cliente ocasional
CLI002040,Humberto,Valentín,Almonte,M,62,La Encañada,Cajamarca,Cajamarca,Cliente ocasional
CLI002041,Emiliano,Alfaro,Altamirano,M,79,Cajamarca,Cajamarca,Cajamarca,Cliente frecuente
CLI002042,Ramón,Portillo,Córdova,M,41,Cajamarca,Cajamarca,Cajamarca,Cliente ocasional
CLI002043,Alvaro,Chavarría,Guajardo,M,49,Matara,Cajamarca,Cajamarca,Cliente nuevo
CLI002044,Horacio,Correa,Jáquez,M,48,Cajamarca,Cajamarca,Cajamarca,Cliente ocasional
CLI002045,Diego,Pelayo,Vanegas,M,60,Llacanora,Cajamarca,Cajamarca,Cliente ocasional
CLI002046,Francisco,Arriaga,Berríos,M,43,Cajamarca,Cajamarca,Cajamarca,Cliente nuevo
CLI002047,Aida,Escalante,Miranda,F,53,Cajamarca,Cajamarca,Cajamarca,Cliente frecuente
CLI002048,Mateo,Mondragón,Viera,M,38,La Encañada,Cajamarca,Cajamarca,Cliente frecuente
CLI002049,Roberto,Santacruz,Medina,M,77,Namora,Cajamarca,Cajamarca,Cliente ocasional
CLI002050,Esteban,Segura,Rojas,M,48,Baños del Inca,Cajamarca,Cajamarca,Cliente ocasional
CLI002051,Óliver,Briseño,Salgado,M,27,Namora,Cajamarca,Cajamarca,Cliente nuevo
CLI002052,Martín,Castillo,Briones,M,68,Baños del Inca,Cajamarca,Cajamarca,Cliente frecuente
CLI002053,Anabel,Acuña,Montemayor,F,32,Cajamarca,Cajamarca,Cajamarca,Cliente frecuente
CLI002054,Diana,Villalobos,Abrego,F,69,Cajamarca,Cajamarca,Cajamarca,Cliente ocasional
CLI002055,Teodoro,Girón,Altamirano,M,44,Matara,Cajamarca,Cajamarca,Cliente nuevo
CLI002056,Bernabé,Villaseñor,Garica,M,43,Jesús,Cajamarca,Cajamarca,Cliente ocasional
CLI002057,Amalia,Magaña,Angulo,F,81,Cajamarca,Cajamarca,Cajamarca,Cliente ocasional
CLI002058,Miguel Ángel,Gómez,Gamboa,M,63,Cajamarca,Cajamarca,Cajamarca,Cliente nuevo
CLI002059,Marcos,Arreola,Bustamante,M,50,Matara,Cajamarca,Cajamarca,Cliente nuevo
CLI002060,Yeni,Galván,Cervántez,F,77,Baños del Inca,Cajamarca,Cajamarca,Cliente ocasional
CLI002061,José Manuél,Garibay,Nevárez,M,82,Cajamarca,Cajamarca,Cajamarca,Cliente ocasional
CLI002062,Uriel,Roldán,Rendón,M,49,Cajamarca,Cajamarca,Cajamarca,Cliente nuevo
CLI002063,Flavio,Guevara,Vaca,M,37,Cajamarca,Cajamarca,Cajamarca,Cliente frecuente
CLI002064,Judith,Olivares,Carreón,F,70,Cajamarca,Cajamarca,Cajamarca,Cliente nuevo
CLI002065,María Eugenia,Segura,Robles,F,72,Cajamarca,Cajamarca,Cajamarca,Cliente ocasional
CLI002066,Linda,Rendón,Negrón,F,65,Cajamarca,Cajamarca,Cajamarca,Cliente ocasional
CLI002067,Susana,Alonzo,Hernández,F,42,Jesús,Cajamarca,Cajamarca,Cliente frecuente
CLI002068,Natividad,Olmos,Mayorga,F,21,Jesús,Cajamarca,Cajamarca,Cliente ocasional
CLI002069,Camila,Burgos,Cavazos,F,28,Cajamarca,Cajamarca,Cajamarca,Cliente ocasional
CLI002070,José María,Matías,Arenas,M,68,La Encañada,Cajamarca,Cajamarca,Cliente ocasional
CLI002071,Abelardo,Perea,Cazares,M,25,Cajamarca,Cajamarca,Cajamarca,Cliente ocasional
CLI002072,Ramiro,Matías,Márquez,M,37,Cajamarca,Cajamarca,Cajamarca,Cliente frecuente
CLI002073,Dalia,Salcedo,Montes,F,27,Llacanora,Cajamarca,Cajamarca,Cliente ocasional
CLI002074,Arturo,Laureano,Vargas,M,31,Llacanora,Cajamarca,Cajamarca,Cliente nuevo
CLI002075,Irma,Valenzuela,Chávez,F,80,Cajamarca,Cajamarca,Cajamarca,Cliente ocasional
CLI002076,Cornelio,de la Rosa,Paz,M,66,Cajamarca,Cajamarca,Cajamarca,Cliente frecuente
CLI002077,Rosalia,Cepeda,Sepúlveda,F,70,Namora,Cajamarca,Cajamarca,Cliente frecuente
CLI002078,Julia,Espinal,Niño,F,31,Cajamarca,Cajamarca,Cajamarca,Cliente nuevo
CLI002079,Ángela,Tirado,Zavala,F,56,Jesús,Cajamarca,Cajamarca,Cliente ocasional
CLI002080,Leonardo,Almaraz,Contreras,M,77,Cajamarca,Cajamarca,Cajamarca,Cliente ocasional
CLI002081,Elvira,Venegas,Gaona,F,26,Cajamarca,Cajamarca,Cajamarca,Cliente ocasional
CLI002082,Eloisa,Crespo,Chávez,F,61,Cajamarca,Cajamarca,Cajamarca,Cliente ocasional
CLI002083,Hilda,Bahena,Haro,F,57,Cajamarca,Cajamarca,Cajamarca,Cliente frecuente
CLI002084,Carla,Salinas,Apodaca,F,21,Matara,Cajamarca,Cajamarca,Cliente frecuente
CLI002085,Natividad,Rivera,Feliciano,F,19,La Encañada,Cajamarca,Cajamarca,Cliente ocasional
CLI002086,Marcos,Bravo,Granados,M,68,Cajamarca,Cajamarca,Cajamarca,Cliente ocasional
CLI002087,Joaquín,Verduzco,Cortez,M,25,Cajamarca,Cajamarca,Cajamarca,Cliente frecuente
CLI002088,Porfirio,Vergara,Canales,M,62,Cajamarca,Cajamarca,Cajamarca,Cliente nuevo
CLI002089,Luz,Gallardo,Henríquez,F,42,Cajamarca,Cajamarca,Cajamarca,Cliente frecuente
CLI002090,Marco Antonio,Crespo,Muñoz,M,72,Cajamarca,Cajamarca,Cajamarca,Cliente ocasional
CLI002091,Eric,Armas,Ávila,M,50,Cajamarca,Cajamarca,Cajamarca,Cliente ocasional
CLI002092,Zoé,Frías,Rodríquez,F,26,Cajamarca,Cajamarca,Cajamarca,Cliente frecuente
CLI002093,Amador,Barela,Lebrón,M,84,Namora,Cajamarca,Cajamarca,Cliente ocasional
CLI002094,Timoteo,Arenas,Gollum,M,28,Cajamarca,Cajamarca,Cajamarca,Cliente nuevo
CLI002095,Carlos,Alvarado,Tamayo,M,45,Baños del Inca,Cajamarca,Cajamarca,Cliente frecuente
CLI002096,Gabino,Collazo,Lira,M,31,Cajamarca,Cajamarca,Cajamarca,Cliente nuevo
CLI002097,Tomás,Montalvo,Quintanilla,M,64,Jesús,Cajamarca,Cajamarca,Cliente ocasional
CLI002098,Graciela,Nájera,Ochoa,F,42,Cajamarca,Cajamarca,Cajamarca,Cliente ocasional
CLI002099,Manuel,Narváez,Serna,M,21,Matara,Cajamarca,Cajamarca,Cliente frecuente
CLI002100,Mateo,Ledesma,Acevedo,M,61,Baños del Inca,Cajamarca,Cajamarca,Cliente nuevo
CLI002101,Marisol,Padrón,Ballesteros,F,79,Cajamarca,Cajamarca,Cajamarca,Cliente nuevo
CLI002102,Gloria,Badillo,Arteaga,F,21,Llacanora,Cajamarca,Cajamarca,Cliente frecuente
CLI002103,Ramón,Rodrígez,Zelaya,M,32,Baños del Inca,Cajamarca,Cajamarca,Cliente frecuente
CLI002104,Gabino,García,Ozuna,M,49,La Encañada,Cajamarca,Cajamarca,Cliente ocasional
CLI002105,Luz,Gastélum,Casárez,F,71,Llacanora,Cajamarca,Cajamarca,Cliente nuevo
CLI002106,Alta  Gracia,Páez,Jurado,F,28,Baños del Inca,Cajamarca,Cajamarca,Cliente frecuente
CLI002107,Ricardo,Rivas,Hernandes,M,75,Cajamarca,Cajamarca,Cajamarca,Cliente nuevo
CLI002108,Ana Luisa,de la O,Almanza,F,72,La Encañada,Cajamarca,Cajamarca,Cliente frecuente
CLI002109,Miriam,Macías,Gutiérrez,F,30,Namora,Cajamarca,Cajamarca,Cliente nuevo
CLI002110,Miriam,Montaño,Castillo,F,38,Cajamarca,Cajamarca,Cajamarca,Cliente nuevo
CLI002111,Diego,Meléndez,Caraballo,M,73,Matara,Cajamarca,Cajamarca,Cliente ocasional
CLI002112,Wilfrido,Fernández,Solorio,M,33,Matara,Cajamarca,Cajamarca,Cliente ocasional
CLI002113,David,Portillo,Castellanos,M,36,Cajamarca,Cajamarca,Cajamarca,Cliente ocasional
CLI002114,Aldonza,Gamez,Lucero,F,45,Cajamarca,Cajamarca,Cajamarca,Cliente ocasional
CLI002115,María Teresa,Barrios,Contreras,F,77,La Encañada,Cajamarca,Cajamarca,Cliente nuevo
CLI002116,Camila,Urrutia,Amador,F,60,Cajamarca,Cajamarca,Cajamarca,Cliente nuevo
CLI002117,María del Carmen,Amador,Quintanilla,F,22,Jesús,Cajamarca,Cajamarca,Cliente ocasional
CLI002118,Estela,Orellana,Chacón,F,31,Baños del Inca,Cajamarca,Cajamarca,Cliente frecuente
CLI002119,Alonso,Venegas,Pedroza,M,40,Baños del Inca,Cajamarca,Cajamarca,Cliente frecuente
CLI002120,Natividad,Gaytán,Trejo,F,77,Cajamarca,Cajamarca,Cajamarca,Cliente nuevo
CLI002121,Marcos,Leal,Alfaro,M,41,Cajamarca,Cajamarca,Cajamarca,Cliente ocasional
CLI002122,Gregorio,Polanco,Griego,M,77,Cajamarca,Cajamarca,Cajamarca,Cliente frecuente
CLI002123,Úrsula,Menchaca,Estévez,F,73,Matara,Cajamarca,Cajamarca,Cliente frecuente
CLI002124,Luis,Alcaraz,Cavazos,M,83,Jesús,Cajamarca,Cajamarca,Cliente frecuente
CLI002125,Clemente,Patiño,Robles,M,28,Baños del Inca,Cajamarca,Cajamarca,Cliente ocasional
CLI002126,Emilia,Alvarado,Villalobos,F,35,Cajamarca,Cajamarca,Cajamarca,Cliente frecuente
CLI002127,Gregorio,Vélez,Solorzano,M,40,Cajamarca,Cajamarca,Cajamarca,Cliente ocasional
CLI002128,Guillermina,Roque,Montoya,F,25,Cajamarca,Cajamarca,Cajamarca,Cliente ocasional
CLI002129,Marcela,Lovato,Aponte,F,85,Jesús,Cajamarca,Cajamarca,Cliente nuevo
CLI002130,Lourdes,Santana,Carranza,F,82,Baños del Inca,Cajamarca,Cajamarca,Cliente nuevo
CLI002131,Omar,Villegas,Meléndez,M,56,Baños del Inca,Cajamarca,Cajamarca,Cliente ocasional
CLI002132,Hilda,Gurule,Dueñas,F,18,Cajamarca,Cajamarca,Cajamarca,Cliente ocasional
CLI002133,Amelia,Mateo,Garrido,F,32,Cajamarca,Cajamarca,Cajamarca,Cliente ocasional
CLI002134,Salvador,Carranza,Brito,M,49,Cajamarca,Cajamarca,Cajamarca,Cliente nuevo
CLI002135,Ana María,Lemus,Mascareñas,F,64,Baños del Inca,Cajamarca,Cajamarca,Cliente ocasional
CLI002136,Marcela,Mata,Montenegro,F,78,Matara,Cajamarca,Cajamarca,Cliente nuevo
CLI002137,Leonardo,Almaraz,Sáenz,M,63,Cajamarca,Cajamarca,Cajamarca,Cliente ocasional
CLI002138,Rebeca,Moya,Lara,F,54,Baños del Inca,Cajamarca,Cajamarca,Cliente nuevo
CLI002139,Bruno,Santana,Durán,M,84,Baños del Inca,Cajamarca,Cajamarca,Cliente nuevo
CLI002140,Amelia,Barrientos,Colunga,F,36,Cajamarca,Cajamarca,Cajamarca,Cliente ocasional
CLI002141,Magdalena,Lozada,Gómez,F,38,Cajamarca,Cajamarca,Cajamarca,Cliente ocasional
CLI002142,Ivonne,Lira,Loera,F,49,Llacanora,Cajamarca,Cajamarca,Cliente nuevo
CLI002143,Cornelio,Orta,Ortega,M,40,Jesús,Cajamarca,Cajamarca,Cliente nuevo
CLI002144,Germán,Sánchez,Alonzo,M,84,Jesús,Cajamarca,Cajamarca,Cliente ocasional
CLI002145,Wilfrido,Barraza,Delgado,M,68,Cajamarca,Cajamarca,Cajamarca,Cliente nuevo
CLI002146,Guadalupe,Carrero,Beltrán,F,29,Baños del Inca,Cajamarca,Cajamarca,Cliente frecuente
CLI002147,María Teresa,Cotto,Gurule,F,69,Jesús,Cajamarca,Cajamarca,Cliente nuevo
CLI002148,Ivonne,Botello,Olivo,F,82,Baños del Inca,Cajamarca,Cajamarca,Cliente nuevo
CLI002149,Óliver,Romo,Villagómez,M,83,Jesús,Cajamarca,Cajamarca,Cliente nuevo
CLI002150,Teodoro,Paredes,Valle,M,41,Baños del Inca,Cajamarca,Cajamarca,Cliente nuevo
CLI002151,Gabriel,Esquivel,Pulido,M,37,Cajamarca,Cajamarca,Cajamarca,Cliente ocasional
CLI002152,Jorge,Apodaca,Páez,M,18,Baños del Inca,Cajamarca,Cajamarca,Cliente frecuente
CLI002153,Clemente,Gómez,Echeverría,M,83,Cajamarca,Cajamarca,Cajamarca,Cliente nuevo
CLI002154,Andrés,Rael,Prieto,M,36,Llacanora,Cajamarca,Cajamarca,Cliente nuevo
CLI002155,Fabiola,Cantú,Rangel,F,59,Baños del Inca,Cajamarca,Cajamarca,Cliente ocasional
CLI002156,Eugenio,Tafoya,Flórez,M,50,Llacanora,Cajamarca,Cajamarca,Cliente frecuente
CLI002157,Antonio,Menéndez,Iglesias,M,34,Cajamarca,Cajamarca,Cajamarca,Cliente ocasional
CLI002158,Luis,Cazares,Gamez,M,24,La Encañada,Cajamarca,Cajamarca,Cliente ocasional
CLI002159,María Cristina,Lucero,Orozco,F,26,Cajamarca,Cajamarca,Cajamarca,Cliente frecuente
CLI002160,María Cristina,Páez,Nevárez,F,20,Matara,Cajamarca,Cajamarca,Cliente ocasional
CLI002161,Arturo,Zambrano,Maldonado,M,53,Cajamarca,Cajamarca,Cajamarca,Cliente frecuente
CLI002162,Espartaco,Franco,Rosario,M,30,Jesús,Cajamarca,Cajamarca,Cliente frecuente
CLI002163,Dalia,Aranda,Muñiz,F,23,La Encañada,Cajamarca,Cajamarca,Cliente ocasional
CLI002164,Mitzy,Toro,Dueñas,F,47,La Encañada,Cajamarca,Cajamarca,Cliente nuevo
CLI002165,Salvador,Ochoa,Valladares,M,24,Baños del Inca,Cajamarca,Cajamarca,Cliente ocasional
CLI002166,Julia,Perales,Padrón,F,79,Jesús,Cajamarca,Cajamarca,Cliente ocasional
CLI002167,Elisa,Posada,Jiménez,F,85,Llacanora,Cajamarca,Cajamarca,Cliente ocasional
CLI002168,Juan Carlos,Vigil,Apodaca,M,72,Baños del Inca,Cajamarca,Cajamarca,Cliente nuevo
CLI002169,Óliver,Arce,Madera,M,44,Cajamarca,Cajamarca,Cajamarca,Cliente ocasional
CLI002170,René,Rodríguez,López,M,83,Llacanora,Cajamarca,Cajamarca,Cliente frecuente
CLI002171,Claudio,Sosa,Garica,M,50,Cajamarca,Cajamarca,Cajamarca,Cliente frecuente
CLI002172,Ivonne,Alva,Sevilla,F,50,La Encañada,Cajamarca,Cajamarca,Cliente ocasional
CLI002173,Claudio,Valle,Saavedra,M,58,Jesús,Cajamarca,Cajamarca,Cliente ocasional
CLI002174,Alvaro,Chacón,Pedroza,M,25,Jesús,Cajamarca,Cajamarca,Cliente nuevo
CLI002175,Catalina,Rivera,de la Garza,F,83,Cajamarca,Cajamarca,Cajamarca,Cliente frecuente
CLI002176,Magdalena,Madrid,Murillo,F,18,La Encañada,Cajamarca,Cajamarca,Cliente ocasional
CLI002177,Alma,Luna,Saucedo,F,51,Baños del Inca,Cajamarca,Cajamarca,Cliente ocasional
CLI002178,Jorge Luis,Munguía,Niño,M,74,Cajamarca,Cajamarca,Cajamarca,Cliente ocasional
CLI002179,Amelia,Zedillo,Pedroza,F,83,Jesús,Cajamarca,Cajamarca,Cliente frecuente
CLI002180,Esther,Moreno,Alejandro,F,25,Baños del Inca,Cajamarca,Cajamarca,Cliente ocasional
CLI002181,Felipe,Soto,Montemayor,M,35,Cajamarca,Cajamarca,Cajamarca,Cliente ocasional
CLI002182,Diego,Monroy,Sosa,M,31,Cajamarca,Cajamarca,Cajamarca,Cliente ocasional
CLI002183,Hernán,Villarreal,Menéndez,M,82,Jesús,Cajamarca,Cajamarca,Cliente ocasional
CLI002184,Gabriela,de la Rosa,Gamez,F,66,Jesús,Cajamarca,Cajamarca,Cliente frecuente
CLI002185,Bianca,Méndez,Córdova,F,56,Baños del Inca,Cajamarca,Cajamarca,Cliente ocasional
CLI002186,Cristina,Pichardo,Suárez,F,43,Namora,Cajamarca,Cajamarca,Cliente frecuente
CLI002187,Débora,Contreras,Anaya,F,71,Llacanora,Cajamarca,Cajamarca,Cliente frecuente
CLI002188,Jonás,Casillas,Villegas,M,37,Baños del Inca,Cajamarca,Cajamarca,Cliente ocasional
CLI002189,María del Carmen,Murillo,Nieto,F,32,La Encañada,Cajamarca,Cajamarca,Cliente frecuente
CLI002190,Cristal,Dueñas,de la O,F,72,Baños del Inca,Cajamarca,Cajamarca,Cliente ocasional
CLI002191,Alejandra,Lucio,Muñoz,F,57,Jesús,Cajamarca,Cajamarca,Cliente frecuente
CLI002192,Fidel,Ornelas,Cepeda,M,41,Cajamarca,Cajamarca,Cajamarca,Cliente frecuente
CLI002193,Abraham,Tovar,Fajardo,M,31,La Encañada,Cajamarca,Cajamarca,Cliente ocasional
CLI002194,Aldo,Lozano,Carrasco,M,45,Llacanora,Cajamarca,Cajamarca,Cliente ocasional
CLI002195,Diego,Rubio,Quiroz,M,20,Llacanora,Cajamarca,Cajamarca,Cliente nuevo
CLI002196,Dulce María,Alejandro,Rascón,F,53,Jesús,Cajamarca,Cajamarca,Cliente frecuente
CLI002197,Eugenio,Menchaca,Ramírez,M,53,Cajamarca,Cajamarca,Cajamarca,Cliente frecuente
CLI002198,Modesto,Casares,Molina,M,40,Cajamarca,Cajamarca,Cajamarca,Cliente frecuente
CLI002199,Josefina,Ortega,de la Crúz,F,40,Cajamarca,Cajamarca,Cajamarca,Cliente nuevo
CLI002200,Gilberto,Soria,Ocasio,M,44,Baños del Inca,Cajamarca,Cajamarca,Cliente ocasional
CLI002201,Dulce,Godoy,Alcala,F,85,Cajamarca,Cajamarca,Cajamarca,Cliente nuevo
CLI002202,Citlali,Chacón,Abrego,F,75,Cajamarca,Cajamarca,Cajamarca,Cliente nuevo
CLI002203,Pascual,Samaniego,Hurtado,M,23,La Encañada,Cajamarca,Cajamarca,Cliente ocasional
CLI002204,María,Arriaga,Caballero,F,46,Namora,Cajamarca,Cajamarca,Cliente ocasional
CLI002205,Wilfrido,Reyna,Vázquez,M,43,Cajamarca,Cajamarca,Cajamarca,Cliente nuevo
CLI002206,Eugenio,Camacho,Véliz,M,66,Baños del Inca,Cajamarca,Cajamarca,Cliente ocasional
CLI002207,Rubén,Núñez,Angulo,M,60,Cajamarca,Cajamarca,Cajamarca,Cliente nuevo
CLI002208,Óscar,Hernádez,Castellanos,M,46,Cajamarca,Cajamarca,Cajamarca,Cliente frecuente
CLI002209,Mateo,Matos,Pelayo,M,83,Jesús,Cajamarca,Cajamarca,Cliente nuevo
CLI002210,Elias,Montalvo,Aguilera,M,80,Jesús,Cajamarca,Cajamarca,Cliente ocasional
CLI002211,Laura,Montaño,Batista,F,63,Cajamarca,Cajamarca,Cajamarca,Cliente nuevo
CLI002212,Zeferino,Carbajal,Gamboa,M,58,Cajamarca,Cajamarca,Cajamarca,Cliente ocasional
CLI002213,Jorge Luis,Chacón,Trujillo,M,52,Cajamarca,Cajamarca,Cajamarca,Cliente ocasional
CLI002214,Mónica,Duarte,Ontiveros,F,28,Baños del Inca,Cajamarca,Cajamarca,Cliente nuevo
CLI002215,Carlos,Tello,Alcala,M,85,Cajamarca,Cajamarca,Cajamarca,Cliente nuevo
CLI002216,Socorro,Perales,Jaramillo,F,31,Matara,Cajamarca,Cajamarca,Cliente frecuente
CLI002217,Daniela,Salinas,Galarza,F,63,Baños del Inca,Cajamarca,Cajamarca,Cliente frecuente
CLI002218,Isabel,Pérez,Castro,F,68,Cajamarca,Cajamarca,Cajamarca,Cliente ocasional
CLI002219,Nancy,Godínez,Mascareñas,F,76,Cajamarca,Cajamarca,Cajamarca,Cliente ocasional
CLI002220,Fernando,Correa,Nevárez,M,25,Cajamarca,Cajamarca,Cajamarca,Cliente ocasional
CLI002221,Alfonso,Briseño,Salazar,M,35,Cajamarca,Cajamarca,Cajamarca,Cliente frecuente
CLI002222,Luisa,Nazario,Roque,F,31,Cajamarca,Cajamarca,Cajamarca,Cliente ocasional
CLI002223,Carolina,García,Carreón,F,37,La Encañada,Cajamarca,Cajamarca,Cliente frecuente
CLI002224,Isabela,Ramos,Cornejo,F,27,Cajamarca,Cajamarca,Cajamarca,Cliente nuevo
CLI002225,Jos,Mota,Cervantes,M,24,Cajamarca,Cajamarca,Cajamarca,Cliente frecuente
CLI002226,Guillermo,Caldera,Trujillo,M,47,Matara,Cajamarca,Cajamarca,Cliente frecuente
CLI002227,Rebeca,Morales,Zapata,F,67,Jesús,Cajamarca,Cajamarca,Cliente nuevo
CLI002228,Samuel,Monroy,Mesa,M,64,Llacanora,Cajamarca,Cajamarca,Cliente ocasional
CLI002229,Natalia,Reyes,Loya,F,18,Cajamarca,Cajamarca,Cajamarca,Cliente ocasional
CLI002230,Tomás,de León,Godoy,M,34,Baños del Inca,Cajamarca,Cajamarca,Cliente ocasional
CLI002231,Arturo,Benavides,Villanueva,M,62,Namora,Cajamarca,Cajamarca,Cliente ocasional
CLI002232,Susana,Quiñónez,Jaramillo,F,85,Cajamarca,Cajamarca,Cajamarca,Cliente frecuente
CLI002233,Emilio,Jáquez,Cortés,M,31,Jesús,Cajamarca,Cajamarca,Cliente ocasional
CLI002234,Helena,Mota,Ulloa,F,22,Cajamarca,Cajamarca,Cajamarca,Cliente ocasional
CLI002235,Isabel,Garrido,Reyes,F,58,Baños del Inca,Cajamarca,Cajamarca,Cliente frecuente
CLI002236,Tomás,Maldonado,Aranda,M,43,Llacanora,Cajamarca,Cajamarca,Cliente ocasional
CLI002237,Mateo,Bonilla,Soliz,M,43,Matara,Cajamarca,Cajamarca,Cliente frecuente
CLI002238,Virginia,Anaya,Bañuelos,F,76,Cajamarca,Cajamarca,Cajamarca,Cliente nuevo
CLI002239,Marcos,Delgado,Aranda,M,64,Llacanora,Cajamarca,Cajamarca,Cliente ocasional
CLI002240,Itzel,Medrano,Gurule,F,73,Llacanora,Cajamarca,Cajamarca,Cliente ocasional
CLI002241,Gonzalo,Tijerina,Morales,M,27,Cajamarca,Cajamarca,Cajamarca,Cliente ocasional
CLI002242,Germán,Valentín,Jasso,M,54,Matara,Cajamarca,Cajamarca,Cliente ocasional
CLI002243,Teresa,Peralta,Gamboa,F,67,Cajamarca,Cajamarca,Cajamarca,Cliente frecuente
CLI002244,Georgina,Ybarra,Gonzales,F,45,Matara,Cajamarca,Cajamarca,Cliente ocasional
CLI002245,Patricio,Torres,Rascón,M,52,Jesús,Cajamarca,Cajamarca,Cliente frecuente
CLI002246,Clara,Olivas,Narváez,F,45,Cajamarca,Cajamarca,Cajamarca,Cliente nuevo
CLI002247,Aldo,Gómez,Nazario,M,71,Llacanora,Cajamarca,Cajamarca,Cliente frecuente
CLI002248,Bruno,Baca,Torres,M,76,Matara,Cajamarca,Cajamarca,Cliente ocasional
CLI002249,Leonardo,Jimínez,Nevárez,M,38,Cajamarca,Cajamarca,Cajamarca,Cliente ocasional
CLI002250,Leonor,Fajardo,Garay,F,69,Jesús,Cajamarca,Cajamarca,Cliente ocasional
CLI002251,Micaela,Pulido,León,F,72,Baños del Inca,Cajamarca,Cajamarca,Cliente ocasional
CLI002252,Samuel,Abrego,Arroyo,M,41,Cajamarca,Cajamarca,Cajamarca,Cliente nuevo
CLI002253,Luis Miguel,Guerra,Zapata,M,59,Jesús,Cajamarca,Cajamarca,Cliente nuevo
CLI002254,Cornelio,Menchaca,Mesa,M,26,Baños del Inca,Cajamarca,Cajamarca,Cliente frecuente
CLI002255,Claudio,Abrego,Salinas,M,24,Baños del Inca,Cajamarca,Cajamarca,Cliente ocasional
CLI002256,Gloria,Romo,Olvera,F,41,Baños del Inca,Cajamarca,Cajamarca,Cliente ocasional
CLI002257,Rosa,Cazares,Vanegas,F,67,Llacanora,Cajamarca,Cajamarca,Cliente nuevo
CLI002258,Magdalena,Abreu,Niño,F,20,Jesús,Cajamarca,Cajamarca,Cliente frecuente
CLI002259,Hilda,Montañez,Naranjo,F,71,Namora,Cajamarca,Cajamarca,Cliente ocasional
CLI002260,Nayeli,Pérez,Ibarra,F,23,Llacanora,Cajamarca,Cajamarca,Cliente ocasional
CLI002261,Josefina,Ávila,Merino,F,25,Llacanora,Cajamarca,Cajamarca,Cliente ocasional
CLI002262,Francisco,Flores,Barragán,M,42,Llacanora,Cajamarca,Cajamarca,Cliente ocasional
CLI002263,Mauricio,Jasso,Bernal,M,58,Cajamarca,Cajamarca,Cajamarca,Cliente frecuente
CLI002264,Antonio,Toledo,Casares,M,79,Baños del Inca,Cajamarca,Cajamarca,Cliente ocasional
CLI002265,Armando,Feliciano,Corona,M,42,Llacanora,Cajamarca,Cajamarca,Cliente frecuente
CLI002266,María Cristina,Contreras,Sauceda,F,23,Cajamarca,Cajamarca,Cajamarca,Cliente ocasional
CLI002267,Norma,Lucio,Zayas,F,67,Cajamarca,Cajamarca,Cajamarca,Cliente ocasional
CLI002268,Olivia,Figueroa,Santacruz,F,21,Cajamarca,Cajamarca,Cajamarca,Cliente ocasional
CLI002269,Yuridia,Caballero,Rubio,F,36,Jesús,Cajamarca,Cajamarca,Cliente frecuente
CLI002270,César,Cardenas,Sandoval,M,78,Cajamarca,Cajamarca,Cajamarca,Cliente nuevo
CLI002271,Maximiliano,Carrero,Lemus,M,23,Cajamarca,Cajamarca,Cajamarca,Cliente frecuente
CLI002272,Pascual,Escamilla,Rendón,M,39,Baños del Inca,Cajamarca,Cajamarca,Cliente frecuente
CLI002273,Roberto,Perea,Piña,M,61,Cajamarca,Cajamarca,Cajamarca,Cliente nuevo
CLI002274,Genaro,Segura,Maya,M,74,Cajamarca,Cajamarca,Cajamarca,Cliente ocasional
CLI002275,Bruno,Fierro,Figueroa,M,19,Cajamarca,Cajamarca,Cajamarca,Cliente frecuente
CLI002276,Ivonne,Naranjo,Gastélum,F,20,Cajamarca,Cajamarca,Cajamarca,Cliente nuevo
CLI002277,Octavio,Pacheco,Raya,M,76,Llacanora,Cajamarca,Cajamarca,Cliente ocasional
CLI002278,Humberto,Alonso,Rojas,M,29,Matara,Cajamarca,Cajamarca,Cliente ocasional
CLI002279,Miriam,Enríquez,Delgadillo,F,20,La Encañada,Cajamarca,Cajamarca,Cliente frecuente
CLI002280,Emilio,Berríos,Gastélum,M,44,Llacanora,Cajamarca,Cajamarca,Cliente ocasional
CLI002281,Salvador,Gómez,Gómez,M,71,La Encañada,Cajamarca,Cajamarca,Cliente ocasional
CLI002282,Vicente,Cotto,de la Rosa,M,66,Cajamarca,Cajamarca,Cajamarca,Cliente nuevo
CLI002283,Soledad,Dávila,Villalpando,F,58,La Encañada,Cajamarca,Cajamarca,Cliente frecuente
CLI002284,Ángel,Ceja,Valdivia,M,32,Cajamarca,Cajamarca,Cajamarca,Cliente ocasional
CLI002285,Aldo,Puente,Batista,M,72,Baños del Inca,Cajamarca,Cajamarca,Cliente ocasional
CLI002286,María Elena,Espinosa,Vargas,F,73,Baños del Inca,Cajamarca,Cajamarca,Cliente ocasional
CLI002287,Elias,Delgadillo,Polanco,M,37,Cajamarca,Cajamarca,Cajamarca,Cliente nuevo
CLI002288,Genaro,Serrano,Rocha,M,48,Cajamarca,Cajamarca,Cajamarca,Cliente frecuente
CLI002289,Vicente,Quiñónez,Cisneros,M,67,Cajamarca,Cajamarca,Cajamarca,Cliente frecuente
CLI002290,Eduardo,Mireles,Burgos,M,64,Cajamarca,Cajamarca,Cajamarca,Cliente frecuente
CLI002291,Teodoro,Gallegos,Garrido,M,62,Baños del Inca,Cajamarca,Cajamarca,Cliente nuevo
CLI002292,Catalina,Cavazos,Laboy,F,31,Cajamarca,Cajamarca,Cajamarca,Cliente ocasional
CLI002293,Evelio,Solano,Escobar,M,50,Cajamarca,Cajamarca,Cajamarca,Cliente ocasional
CLI002294,Gabriel,Carranza,Muñoz,M,76,Jesús,Cajamarca,Cajamarca,Cliente nuevo
CLI002295,Pamela,Bravo,Roybal,F,49,Cajamarca,Cajamarca,Cajamarca,Cliente ocasional
CLI002296,Eric,Márquez,Bahena,M,36,Cajamarca,Cajamarca,Cajamarca,Cliente ocasional
CLI002297,Isaac,Vera,Espinoza,M,76,Llacanora,Cajamarca,Cajamarca,Cliente ocasional
CLI002298,Eugenio,Gamboa,Reséndez,M,44,Llacanora,Cajamarca,Cajamarca,Cliente ocasional
CLI002299,Reina,Alvarez,Partida,F,80,Baños del Inca,Cajamarca,Cajamarca,Cliente ocasional
CLI002300,Judith,Paz,Altamirano,F,39,Namora,Cajamarca,Cajamarca,Cliente ocasional
CLI002301,Georgina,Aguirre,Menéndez,F,45,Jesús,Cajamarca,Cajamarca,Cliente nuevo
CLI002302,Karla,Pineda,Salcido,F,82,Baños del Inca,Cajamarca,Cajamarca,Cliente frecuente
CLI002303,Minerva,Luevano,Ferrer,F,48,Baños del Inca,Cajamarca,Cajamarca,Cliente ocasional
CLI002304,Susana,Angulo,Pedraza,F,75,Cajamarca,Cajamarca,Cajamarca,Cliente ocasional
CLI002305,Cristobal,Ulloa,Bernal,M,39,Cajamarca,Cajamarca,Cajamarca,Cliente frecuente
CLI002306,Teresa,Bonilla,Zamudio,F,81,La Encañada,Cajamarca,Cajamarca,Cliente frecuente
CLI002307,Pedro,Rubio,Vela,M,75,Cajamarca,Cajamarca,Cajamarca,Cliente ocasional
CLI002308,Reina,Bonilla,Muro,F,75,Llacanora,Cajamarca,Cajamarca,Cliente ocasional
CLI002309,Ariadna,Armenta,Véliz,F,23,Jesús,Cajamarca,Cajamarca,Cliente ocasional
CLI002310,Timoteo,Solís,Orosco,M,25,Jesús,Cajamarca,Cajamarca,Cliente ocasional
CLI002311,Eva,Romero,Solorzano,F,43,Jesús,Cajamarca,Cajamarca,Cliente frecuente
CLI002312,Raquel,Linares,Archuleta,F,29,Llacanora,Cajamarca,Cajamarca,Cliente frecuente
CLI002313,Bernabé,Valdez,Juárez,M,77,La Encañada,Cajamarca,Cajamarca,Cliente frecuente
CLI002314,Abigail,Rangel,Girón,F,25,Jesús,Cajamarca,Cajamarca,Cliente ocasional
CLI002315,María Cristina,Corrales,Rascón,F,79,Llacanora,Cajamarca,Cajamarca,Cliente nuevo
CLI002316,Ofelia,Mondragón,Mascareñas,F,85,Jesús,Cajamarca,Cajamarca,Cliente frecuente
CLI002317,Andrés,Pacheco,Casas,M,70,Cajamarca,Cajamarca,Cajamarca,Cliente frecuente
CLI002318,Alejandra,Jaimes,Ulibarri,F,37,Baños del Inca,Cajamarca,Cajamarca,Cliente nuevo
CLI002319,Jorge Luis,Becerra,Ibarra,M,48,Matara,Cajamarca,Cajamarca,Cliente ocasional
CLI002320,Sofía,Hernandes,Figueroa,F,61,Cajamarca,Cajamarca,Cajamarca,Cliente frecuente
CLI002321,Eric,Piña,Nieto,M,81,Baños del Inca,Cajamarca,Cajamarca,Cliente nuevo
CLI002322,Nayeli,Villarreal,Nava,F,48,Jesús,Cajamarca,Cajamarca,Cliente ocasional
CLI002323,Guillermina,Sotelo,Santillán,F,49,Cajamarca,Cajamarca,Cajamarca,Cliente nuevo
CLI002324,Sara,Lucero,Montes,F,56,Matara,Cajamarca,Cajamarca,Cliente ocasional
CLI002325,Gabriela,Mateo,Rojo,F,35,Baños del Inca,Cajamarca,Cajamarca,Cliente ocasional
CLI002326,Sessa,Coronado,Rocha,F,33,Matara,Cajamarca,Cajamarca,Cliente ocasional
CLI002327,Elvira,Mejía,Rael,F,84,Llacanora,Cajamarca,Cajamarca,Cliente nuevo
CLI002328,Wilfrido,Fuentes,Madrid,M,65,Llacanora,Cajamarca,Cajamarca,Cliente ocasional
CLI002329,Camila,Roybal,Manzanares,F,32,Cajamarca,Cajamarca,Cajamarca,Cliente ocasional
CLI002330,Uriel,Medina,Cardenas,M,56,Matara,Cajamarca,Cajamarca,Cliente nuevo
CLI002331,Trinidad,Blanco,Sanches,F,46,Cajamarca,Cajamarca,Cajamarca,Cliente frecuente
CLI002332,Óscar,Valverde,Olivo,M,82,Baños del Inca,Cajamarca,Cajamarca,Cliente ocasional
CLI002333,Benjamín,Loera,Cruz,M,69,Baños del Inca,Cajamarca,Cajamarca,Cliente frecuente
CLI002334,Alejandra,Hidalgo,Pelayo,F,42,Cajamarca,Cajamarca,Cajamarca,Cliente frecuente
CLI002335,Daniel,Rico,Castañeda,M,64,Llacanora,Cajamarca,Cajamarca,Cliente nuevo
CLI002336,Eric,Jaimes,Llamas,M,49,Cajamarca,Cajamarca,Cajamarca,Cliente ocasional
CLI002337,Elvia,Vela,Montaño,F,30,Cajamarca,Cajamarca,Cajamarca,Cliente nuevo
CLI002338,Eloy,Cabán,Castro,M,27,Cajamarca,Cajamarca,Cajamarca,Cliente ocasional
CLI002339,Miguel Ángel,Zambrano,Mota,M,57,Baños del Inca,Cajamarca,Cajamarca,Cliente ocasional
CLI002340,Cornelio,Fajardo,Pacheco,M,29,Cajamarca,Cajamarca,Cajamarca,Cliente nuevo
CLI002341,José Luis,Archuleta,Escobar,M,37,Cajamarca,Cajamarca,Cajamarca,Cliente ocasional
CLI002342,Juana,Jurado,Zayas,F,66,Namora,Cajamarca,Cajamarca,Cliente ocasional
CLI002343,Carlos,Montalvo,Corona,M,52,Llacanora,Cajamarca,Cajamarca,Cliente ocasional
CLI002344,Adalberto,Molina,Iglesias,M,45,Namora,Cajamarca,Cajamarca,Cliente ocasional
CLI002345,Lorena,Ruiz,Saavedra,F,76,La Encañada,Cajamarca,Cajamarca,Cliente ocasional
CLI002346,Manuel,Tijerina,Niño,M,19,Cajamarca,Cajamarca,Cajamarca,Cliente nuevo
CLI002347,Adán,Fonseca,Urías,M,61,Jesús,Cajamarca,Cajamarca,Cliente frecuente
CLI002348,René,Villarreal,Aranda,M,40,Cajamarca,Cajamarca,Cajamarca,Cliente ocasional
CLI002349,Jos,Marín,Tovar,M,44,Llacanora,Cajamarca,Cajamarca,Cliente ocasional
CLI002350,Armando,Castellanos,Gómez,M,27,Cajamarca,Cajamarca,Cajamarca,Cliente nuevo
CLI002351,Dolores,Nájera,Padilla,F,27,Baños del Inca,Cajamarca,Cajamarca,Cliente ocasional
CLI002352,Esperanza,Gracia,de la Crúz,F,63,La Encañada,Cajamarca,Cajamarca,Cliente ocasional
CLI002353,Luis,Quiroz,Rodríguez,M,28,Baños del Inca,Cajamarca,Cajamarca,Cliente ocasional
CLI002354,Luisa,Godoy,Cabán,F,26,Cajamarca,Cajamarca,Cajamarca,Cliente ocasional
CLI002355,David,Barraza,Casanova,M,42,La Encañada,Cajamarca,Cajamarca,Cliente nuevo
CLI002356,Carlos,Barrera,Vanegas,M,79,Llacanora,Cajamarca,Cajamarca,Cliente frecuente
CLI002357,Rocío,de León,Villarreal,F,24,Cajamarca,Cajamarca,Cajamarca,Cliente nuevo
CLI002358,Aldo,Peralta,Alvarado,M,61,La Encañada,Cajamarca,Cajamarca,Cliente ocasional
CLI002359,Marisol,Villagómez,Barrientos,F,55,Namora,Cajamarca,Cajamarca,Cliente ocasional
CLI002360,Arcelia,Vigil,Godínez,F,67,Cajamarca,Cajamarca,Cajamarca,Cliente ocasional
CLI002361,Irene,Jaime,Quesada,F,85,La Encañada,Cajamarca,Cajamarca,Cliente nuevo
CLI002362,Nayeli,Tejada,Báez,F,71,Cajamarca,Cajamarca,Cajamarca,Cliente nuevo
CLI002363,Gabriel,Jaramillo,Garrido,M,65,Cajamarca,Cajamarca,Cajamarca,Cliente ocasional
CLI002364,Leticia,Gamez,Sauceda,F,68,La Encañada,Cajamarca,Cajamarca,Cliente nuevo
CLI002365,Martín,Saucedo,Limón,M,53,Cajamarca,Cajamarca,Cajamarca,Cliente ocasional
CLI002366,Rodolfo,Cortez,Vera,M,75,Baños del Inca,Cajamarca,Cajamarca,Cliente frecuente
CLI002367,Víctor,Barrientos,Laboy,M,57,Cajamarca,Cajamarca,Cajamarca,Cliente nuevo
CLI002368,Norma,Rodarte,Riojas,F,82,Llacanora,Cajamarca,Cajamarca,Cliente ocasional
CLI002369,Armando,Castro,Carrero,M,75,Baños del Inca,Cajamarca,Cajamarca,Cliente ocasional
CLI002370,Eva,Rosales,Cuellar,F,80,Cajamarca,Cajamarca,Cajamarca,Cliente ocasional
CLI002371,Eugenio,Ávila,Casárez,M,81,Cajamarca,Cajamarca,Cajamarca,Cliente frecuente
CLI002372,Florencia,Espinosa,Covarrubias,F,80,Namora,Cajamarca,Cajamarca,Cliente nuevo
CLI002373,Hugo,Pedroza,Curiel,M,71,Namora,Cajamarca,Cajamarca,Cliente frecuente
CLI002374,David,Montemayor,Delgado,M,41,Cajamarca,Cajamarca,Cajamarca,Cliente frecuente
CLI002375,José Luis,Paz,Cotto,M,83,Jesús,Cajamarca,Cajamarca,Cliente nuevo
CLI002376,Ramón,Mondragón,Fuentes,M,38,Cajamarca,Cajamarca,Cajamarca,Cliente ocasional
CLI002377,Laura,Ramos,Cadena,F,48,Matara,Cajamarca,Cajamarca,Cliente frecuente
CLI002378,María Elena,Fuentes,Pichardo,F,81,Llacanora,Cajamarca,Cajamarca,Cliente frecuente
CLI002379,Isabel,Gallegos,Mesa,F,56,Llacanora,Cajamarca,Cajamarca,Cliente nuevo
CLI002380,Esparta,Partida,Cardona,F,40,La Encañada,Cajamarca,Cajamarca,Cliente ocasional
CLI002381,Bianca,Laureano,Sanabria,F,56,Cajamarca,Cajamarca,Cajamarca,Cliente ocasional
CLI002382,Wendolin,Cardona,Calvillo,F,46,Baños del Inca,Cajamarca,Cajamarca,Cliente ocasional
CLI002383,Ariadna,Pedroza,Tamayo,F,59,Llacanora,Cajamarca,Cajamarca,Cliente frecuente
CLI002384,Wendolin,Gaitán,Briseño,F,70,Baños del Inca,Cajamarca,Cajamarca,Cliente frecuente
CLI002385,Emilio,Romo,Cotto,M,62,Jesús,Cajamarca,Cajamarca,Cliente frecuente
CLI002386,Ramiro,Serrano,Rosas,M,59,Cajamarca,Cajamarca,Cajamarca,Cliente ocasional
CLI002387,Antonio,Jaramillo,Campos,M,69,Cajamarca,Cajamarca,Cajamarca,Cliente ocasional
CLI002388,Ilse,Soto,Cantú,F,64,Cajamarca,Cajamarca,Cajamarca,Cliente frecuente
CLI002389,Carlos,Lovato,Zaragoza,M,73,Cajamarca,Cajamarca,Cajamarca,Cliente nuevo
CLI002390,Luis Manuel,de León,Esquibel,M,65,La Encañada,Cajamarca,Cajamarca,Cliente ocasional
CLI002391,Joaquín,Pacheco,Vigil,M,21,Cajamarca,Cajamarca,Cajamarca,Cliente nuevo
CLI002392,Ángel,Miranda,Montemayor,M,73,Cajamarca,Cajamarca,Cajamarca,Cliente ocasional
CLI002393,Bianca,Collado,Camacho,F,40,Llacanora,Cajamarca,Cajamarca,Cliente frecuente
CLI002394,Timoteo,Escamilla,Ramón,M,62,La Encañada,Cajamarca,Cajamarca,Cliente nuevo
CLI002395,Timoteo,Haro,Prado,M,19,Cajamarca,Cajamarca,Cajamarca,Cliente nuevo
CLI002396,Asunción,Ruelas,Puga,F,76,Matara,Cajamarca,Cajamarca,Cliente ocasional
CLI002397,Antonia,Balderas,Batista,F,75,Llacanora,Cajamarca,Cajamarca,Cliente frecuente
CLI002398,Carla,Vallejo,Toro,F,42,La Encañada,Cajamarca,Cajamarca,Cliente frecuente
CLI002399,Humberto,Sanches,Méndez,M,63,Namora,Cajamarca,Cajamarca,Cliente ocasional
CLI002400,Aldo,Garrido,Jáquez,M,51,Cajamarca,Cajamarca,Cajamarca,Cliente ocasional
CLI002401,Jos,Cabrera,Gonzales,M,38,Baños del Inca,Cajamarca,Cajamarca,Cliente frecuente
CLI002402,Teresa,Madrigal,Sanabria,F,82,Cajamarca,Cajamarca,Cajamarca,Cliente nuevo
CLI002403,Lucía,Guardado,Ojeda,F,31,Cajamarca,Cajamarca,Cajamarca,Cliente ocasional
CLI002404,Judith,Téllez,Guevara,F,69,Matara,Cajamarca,Cajamarca,Cliente frecuente
CLI002405,Benjamín,Escamilla,Adame,M,79,Cajamarca,Cajamarca,Cajamarca,Cliente nuevo
CLI002406,Elvia,Benavídez,Jaime,F,76,Llacanora,Cajamarca,Cajamarca,Cliente ocasional
CLI002407,Gustavo,Ochoa,Márquez,M,56,Jesús,Cajamarca,Cajamarca,Cliente ocasional
CLI002408,Berta,Briseño,Alarcón,F,74,Matara,Cajamarca,Cajamarca,Cliente frecuente
CLI002409,Hernán,Montoya,Gaytán,M,57,La Encañada,Cajamarca,Cajamarca,Cliente ocasional
CLI002410,Anel,Cavazos,Narváez,F,20,Cajamarca,Cajamarca,Cajamarca,Cliente ocasional
CLI002411,Reina,Riojas,Serna,F,78,Matara,Cajamarca,Cajamarca,Cliente frecuente
CLI002412,Octavio,Zedillo,Pabón,M,62,La Encañada,Cajamarca,Cajamarca,Cliente nuevo
CLI002413,Rolando,Valenzuela,Carrera,M,75,Llacanora,Cajamarca,Cajamarca,Cliente ocasional
CLI002414,Abelardo,Canales,Peralta,M,73,Cajamarca,Cajamarca,Cajamarca,Cliente ocasional
CLI002415,Juana,Abrego,Casárez,F,48,La Encañada,Cajamarca,Cajamarca,Cliente nuevo
CLI002416,Sofía,Tejeda,Aparicio,F,35,Jesús,Cajamarca,Cajamarca,Cliente ocasional
CLI002417,Lorenzo,Barraza,González,M,33,Baños del Inca,Cajamarca,Cajamarca,Cliente ocasional
CLI002418,Rebeca,Tirado,Dueñas,F,77,Cajamarca,Cajamarca,Cajamarca,Cliente ocasional
CLI002419,Karina,Montez,Santana,F,51,Baños del Inca,Cajamarca,Cajamarca,Cliente frecuente
CLI002420,Juan Carlos,Piña,Aguayo,M,83,Baños del Inca,Cajamarca,Cajamarca,Cliente frecuente
CLI002421,Juan Carlos,Armas,Montoya,M,70,Cajamarca,Cajamarca,Cajamarca,Cliente ocasional
CLI002422,Blanca,Camacho,Galindo,F,23,Cajamarca,Cajamarca,Cajamarca,Cliente ocasional
CLI002423,Esteban,Lozano,Valverde,M,69,Baños del Inca,Cajamarca,Cajamarca,Cliente ocasional
CLI002424,Pamela,Ferrer,Badillo,F,55,Cajamarca,Cajamarca,Cajamarca,Cliente nuevo
CLI002425,Zoé,Pichardo,Lozada,F,31,Cajamarca,Cajamarca,Cajamarca,Cliente ocasional
CLI002426,Jesús,Saldaña,Barreto,M,45,Cajamarca,Cajamarca,Cajamarca,Cliente ocasional
CLI002427,Blanca,Botello,Medina,F,18,Baños del Inca,Cajamarca,Cajamarca,Cliente ocasional
CLI002428,Oswaldo,Sisneros,Véliz,M,54,Cajamarca,Cajamarca,Cajamarca,Cliente nuevo
CLI002429,Leonel,Crespo,Razo,M,82,Cajamarca,Cajamarca,Cajamarca,Cliente ocasional
CLI002430,Francisco Javier,Covarrubias,Carrera,M,79,Cajamarca,Cajamarca,Cajamarca,Cliente nuevo
CLI002431,Trinidad,Márquez,Covarrubias,F,80,Jesús,Cajamarca,Cajamarca,Cliente nuevo
CLI002432,Catalina,Moreno,Arredondo,F,33,Cajamarca,Cajamarca,Cajamarca,Cliente nuevo
CLI002433,Josefina,Godoy,Saldivar,F,78,Namora,Cajamarca,Cajamarca,Cliente frecuente
CLI002434,Elvira,Cintrón,Quiroz,F,39,Cajamarca,Cajamarca,Cajamarca,Cliente nuevo
CLI002435,Indira,Casanova,Mares,F,79,Jesús,Cajamarca,Cajamarca,Cliente frecuente
CLI002436,Abelardo,Gamboa,Vergara,M,42,Cajamarca,Cajamarca,Cajamarca,Cliente frecuente
CLI002437,Liliana,Briones,Elizondo,F,59,Baños del Inca,Cajamarca,Cajamarca,Cliente ocasional
CLI002438,Dulce María,Cazares,Zedillo,F,36,Cajamarca,Cajamarca,Cajamarca,Cliente ocasional
CLI002439,Mariano,Molina,Guevara,M,30,Baños del Inca,Cajamarca,Cajamarca,Cliente ocasional
CLI002440,Cynthia,Vergara,Torres,F,19,Cajamarca,Cajamarca,Cajamarca,Cliente ocasional
CLI002441,Ignacio,Nieto,Mora,M,32,Cajamarca,Cajamarca,Cajamarca,Cliente ocasional
CLI002442,Eugenio,Abrego,Trujillo,M,46,La Encañada,Cajamarca,Cajamarca,Cliente frecuente
CLI002443,Irma,Gallegos,Vélez,F,72,Cajamarca,Cajamarca,Cajamarca,Cliente frecuente
CLI002444,Javier,Rendón,Corona,M,45,Cajamarca,Cajamarca,Cajamarca,Cliente nuevo
CLI002445,Nayeli,Abrego,Olivares,F,55,Llacanora,Cajamarca,Cajamarca,Cliente ocasional
CLI002446,Cristobal,Almaraz,Gil,M,71,Cajamarca,Cajamarca,Cajamarca,Cliente ocasional
CLI002447,Daniela,de la Garza,Urbina,F,30,Cajamarca,Cajamarca,Cajamarca,Cliente nuevo
CLI002448,Raúl,Prieto,Tapia,M,82,Cajamarca,Cajamarca,Cajamarca,Cliente frecuente
CLI002449,Angélica,Mesa,Arce,F,28,Llacanora,Cajamarca,Cajamarca,Cliente frecuente
CLI002450,Alicia,Naranjo,Arreola,F,20,Baños del Inca,Cajamarca,Cajamarca,Cliente frecuente
CLI002451,Noemí,Dávila,Aranda,F,37,Jesús,Cajamarca,Cajamarca,Cliente ocasional
CLI002452,Ilse,Vergara,Munguía,F,70,Cajamarca,Cajamarca,Cajamarca,Cliente ocasional
CLI002453,Clemente,Rosado,Longoria,M,39,Jesús,Cajamarca,Cajamarca,Cliente frecuente
CLI002454,Óscar,Samaniego,Guillen,M,55,La Encañada,Cajamarca,Cajamarca,Cliente ocasional
CLI002455,Marco Antonio,Salas,Montaño,M,36,Jesús,Cajamarca,Cajamarca,Cliente ocasional
CLI002456,Lilia,Macías,Irizarry,F,40,Llacanora,Cajamarca,Cajamarca,Cliente ocasional
CLI002457,Antonio,Raya,Amaya,M,29,Matara,Cajamarca,Cajamarca,Cliente ocasional
CLI002458,Cristian,Tejeda,Zaragoza,M,45,Cajamarca,Cajamarca,Cajamarca,Cliente frecuente
CLI002459,Florencia,Báez,Díaz,F,67,Cajamarca,Cajamarca,Cajamarca,Cliente frecuente
CLI002460,Rafaél,Morales,Esparza,M,28,Cajamarca,Cajamarca,Cajamarca,Cliente frecuente
CLI002461,Espartaco,Ledesma,Zavala,M,78,Cajamarca,Cajamarca,Cajamarca,Cliente ocasional
CLI002462,Gilberto,Franco,Arce,M,70,La Encañada,Cajamarca,Cajamarca,Cliente nuevo
CLI002463,Rosa,Avilés,Garrido,F,47,La Encañada,Cajamarca,Cajamarca,Cliente ocasional
CLI002464,Clara,Ordóñez,Laboy,F,83,La Encañada,Cajamarca,Cajamarca,Cliente frecuente
CLI002465,Enrique,Caballero,Batista,M,70,Baños del Inca,Cajamarca,Cajamarca,Cliente ocasional
CLI002466,Renato,Lugo,Moya,M,21,Cajamarca,Cajamarca,Cajamarca,Cliente ocasional
CLI002467,Nelly,Quintero,Portillo,F,26,Baños del Inca,Cajamarca,Cajamarca,Cliente nuevo
CLI002468,Andrea,Ayala,Mascareñas,F,82,Baños del Inca,Cajamarca,Cajamarca,Cliente nuevo
CLI002469,Sofía,Henríquez,Ochoa,F,30,Cajamarca,Cajamarca,Cajamarca,Cliente ocasional
CLI002470,José Manuél,Baca,Saldaña,M,39,La Encañada,Cajamarca,Cajamarca,Cliente frecuente
CLI002471,Liliana,Olivera,Roque,F,25,Jesús,Cajamarca,Cajamarca,Cliente ocasional
CLI002472,Oswaldo,Tirado,Cabán,M,31,Jesús,Cajamarca,Cajamarca,Cliente ocasional
CLI002473,José Emilio,Toledo,Hinojosa,M,41,La Encañada,Cajamarca,Cajamarca,Cliente ocasional
CLI002474,Jaime,Lucio,Meza,M,76,Cajamarca,Cajamarca,Cajamarca,Cliente nuevo
CLI002475,Samuel,Montoya,García,M,47,Baños del Inca,Cajamarca,Cajamarca,Cliente frecuente
CLI002476,Julio,Franco,Huerta,M,27,Cajamarca,Cajamarca,Cajamarca,Cliente ocasional
CLI002477,Martín,Saiz,Durán,M,75,Cajamarca,Cajamarca,Cajamarca,Cliente ocasional
CLI002478,Abraham,Palomino,Holguín,M,58,Jesús,Cajamarca,Cajamarca,Cliente nuevo
CLI002479,Carolina,Trejo,Aparicio,F,65,Cajamarca,Cajamarca,Cajamarca,Cliente frecuente
CLI002480,Germán,Carbajal,Longoria,M,78,La Encañada,Cajamarca,Cajamarca,Cliente frecuente
CLI002481,Aida,Aparicio,Rubio,F,33,Llacanora,Cajamarca,Cajamarca,Cliente ocasional
CLI002482,Aurora,Bernal,Navarrete,F,49,Llacanora,Cajamarca,Cajamarca,Cliente ocasional
CLI002483,David,Magaña,Camarillo,M,75,Baños del Inca,Cajamarca,Cajamarca,Cliente nuevo
CLI002484,Israel,Pineda,Segura,M,50,Baños del Inca,Cajamarca,Cajamarca,Cliente nuevo
CLI002485,Victoria,Anaya,Maldonado,F,50,Jesús,Cajamarca,Cajamarca,Cliente ocasional
CLI002486,Clara,Nazario,Córdova,F,78,Baños del Inca,Cajamarca,Cajamarca,Cliente ocasional
CLI002487,Barbara,Murillo,Olvera,F,64,Cajamarca,Cajamarca,Cajamarca,Cliente ocasional
CLI002488,Carmen,Amador,Salazar,F,43,Cajamarca,Cajamarca,Cajamarca,Cliente ocasional
CLI002489,Eva,Marroquín,Gracia,F,30,Llacanora,Cajamarca,Cajamarca,Cliente ocasional
CLI002490,Indira,Vargas,Sánchez,F,41,Cajamarca,Cajamarca,Cajamarca,Cliente frecuente
CLI002491,Soledad,Ochoa,Delgado,F,73,Cajamarca,Cajamarca,Cajamarca,Cliente nuevo
CLI002492,Liliana,Mateo,Montez,F,26,Cajamarca,Cajamarca,Cajamarca,Cliente frecuente
CLI002493,Carlota,Juárez,Aparicio,F,49,Cajamarca,Cajamarca,Cajamarca,Cliente ocasional
CLI002494,Antonio,Vanegas,Bétancourt,M,43,Cajamarca,Cajamarca,Cajamarca,Cliente ocasional
CLI002495,Tania,Galván,Arguello,F,84,Baños del Inca,Cajamarca,Cajamarca,Cliente ocasional
CLI002496,Julia,Casárez,Ortega,F,68,Matara,Cajamarca,Cajamarca,Cliente ocasional
CLI002497,Yuridia,Cordero,Paz,F,72,Cajamarca,Cajamarca,Cajamarca,Cliente frecuente
CLI002498,David,Bonilla,Colón,M,43,Cajamarca,Cajamarca,Cajamarca,Cliente ocasional
CLI002499,Jacinto,Matos,Narváez,M,73,La Encañada,Cajamarca,Cajamarca,Cliente ocasional
CLI002500,Clara,Ybarra,Regalado,F,56,Cajamarca,Cajamarca,Cajamarca,Cliente nuevo
CLI002501,Perla,Navarro,Mondragón,F,64,Llacanora,Cajamarca,Cajamarca,Cliente frecuente
CLI002502,María Elena,Fajardo,Ceja,F,59,Cajamarca,Cajamarca,Cajamarca,Cliente ocasional
CLI002503,Anabel,Orellana,Galarza,F,64,Baños del Inca,Cajamarca,Cajamarca,Cliente ocasional
CLI002504,Isabela,Hinojosa,López,F,65,Baños del Inca,Cajamarca,Cajamarca,Cliente nuevo
CLI002505,Dulce María,Guevara,Jaime,F,26,Baños del Inca,Cajamarca,Cajamarca,Cliente ocasional
CLI002506,Alberto,Marroquín,Meraz,M,39,Llacanora,Cajamarca,Cajamarca,Cliente ocasional
CLI002507,Aldo,Terrazas,Robles,M,65,Llacanora,Cajamarca,Cajamarca,Cliente ocasional
CLI002508,Zoé,Chávez,Otero,F,24,Cajamarca,Cajamarca,Cajamarca,Cliente ocasional
CLI002509,Luis Manuel,Arias,Cruz,M,38,Baños del Inca,Cajamarca,Cajamarca,Cliente frecuente
CLI002510,Delia,Casanova,Uribe,F,52,La Encañada,Cajamarca,Cajamarca,Cliente frecuente
CLI002511,Maximiliano,Covarrubias,Cabán,M,46,Jesús,Cajamarca,Cajamarca,Cliente ocasional
CLI002512,Leonardo,Cotto,Terrazas,M,37,Cajamarca,Cajamarca,Cajamarca,Cliente ocasional
CLI002513,Ofelia,Madrid,González,F,56,Cajamarca,Cajamarca,Cajamarca,Cliente ocasional
CLI002514,Norma,Domínguez,Munguía,F,49,Baños del Inca,Cajamarca,Cajamarca,Cliente nuevo
CLI002515,Carla,Rivera,Haro,F,50,Jesús,Cajamarca,Cajamarca,Cliente ocasional
CLI002516,Isabel,Chávez,Adame,F,65,Cajamarca,Cajamarca,Cajamarca,Cliente ocasional
CLI002517,Juan Carlos,Bustos,Dávila,M,57,Cajamarca,Cajamarca,Cajamarca,Cliente nuevo
CLI002518,Nayeli,Orellana,Ybarra,F,38,Baños del Inca,Cajamarca,Cajamarca,Cliente frecuente
CLI002519,Yuridia,Rubio,Reséndez,F,58,Cajamarca,Cajamarca,Cajamarca,Cliente ocasional
CLI002520,Serafín,Tapia,Cepeda,M,70,Llacanora,Cajamarca,Cajamarca,Cliente ocasional
CLI002521,Benjamín,Pedroza,Tello,M,46,La Encañada,Cajamarca,Cajamarca,Cliente frecuente
CLI002522,Leonardo,Villanueva,Cantú,M,84,Cajamarca,Cajamarca,Cajamarca,Cliente frecuente
CLI002523,Fernando,Murillo,Zelaya,M,84,Baños del Inca,Cajamarca,Cajamarca,Cliente frecuente
CLI002524,Nicolás,Muro,Ybarra,M,48,Cajamarca,Cajamarca,Cajamarca,Cliente nuevo
CLI002525,Andrés,Benavídez,Ramírez,M,37,Cajamarca,Cajamarca,Cajamarca,Cliente ocasional
CLI002526,Abelardo,Navarrete,Reynoso,M,69,Jesús,Cajamarca,Cajamarca,Cliente ocasional
CLI002527,Eric,Abrego,de Jesús,M,35,La Encañada,Cajamarca,Cajamarca,Cliente ocasional
CLI002528,Débora,Tijerina,Cervantes,F,29,Cajamarca,Cajamarca,Cajamarca,Cliente frecuente
CLI002529,Abril,Ríos,Camacho,F,63,Jesús,Cajamarca,Cajamarca,Cliente ocasional
CLI002530,Nicolás,Hernádez,Vásquez,M,72,Cajamarca,Cajamarca,Cajamarca,Cliente frecuente
CLI002531,Alejandro,Archuleta,Colunga,M,81,Cajamarca,Cajamarca,Cajamarca,Cliente nuevo
CLI002532,Pilar,Arriaga,Ballesteros,F,62,La Encañada,Cajamarca,Cajamarca,Cliente ocasional
CLI002533,Manuel,Abreu,de Anda,M,36,Baños del Inca,Cajamarca,Cajamarca,Cliente nuevo
CLI002534,Leonor,Menchaca,Corral,F,75,Baños del Inca,Cajamarca,Cajamarca,Cliente ocasional
CLI002535,Rufino,Dávila,Gutiérrez,M,61,Matara,Cajamarca,Cajamarca,Cliente frecuente
CLI002536,Carlos,Peres,Pacheco,M,82,Baños del Inca,Cajamarca,Cajamarca,Cliente nuevo
CLI002537,Ramón,Lozano,Tamez,M,28,Cajamarca,Cajamarca,Cajamarca,Cliente nuevo
CLI002538,Sara,Garza,Cardenas,F,54,Baños del Inca,Cajamarca,Cajamarca,Cliente ocasional
CLI002539,Ernesto,Frías,Ceja,M,32,Cajamarca,Cajamarca,Cajamarca,Cliente ocasional
CLI002540,Yolanda,Villarreal,Lucero,F,45,Cajamarca,Cajamarca,Cajamarca,Cliente ocasional
CLI002541,Lorena,Santana,Menéndez,F,58,Cajamarca,Cajamarca,Cajamarca,Cliente ocasional
CLI002542,Adriana,Rosado,Nieto,F,73,Baños del Inca,Cajamarca,Cajamarca,Cliente ocasional
CLI002543,Judith,Villalobos,Maestas,F,51,Cajamarca,Cajamarca,Cajamarca,Cliente frecuente
CLI002544,Carlota,Coronado,Montaño,F,18,Llacanora,Cajamarca,Cajamarca,Cliente ocasional
CLI002545,Lucía,Sevilla,de la Crúz,F,32,Llacanora,Cajamarca,Cajamarca,Cliente ocasional
CLI002546,Bianca,Archuleta,Rangel,F,69,La Encañada,Cajamarca,Cajamarca,Cliente ocasional
CLI002547,Espartaco,Abreu,Tejada,M,62,Cajamarca,Cajamarca,Cajamarca,Cliente ocasional
CLI002548,Gonzalo,Maya,Benavídez,M,75,La Encañada,Cajamarca,Cajamarca,Cliente ocasional
CLI002549,Jorge,Montenegro,González,M,81,Cajamarca,Cajamarca,Cajamarca,Cliente frecuente
CLI002550,Diego,Ornelas,Barrera,M,52,Cajamarca,Cajamarca,Cajamarca,Cliente ocasional
CLI002551,Humberto,Urías,Tirado,M,34,Cajamarca,Cajamarca,Cajamarca,Cliente frecuente
CLI002552,Humberto,Ayala,Méndez,M,31,Jesús,Cajamarca,Cajamarca,Cliente frecuente
CLI002553,Irene,Jimínez,Zedillo,F,64,Baños del Inca,Cajamarca,Cajamarca,Cliente nuevo
CLI002554,Wendolin,Carrión,Vázquez,F,35,Jesús,Cajamarca,Cajamarca,Cliente ocasional
CLI002555,Jorge,Esparza,Pacheco,M,59,Cajamarca,Cajamarca,Cajamarca,Cliente nuevo
CLI002556,Isabela,Romero,Quezada,F,60,Llacanora,Cajamarca,Cajamarca,Cliente ocasional
CLI002557,Ernesto,Zedillo,Castro,M,83,Cajamarca,Cajamarca,Cajamarca,Cliente frecuente
CLI002558,Homero,Barela,Pizarro,M,47,Llacanora,Cajamarca,Cajamarca,Cliente ocasional
CLI002559,Rubén,Menchaca,de la Torre,M,52,Jesús,Cajamarca,Cajamarca,Cliente nuevo
CLI002560,Guillermo,Vela,Soliz,M,77,Cajamarca,Cajamarca,Cajamarca,Cliente frecuente
CLI002561,Judith,Sanabria,Partida,F,82,Baños del Inca,Cajamarca,Cajamarca,Cliente nuevo
CLI002562,Gloria,Bustamante,Gurule,F,51,La Encañada,Cajamarca,Cajamarca,Cliente frecuente
CLI002563,Francisca,Vergara,Rentería,F,27,Matara,Cajamarca,Cajamarca,Cliente ocasional
CLI002564,Sofía,Guerra,Polanco,F,20,La Encañada,Cajamarca,Cajamarca,Cliente frecuente
CLI002565,Marisol,Cervántez,Montes,F,48,Baños del Inca,Cajamarca,Cajamarca,Cliente ocasional
CLI002566,Mateo,Téllez,Prieto,M,50,Baños del Inca,Cajamarca,Cajamarca,Cliente ocasional
CLI002567,Felix,Zamudio,Alcántar,M,28,Cajamarca,Cajamarca,Cajamarca,Cliente frecuente
CLI002568,Irene,Roque,Serrano,F,45,Cajamarca,Cajamarca,Cajamarca,Cliente frecuente
CLI002569,Natalia,Ledesma,Cabrera,F,74,Baños del Inca,Cajamarca,Cajamarca,Cliente frecuente
CLI002570,Aurora,Tafoya,Robles,F,41,Cajamarca,Cajamarca,Cajamarca,Cliente ocasional
CLI002571,Paola,Alcaraz,Curiel,F,77,Baños del Inca,Cajamarca,Cajamarca,Cliente ocasional
CLI002572,Héctor,Rosas,de Jesús,M,26,Jesús,Cajamarca,Cajamarca,Cliente ocasional
CLI002573,Violeta,Fuentes,Cervantes,F,61,Cajamarca,Cajamarca,Cajamarca,Cliente frecuente
CLI002574,Juan,Corona,Rojo,M,77,La Encañada,Cajamarca,Cajamarca,Cliente ocasional
CLI002575,Pedro,Herrera,Jaramillo,M,27,Jesús,Cajamarca,Cajamarca,Cliente ocasional
CLI002576,Natividad,Quiñónez,Mota,F,29,Llacanora,Cajamarca,Cajamarca,Cliente ocasional
CLI002577,Augusto,Romero,Barreto,M,26,Cajamarca,Cajamarca,Cajamarca,Cliente frecuente
CLI002578,Darío,Aguayo,Iglesias,M,74,Namora,Cajamarca,Cajamarca,Cliente frecuente
CLI002579,Marcos,Granado,Arevalo,M,41,Baños del Inca,Cajamarca,Cajamarca,Cliente nuevo
CLI002580,Lilia,Soria,Hurtado,F,57,Cajamarca,Cajamarca,Cajamarca,Cliente frecuente
CLI002581,Isaac,Mondragón,Aragón,M,27,Jesús,Cajamarca,Cajamarca,Cliente nuevo
CLI002582,Elsa,Tirado,Durán,F,60,La Encañada,Cajamarca,Cajamarca,Cliente ocasional
CLI002583,Gloria,Toro,Montaño,F,59,Baños del Inca,Cajamarca,Cajamarca,Cliente ocasional
CLI002584,Raquel,Villaseñor,Montero,F,40,Baños del Inca,Cajamarca,Cajamarca,Cliente nuevo
CLI002585,Fabiola,Munguía,Riojas,F,72,Cajamarca,Cajamarca,Cajamarca,Cliente ocasional
CLI002586,Martín,Domínguez,Alcántar,M,74,Llacanora,Cajamarca,Cajamarca,Cliente nuevo
CLI002587,Carolina,Coronado,Roque,F,79,Matara,Cajamarca,Cajamarca,Cliente ocasional
CLI002588,Clara,Meléndez,Ríos,F,69,Matara,Cajamarca,Cajamarca,Cliente frecuente
CLI002589,Omar,Mesa,Villalpando,M,54,Cajamarca,Cajamarca,Cajamarca,Cliente ocasional
CLI002590,Augusto,Vargas,Llamas,M,18,La Encañada,Cajamarca,Cajamarca,Cliente ocasional
CLI002591,Evelio,Toro,Hernández,M,51,Baños del Inca,Cajamarca,Cajamarca,Cliente ocasional
CLI002592,Abel,Domínguez,Lucio,M,40,Llacanora,Cajamarca,Cajamarca,Cliente frecuente
CLI002593,Pilar,Acosta,Gollum,F,31,Matara,Cajamarca,Cajamarca,Cliente frecuente
CLI002594,Silvia,Carranza,Vigil,F,24,Jesús,Cajamarca,Cajamarca,Cliente ocasional
CLI002595,Fidel,Orellana,Lozada,M,61,Baños del Inca,Cajamarca,Cajamarca,Cliente ocasional
CLI002596,Margarita,Valle,Arenas,F,44,Cajamarca,Cajamarca,Cajamarca,Cliente ocasional
CLI002597,Elvira,Estrada,Nieves,F,39,Baños del Inca,Cajamarca,Cajamarca,Cliente nuevo
CLI002598,Barbara,Colunga,Estrada,F,41,Llacanora,Cajamarca,Cajamarca,Cliente nuevo
CLI002599,Leonor,Ponce,Palomo,F,53,Cajamarca,Cajamarca,Cajamarca,Cliente ocasional
CLI002600,Natividad,Gamboa,Esquibel,F,38,Cajamarca,Cajamarca,Cajamarca,Cliente frecuente
CLI002601,Jacobo,Rangel,Bustamante,M,30,Baños del Inca,Cajamarca,Cajamarca,Cliente ocasional
CLI002602,Vicente,Garza,Rivera,M,66,Cajamarca,Cajamarca,Cajamarca,Cliente frecuente
CLI002603,Rosa,Murillo,Patiño,F,77,Cajamarca,Cajamarca,Cajamarca,Cliente ocasional
CLI002604,Rufino,Santacruz,Ramos,M,78,Baños del Inca,Cajamarca,Cajamarca,Cliente frecuente
CLI002605,Bruno,Gamez,Lira,M,70,Cajamarca,Cajamarca,Cajamarca,Cliente ocasional
CLI002606,Rocío,Galván,Cuellar,F,64,Cajamarca,Cajamarca,Cajamarca,Cliente ocasional
CLI002607,Modesto,Domínguez,Valle,M,33,Cajamarca,Cajamarca,Cajamarca,Cliente ocasional
CLI002608,Ana María,Macías,Girón,F,34,La Encañada,Cajamarca,Cajamarca,Cliente ocasional
CLI002609,Amanda,Grijalva,Durán,F,57,Cajamarca,Cajamarca,Cajamarca,Cliente frecuente
CLI002610,Catalina,Casares,Malave,F,18,Cajamarca,Cajamarca,Cajamarca,Cliente ocasional
CLI002611,Arturo,Rivera,Gamez,M,79,Matara,Cajamarca,Cajamarca,Cliente nuevo
CLI002612,Adalberto,Carbajal,Nieto,M,64,Cajamarca,Cajamarca,Cajamarca,Cliente frecuente
CLI002613,Horacio,Oquendo,Matos,M,45,Baños del Inca,Cajamarca,Cajamarca,Cliente frecuente
CLI002614,Amalia,Mendoza,Matías,F,58,Jesús,Cajamarca,Cajamarca,Cliente frecuente
CLI002615,José,Arguello,Arevalo,M,78,Baños del Inca,Cajamarca,Cajamarca,Cliente nuevo
CLI002616,Clara,Lugo,Velasco,F,75,Baños del Inca,Cajamarca,Cajamarca,Cliente frecuente
CLI002617,María José,Solís,Cortés,F,62,Cajamarca,Cajamarca,Cajamarca,Cliente nuevo
CLI002618,Marco Antonio,Torres,Paz,M,37,Cajamarca,Cajamarca,Cajamarca,Cliente frecuente
CLI002619,Celia,Mojica,Olivares,F,80,Baños del Inca,Cajamarca,Cajamarca,Cliente nuevo
CLI002620,Paulina,Nájera,Corona,F,33,Llacanora,Cajamarca,Cajamarca,Cliente ocasional
CLI002621,Sessa,Rascón,Velázquez,F,41,Jesús,Cajamarca,Cajamarca,Cliente frecuente
CLI002622,Natividad,Aguilera,Gurule,F,31,Jesús,Cajamarca,Cajamarca,Cliente nuevo
CLI002623,Adán,Vásquez,Ballesteros,M,78,Baños del Inca,Cajamarca,Cajamarca,Cliente nuevo
CLI002624,Alta  Gracia,Cabrera,Jaimes,F,25,Cajamarca,Cajamarca,Cajamarca,Cliente ocasional
CLI002625,Adalberto,Monroy,Cardona,M,82,Cajamarca,Cajamarca,Cajamarca,Cliente frecuente
CLI002626,Trinidad,Luevano,Lerma,F,43,Cajamarca,Cajamarca,Cajamarca,Cliente frecuente
CLI002627,Jorge Luis,Viera,Bonilla,M,31,Cajamarca,Cajamarca,Cajamarca,Cliente frecuente
CLI002628,Bernabé,Quesada,Villaseñor,M,63,La Encañada,Cajamarca,Cajamarca,Cliente ocasional
CLI002629,Cynthia,Vélez,Alvarado,F,44,Baños del Inca,Cajamarca,Cajamarca,Cliente ocasional
CLI002630,Ofelia,Lira,Tejeda,F,64,Matara,Cajamarca,Cajamarca,Cliente ocasional
CLI002631,Linda,Badillo,Mesa,F,20,La Encañada,Cajamarca,Cajamarca,Cliente ocasional
CLI002632,Ana Luisa,Villareal,Gallegos,F,19,Matara,Cajamarca,Cajamarca,Cliente frecuente
CLI002633,Luis,Hernádez,Berríos,M,68,Namora,Cajamarca,Cajamarca,Cliente nuevo
CLI002634,Claudio,Carrera,Olivárez,M,48,Cajamarca,Cajamarca,Cajamarca,Cliente ocasional
CLI002635,Patricia,Manzanares,Linares,F,58,Matara,Cajamarca,Cajamarca,Cliente nuevo
CLI002636,Reina,Reyes,Quintero,F,62,Jesús,Cajamarca,Cajamarca,Cliente ocasional
CLI002637,Javier,Gálvez,Alvarez,M,39,Namora,Cajamarca,Cajamarca,Cliente ocasional
CLI002638,Jaime,Huerta,Sanches,M,56,La Encañada,Cajamarca,Cajamarca,Cliente ocasional
CLI002639,Débora,Carrero,Alemán,F,60,Cajamarca,Cajamarca,Cajamarca,Cliente ocasional
CLI002640,Carla,Gallardo,Castellanos,F,48,Cajamarca,Cajamarca,Cajamarca,Cliente nuevo
CLI002641,Fabiola,Abrego,Espino,F,54,Llacanora,Cajamarca,Cajamarca,Cliente frecuente
CLI002642,Sara,Concepción,Lozano,F,23,Matara,Cajamarca,Cajamarca,Cliente nuevo
CLI002643,Graciela,Montemayor,Ramírez,F,59,La Encañada,Cajamarca,Cajamarca,Cliente ocasional
CLI002644,Conchita,Armenta,Véliz,F,55,Cajamarca,Cajamarca,Cajamarca,Cliente frecuente
CLI002645,Oswaldo,Olvera,Moreno,M,56,Llacanora,Cajamarca,Cajamarca,Cliente ocasional
CLI002646,Lorenzo,Jáquez,Rocha,M,67,Cajamarca,Cajamarca,Cajamarca,Cliente ocasional
CLI002647,Lucas,Armenta,Barela,M,48,Cajamarca,Cajamarca,Cajamarca,Cliente ocasional
CLI002648,Isaac,Blanco,Arroyo,M,65,Cajamarca,Cajamarca,Cajamarca,Cliente frecuente
CLI002649,Dulce,Gollum,Espino,F,40,Matara,Cajamarca,Cajamarca,Cliente ocasional
CLI002650,José Manuél,Díaz,Batista,M,18,Llacanora,Cajamarca,Cajamarca,Cliente ocasional
CLI002651,Esperanza,Lara,Salcedo,F,49,La Encañada,Cajamarca,Cajamarca,Cliente frecuente
CLI002652,Arturo,Coronado,Benítez,M,62,Cajamarca,Cajamarca,Cajamarca,Cliente frecuente
CLI002653,Marcela,Quintero,Cisneros,F,35,Baños del Inca,Cajamarca,Cajamarca,Cliente ocasional
CLI002654,Agustín,Ponce,Grijalva,M,35,Baños del Inca,Cajamarca,Cajamarca,Cliente frecuente
CLI002655,Abigail,Prieto,Almonte,F,63,Cajamarca,Cajamarca,Cajamarca,Cliente ocasional
CLI002656,Eric,Pacheco,López,M,70,La Encañada,Cajamarca,Cajamarca,Cliente nuevo
CLI002657,Ivonne,Guajardo,Limón,F,74,La Encañada,Cajamarca,Cajamarca,Cliente ocasional
CLI002658,Adán,Olivares,Peres,M,69,Baños del Inca,Cajamarca,Cajamarca,Cliente ocasional
CLI002659,Abelardo,Salazar,Ortega,M,57,La Encañada,Cajamarca,Cajamarca,Cliente frecuente
CLI002660,Rodrigo,Gómez,Farías,M,29,Namora,Cajamarca,Cajamarca,Cliente ocasional
CLI002661,Asunción,Córdova,Rubio,F,21,Cajamarca,Cajamarca,Cajamarca,Cliente nuevo
CLI002662,Héctor,Avilés,Prieto,M,37,Baños del Inca,Cajamarca,Cajamarca,Cliente ocasional
CLI002663,Horacio,Gamez,Toledo,M,71,Matara,Cajamarca,Cajamarca,Cliente nuevo
CLI002664,Rafaél,Olmos,Perales,M,77,Cajamarca,Cajamarca,Cajamarca,Cliente frecuente
CLI002665,Sessa,Olivárez,Valenzuela,F,25,Baños del Inca,Cajamarca,Cajamarca,Cliente nuevo
CLI002666,Rodolfo,Ybarra,Magaña,M,27,Cajamarca,Cajamarca,Cajamarca,Cliente ocasional
CLI002667,Israel,Robledo,Curiel,M,42,Baños del Inca,Cajamarca,Cajamarca,Cliente ocasional
CLI002668,Silvia,del Valle,Almonte,F,57,Cajamarca,Cajamarca,Cajamarca,Cliente nuevo
CLI002669,Anabel,Flórez,Puga,F,58,Cajamarca,Cajamarca,Cajamarca,Cliente ocasional
CLI002670,Timoteo,Valdés,Alcaraz,M,60,Baños del Inca,Cajamarca,Cajamarca,Cliente ocasional
CLI002671,Magdalena,Gollum,Elizondo,F,58,Matara,Cajamarca,Cajamarca,Cliente ocasional
CLI002672,Javier,Lugo,Ríos,M,19,Namora,Cajamarca,Cajamarca,Cliente nuevo
CLI002673,Alicia,Caballero,de la Crúz,F,60,Baños del Inca,Cajamarca,Cajamarca,Cliente frecuente
CLI002674,Estela,Durán,Robles,F,37,Baños del Inca,Cajamarca,Cajamarca,Cliente ocasional
CLI002675,Úrsula,Solano,Bañuelos,F,64,Jesús,Cajamarca,Cajamarca,Cliente nuevo
CLI002676,Leonor,Negrón,Montez,F,22,Baños del Inca,Cajamarca,Cajamarca,Cliente ocasional
CLI002677,María,Santillán,Loya,F,18,Jesús,Cajamarca,Cajamarca,Cliente nuevo
CLI002678,Óscar,Lomeli,Limón,M,67,Cajamarca,Cajamarca,Cajamarca,Cliente nuevo
CLI002679,Irene,Zavala,Cazares,F,39,Jesús,Cajamarca,Cajamarca,Cliente frecuente
CLI002680,Olivia,Limón,Moreno,F,76,Llacanora,Cajamarca,Cajamarca,Cliente frecuente
CLI002681,Laura,Razo,Barrios,F,68,Cajamarca,Cajamarca,Cajamarca,Cliente ocasional
CLI002682,Porfirio,Arguello,Espinal,M,29,Cajamarca,Cajamarca,Cajamarca,Cliente frecuente
CLI002683,Jesús,Sarabia,Lira,M,27,Jesús,Cajamarca,Cajamarca,Cliente ocasional
CLI002684,Juan,Cuellar,Aranda,M,45,Cajamarca,Cajamarca,Cajamarca,Cliente ocasional
CLI002685,Leonel,Lebrón,Rosas,M,46,Cajamarca,Cajamarca,Cajamarca,Cliente ocasional
CLI002686,Carlota,Guardado,Ibarra,F,80,Cajamarca,Cajamarca,Cajamarca,Cliente ocasional
CLI002687,Pedro,Bermúdez,Carbajal,M,26,Cajamarca,Cajamarca,Cajamarca,Cliente frecuente
CLI002688,Juan,Barela,Feliciano,M,61,Baños del Inca,Cajamarca,Cajamarca,Cliente ocasional
CLI002689,Florencia,Luna,Peralta,F,30,Llacanora,Cajamarca,Cajamarca,Cliente ocasional
CLI002690,Zoé,Castellanos,Barrios,F,60,Cajamarca,Cajamarca,Cajamarca,Cliente ocasional
CLI002691,Olga,Soria,de León,F,54,Cajamarca,Cajamarca,Cajamarca,Cliente nuevo
CLI002692,Citlali,de Anda,Ramos,F,70,La Encañada,Cajamarca,Cajamarca,Cliente ocasional
CLI002693,Manuel,Partida,de la O,M,80,Cajamarca,Cajamarca,Cajamarca,Cliente ocasional
CLI002694,Mercedes,Cano,Ulibarri,F,19,Cajamarca,Cajamarca,Cajamarca,Cliente nuevo
CLI002695,José Eduardo,Marín,Mateo,M,64,Cajamarca,Cajamarca,Cajamarca,Cliente ocasional
CLI002696,Renato,Arredondo,Rico,M,32,Cajamarca,Cajamarca,Cajamarca,Cliente nuevo
CLI002697,Camilo,Ocasio,Villagómez,M,21,Cajamarca,Cajamarca,Cajamarca,Cliente frecuente
CLI002698,Patricia,Chapa,Valle,F,43,Cajamarca,Cajamarca,Cajamarca,Cliente ocasional
CLI002699,José,Griego,Peña,M,40,Matara,Cajamarca,Cajamarca,Cliente ocasional
CLI002700,Emilia,Estrada,Ramírez,F,77,Baños del Inca,Cajamarca,Cajamarca,Cliente ocasional
CLI002701,Luis,Serrato,Tovar,M,61,Cajamarca,Cajamarca,Cajamarca,Cliente ocasional
CLI002702,Raúl,Bustos,Alvarez,M,47,Baños del Inca,Cajamarca,Cajamarca,Cliente ocasional
CLI002703,Homero,Ledesma,Gil,M,30,Cajamarca,Cajamarca,Cajamarca,Cliente frecuente
CLI002704,Pascual,Pelayo,Zarate,M,34,Jesús,Cajamarca,Cajamarca,Cliente ocasional
CLI002705,María Luisa,Toro,Lira,F,74,Cajamarca,Cajamarca,Cajamarca,Cliente ocasional
CLI002706,Emilia,Sotelo,Orta,F,19,La Encañada,Cajamarca,Cajamarca,Cliente nuevo
CLI002707,Pilar,Zepeda,Farías,F,52,Cajamarca,Cajamarca,Cajamarca,Cliente nuevo
CLI002708,Linda,Romo,Marroquín,F,53,Namora,Cajamarca,Cajamarca,Cliente ocasional
CLI002709,Felipe,Ponce,Rascón,M,79,La Encañada,Cajamarca,Cajamarca,Cliente frecuente
CLI002710,Bernabé,Córdova,Ulloa,M,63,Baños del Inca,Cajamarca,Cajamarca,Cliente nuevo
CLI002711,Elvira,Jimínez,Arreola,F,23,Cajamarca,Cajamarca,Cajamarca,Cliente nuevo
CLI002712,Wilfrido,Barajas,Curiel,M,31,Cajamarca,Cajamarca,Cajamarca,Cliente ocasional
CLI002713,Inés,Vallejo,Rojo,F,72,La Encañada,Cajamarca,Cajamarca,Cliente ocasional
CLI002714,Graciela,Valdez,Apodaca,F,50,Jesús,Cajamarca,Cajamarca,Cliente nuevo
CLI002715,Rodrigo,Valadez,Badillo,M,40,Cajamarca,Cajamarca,Cajamarca,Cliente frecuente
CLI002716,Andrea,Tijerina,Saavedra,F,30,La Encañada,Cajamarca,Cajamarca,Cliente ocasional
CLI002717,Silvia,Alejandro,Fajardo,F,44,Cajamarca,Cajamarca,Cajamarca,Cliente ocasional
CLI002718,Mercedes,Páez,Santillán,F,55,Llacanora,Cajamarca,Cajamarca,Cliente frecuente
CLI002719,Minerva,Ulibarri,Echeverría,F,72,Llacanora,Cajamarca,Cajamarca,Cliente frecuente
CLI002720,Araceli,Hernández,Véliz,F,76,Cajamarca,Cajamarca,Cajamarca,Cliente ocasional
CLI002721,Pascual,Arias,Limón,M,85,Matara,Cajamarca,Cajamarca,Cliente nuevo
CLI002722,Rolando,Camarillo,Alvarez,M,82,Llacanora,Cajamarca,Cajamarca,Cliente ocasional
CLI002723,María Eugenia,Lebrón,Altamirano,F,54,Namora,Cajamarca,Cajamarca,Cliente nuevo
CLI002724,Salvador,Posada,Roldán,M,63,Baños del Inca,Cajamarca,Cajamarca,Cliente ocasional
CLI002725,Yeni,Alonso,Osorio,F,51,La Encañada,Cajamarca,Cajamarca,Cliente ocasional
CLI002726,Aldonza,Navarro,Lucio,F,28,Cajamarca,Cajamarca,Cajamarca,Cliente nuevo
CLI002727,Roberto,Ceballos,Aguayo,M,43,Matara,Cajamarca,Cajamarca,Cliente ocasional
CLI002728,Teresa,Carreón,Valenzuela,F,59,Cajamarca,Cajamarca,Cajamarca,Cliente ocasional
CLI002729,Enrique,Abreu,Cortés,M,82,Cajamarca,Cajamarca,Cajamarca,Cliente ocasional
CLI002730,Alma,de la Crúz,Zaragoza,F,25,Cajamarca,Cajamarca,Cajamarca,Cliente frecuente
CLI002731,Abril,Briones,Rodarte,F,38,Baños del Inca,Cajamarca,Cajamarca,Cliente frecuente
CLI002732,Esteban,Almaraz,Montañez,M,25,Cajamarca,Cajamarca,Cajamarca,Cliente ocasional
CLI002733,José María,Rubio,Sandoval,M,81,Jesús,Cajamarca,Cajamarca,Cliente frecuente
CLI002734,Dulce María,de la Torre,Heredia,F,72,Cajamarca,Cajamarca,Cajamarca,Cliente ocasional
CLI002735,Abigail,Moreno,Saldaña,F,41,Llacanora,Cajamarca,Cajamarca,Cliente frecuente
CLI002736,Jesús,Cordero,Quiñónez,M,58,Llacanora,Cajamarca,Cajamarca,Cliente ocasional
CLI002737,Oswaldo,Preciado,Arredondo,M,70,Matara,Cajamarca,Cajamarca,Cliente frecuente
CLI002738,Tania,Nájera,Sanabria,F,55,Cajamarca,Cajamarca,Cajamarca,Cliente ocasional
CLI002739,Judith,Pedroza,Villaseñor,F,36,Jesús,Cajamarca,Cajamarca,Cliente ocasional
CLI002740,Esmeralda,Ortiz,Rendón,F,18,Baños del Inca,Cajamarca,Cajamarca,Cliente ocasional
CLI002741,Hilda,Gómez,Guerrero,F,38,Cajamarca,Cajamarca,Cajamarca,Cliente ocasional
CLI002742,Clemente,Matías,Rolón,M,73,Cajamarca,Cajamarca,Cajamarca,Cliente ocasional
CLI002743,Abraham,Galarza,Farías,M,38,Jesús,Cajamarca,Cajamarca,Cliente frecuente
CLI002744,Jaime,Villa,Díaz,M,28,La Encañada,Cajamarca,Cajamarca,Cliente ocasional
CLI002745,Oswaldo,Salazar,Armas,M,52,Matara,Cajamarca,Cajamarca,Cliente frecuente
CLI002746,Clara,Treviño,Carrero,F,22,Cajamarca,Cajamarca,Cajamarca,Cliente nuevo
CLI002747,Esther,Amaya,Terán,F,68,Baños del Inca,Cajamarca,Cajamarca,Cliente ocasional
CLI002748,Perla,Olivo,Segovia,F,71,Cajamarca,Cajamarca,Cajamarca,Cliente frecuente
CLI002749,Alta  Gracia,Esquivel,Venegas,F,37,Jesús,Cajamarca,Cajamarca,Cliente ocasional
CLI002750,Ricardo,Rolón,Delgadillo,M,30,Baños del Inca,Cajamarca,Cajamarca,Cliente frecuente
CLI002751,Adán,Hernández,Beltrán,M,72,Cajamarca,Cajamarca,Cajamarca,Cliente ocasional
CLI002752,Alonso,Casanova,Villaseñor,M,71,Cajamarca,Cajamarca,Cajamarca,Cliente frecuente
CLI002753,Francisco,Gutiérrez,Ornelas,M,84,Cajamarca,Cajamarca,Cajamarca,Cliente frecuente
CLI002754,Jaqueline,Montenegro,Gamez,F,52,Baños del Inca,Cajamarca,Cajamarca,Cliente ocasional
CLI002755,Blanca,Ulloa,Munguía,F,58,Cajamarca,Cajamarca,Cajamarca,Cliente frecuente
CLI002756,Samuel,Zedillo,Bétancourt,M,52,La Encañada,Cajamarca,Cajamarca,Cliente frecuente
CLI002757,Josefina,Naranjo,Tamez,F,78,Matara,Cajamarca,Cajamarca,Cliente nuevo
CLI002758,Luis Manuel,Casas,Calvillo,M,74,Cajamarca,Cajamarca,Cajamarca,Cliente ocasional
CLI002759,Ramiro,Berríos,Nájera,M,24,La Encañada,Cajamarca,Cajamarca,Cliente ocasional
CLI002760,Armando,Olvera,Valles,M,50,Baños del Inca,Cajamarca,Cajamarca,Cliente ocasional
CLI002761,Alejandro,Venegas,Luna,M,39,La Encañada,Cajamarca,Cajamarca,Cliente ocasional
CLI002762,Mauro,Acosta,Olvera,M,43,Llacanora,Cajamarca,Cajamarca,Cliente frecuente
CLI002763,Carmen,Alcala,Muñoz,F,54,Baños del Inca,Cajamarca,Cajamarca,Cliente ocasional
CLI002764,Pablo,Ochoa,Guardado,M,59,Jesús,Cajamarca,Cajamarca,Cliente ocasional
CLI002765,Francisco Javier,Negrete,Villareal,M,38,Cajamarca,Cajamarca,Cajamarca,Cliente ocasional
CLI002766,Zoé,Carrero,Nevárez,F,34,Baños del Inca,Cajamarca,Cajamarca,Cliente ocasional
CLI002767,David,Padilla,Almanza,M,58,Cajamarca,Cajamarca,Cajamarca,Cliente frecuente
CLI002768,Juan,Muñoz,Pulido,M,39,Cajamarca,Cajamarca,Cajamarca,Cliente ocasional
CLI002769,Gonzalo,Flórez,Salinas,M,80,La Encañada,Cajamarca,Cajamarca,Cliente frecuente
CLI002770,Andrea,Jiménez,Gonzales,F,49,Cajamarca,Cajamarca,Cajamarca,Cliente ocasional
CLI002771,Oswaldo,Zedillo,Arreola,M,59,Matara,Cajamarca,Cajamarca,Cliente ocasional
CLI002772,Alejandra,Alcaraz,Navarro,F,75,Namora,Cajamarca,Cajamarca,Cliente nuevo
CLI002773,Hugo,Cadena,Rodríguez,M,21,Baños del Inca,Cajamarca,Cajamarca,Cliente frecuente
CLI002774,Eric,Ramírez,Alba,M,45,Namora,Cajamarca,Cajamarca,Cliente nuevo
CLI002775,Cristal,Rubio,Reynoso,F,68,Cajamarca,Cajamarca,Cajamarca,Cliente frecuente
CLI002776,Josefina,Portillo,Fuentes,F,30,Cajamarca,Cajamarca,Cajamarca,Cliente ocasional
CLI002777,Asunción,Olivas,Alcala,F,52,Cajamarca,Cajamarca,Cajamarca,Cliente frecuente
CLI002778,Fidel,Valdez,Serrano,M,84,Jesús,Cajamarca,Cajamarca,Cliente nuevo
CLI002779,Luz,Carrillo,Galarza,F,83,La Encañada,Cajamarca,Cajamarca,Cliente frecuente
CLI002780,Joaquín,Sanabria,Adame,M,40,Baños del Inca,Cajamarca,Cajamarca,Cliente frecuente
CLI002781,Olga,Solorio,Zavala,F,71,Baños del Inca,Cajamarca,Cajamarca,Cliente frecuente
CLI002782,Augusto,Ureña,Briseño,M,26,Baños del Inca,Cajamarca,Cajamarca,Cliente ocasional
CLI002783,Inés,Treviño,Vera,F,59,Cajamarca,Cajamarca,Cajamarca,Cliente ocasional
CLI002784,Anabel,Sanches,Barrera,F,70,Cajamarca,Cajamarca,Cajamarca,Cliente frecuente
CLI002785,María Cristina,Palomino,Espinal,F,39,Cajamarca,Cajamarca,Cajamarca,Cliente ocasional
CLI002786,Hermelinda,Méndez,Mojica,F,48,Baños del Inca,Cajamarca,Cajamarca,Cliente ocasional
CLI002787,Augusto,Jaime,Bernal,M,85,Jesús,Cajamarca,Cajamarca,Cliente ocasional
CLI002788,Paulina,Chavarría,Macías,F,41,Cajamarca,Cajamarca,Cajamarca,Cliente frecuente
CLI002789,Eva,Porras,Llamas,F,70,Cajamarca,Cajamarca,Cajamarca,Cliente frecuente
CLI002790,Emilio,Oquendo,Alba,M,38,Jesús,Cajamarca,Cajamarca,Cliente frecuente
CLI002791,Alejandro,Madera,Niño,M,67,Llacanora,Cajamarca,Cajamarca,Cliente frecuente
CLI002792,Porfirio,Flores,Raya,M,42,Baños del Inca,Cajamarca,Cajamarca,Cliente frecuente
CLI002793,Jaqueline,Garrido,Castellanos,F,36,Jesús,Cajamarca,Cajamarca,Cliente frecuente
CLI002794,Eloisa,Guerra,Gamboa,F,26,Cajamarca,Cajamarca,Cajamarca,Cliente frecuente
CLI002795,Mitzy,Lebrón,Lucero,F,72,Cajamarca,Cajamarca,Cajamarca,Cliente frecuente
CLI002796,Arturo,Valladares,Lozano,M,75,Cajamarca,Cajamarca,Cajamarca,Cliente ocasional
CLI002797,Ricardo,Hernandes,Burgos,M,81,Baños del Inca,Cajamarca,Cajamarca,Cliente nuevo
CLI002798,Hilda,Tamez,Vaca,F,67,La Encañada,Cajamarca,Cajamarca,Cliente frecuente
CLI002799,Mercedes,Córdova,Olivares,F,36,Jesús,Cajamarca,Cajamarca,Cliente nuevo
CLI002800,María Cristina,Ochoa,Vaca,F,67,Cajamarca,Cajamarca,Cajamarca,Cliente ocasional
CLI002801,Agustín,Barragán,Casanova,M,52,Cajamarca,Cajamarca,Cajamarca,Cliente ocasional
CLI002802,Catalina,Gallegos,Domínguez,F,50,Cajamarca,Cajamarca,Cajamarca,Cliente frecuente
CLI002803,Mauro,Vásquez,Leal,M,52,Jesús,Cajamarca,Cajamarca,Cliente ocasional
CLI002804,José Carlos,Parra,Tamayo,M,30,Cajamarca,Cajamarca,Cajamarca,Cliente ocasional
CLI002805,Luis,Mendoza,Tafoya,M,33,Llacanora,Cajamarca,Cajamarca,Cliente frecuente
CLI002806,Francisco Javier,Olvera,Cano,M,39,Jesús,Cajamarca,Cajamarca,Cliente ocasional
CLI002807,Emilio,Montes,Robles,M,55,Cajamarca,Cajamarca,Cajamarca,Cliente ocasional
CLI002808,Gerónimo,Soto,Moya,M,68,Baños del Inca,Cajamarca,Cajamarca,Cliente ocasional
CLI002809,Diana,Padilla,Castellanos,F,59,Llacanora,Cajamarca,Cajamarca,Cliente ocasional
CLI002810,Juana,Soliz,Lemus,F,77,Llacanora,Cajamarca,Cajamarca,Cliente frecuente
CLI002811,Mariana,Marroquín,Salazar,F,61,Cajamarca,Cajamarca,Cajamarca,Cliente ocasional
CLI002812,Carlos,Loya,Rodrígez,M,80,Baños del Inca,Cajamarca,Cajamarca,Cliente ocasional
CLI002813,Sonia,Henríquez,Luna,F,54,Baños del Inca,Cajamarca,Cajamarca,Cliente ocasional
CLI002814,Arturo,Salazar,Bravo,M,57,Cajamarca,Cajamarca,Cajamarca,Cliente ocasional
CLI002815,Camila,Rosales,Naranjo,F,50,Namora,Cajamarca,Cajamarca,Cliente ocasional
CLI002816,Jaime,Rodarte,Apodaca,M,28,Llacanora,Cajamarca,Cajamarca,Cliente nuevo
CLI002817,Inés,Vanegas,Bermúdez,F,83,Cajamarca,Cajamarca,Cajamarca,Cliente ocasional
CLI002818,María Elena,Griego,de Jesús,F,69,Cajamarca,Cajamarca,Cajamarca,Cliente frecuente
CLI002819,Liliana,Armenta,Candelaria,F,85,La Encañada,Cajamarca,Cajamarca,Cliente ocasional
CLI002820,Ariadna,Briones,Montalvo,F,28,Jesús,Cajamarca,Cajamarca,Cliente ocasional
CLI002821,Emiliano,Briones,Estrada,M,76,Cajamarca,Cajamarca,Cajamarca,Cliente frecuente
CLI002822,Felix,Tamez,Arenas,M,30,Llacanora,Cajamarca,Cajamarca,Cliente ocasional
CLI002823,Uriel,Molina,Sánchez,M,52,Baños del Inca,Cajamarca,Cajamarca,Cliente nuevo
CLI002824,Salma,Manzanares,Archuleta,F,37,Cajamarca,Cajamarca,Cajamarca,Cliente ocasional
CLI002825,Alfredo,Pacheco,Vanegas,M,41,La Encañada,Cajamarca,Cajamarca,Cliente ocasional
CLI002826,Isaac,Olvera,Rentería,M,75,Cajamarca,Cajamarca,Cajamarca,Cliente ocasional
CLI002827,Esparta,Salcido,Moya,F,82,Baños del Inca,Cajamarca,Cajamarca,Cliente ocasional
CLI002828,Uriel,Loera,Partida,M,48,Baños del Inca,Cajamarca,Cajamarca,Cliente ocasional
CLI002829,Caridad,Quintana,Flores,F,33,Cajamarca,Cajamarca,Cajamarca,Cliente ocasional
CLI002830,Minerva,Negrete,Cepeda,F,84,Cajamarca,Cajamarca,Cajamarca,Cliente ocasional
CLI002831,Mauricio,Molina,Bernal,M,21,Namora,Cajamarca,Cajamarca,Cliente ocasional
CLI002832,Teresa,Olvera,Godoy,F,24,Cajamarca,Cajamarca,Cajamarca,Cliente frecuente
CLI002833,Mario,Juárez,Meléndez,M,48,Cajamarca,Cajamarca,Cajamarca,Cliente frecuente
CLI002834,Sessa,Olmos,Carreón,F,22,La Encañada,Cajamarca,Cajamarca,Cliente frecuente
CLI002835,Carlos,Carmona,Badillo,M,42,Cajamarca,Cajamarca,Cajamarca,Cliente ocasional
CLI002836,Paulina,Zambrano,Cazares,F,43,Llacanora,Cajamarca,Cajamarca,Cliente ocasional
CLI002837,Iván,Espinal,León,M,48,Baños del Inca,Cajamarca,Cajamarca,Cliente ocasional
CLI002838,Cecilia,Piña,Curiel,F,27,Cajamarca,Cajamarca,Cajamarca,Cliente ocasional
CLI002839,Gustavo,Núñez,Puga,M,44,Cajamarca,Cajamarca,Cajamarca,Cliente frecuente
CLI002840,Gerónimo,Villa,Flórez,M,31,Matara,Cajamarca,Cajamarca,Cliente ocasional
CLI002841,David,Aguilera,Rolón,M,18,Cajamarca,Cajamarca,Cajamarca,Cliente ocasional
CLI002842,María Luisa,Flores,Murillo,F,29,La Encañada,Cajamarca,Cajamarca,Cliente frecuente
CLI002843,Victoria,Huerta,Almaraz,F,48,Baños del Inca,Cajamarca,Cajamarca,Cliente frecuente
CLI002844,Jesús,Cano,Tafoya,M,35,Cajamarca,Cajamarca,Cajamarca,Cliente nuevo
CLI002845,Linda,Bahena,Cintrón,F,78,Baños del Inca,Cajamarca,Cajamarca,Cliente ocasional
CLI002846,Raquel,Segura,Carrión,F,60,Cajamarca,Cajamarca,Cajamarca,Cliente frecuente
CLI002847,José Luis,Briseño,Padilla,M,30,Jesús,Cajamarca,Cajamarca,Cliente nuevo
CLI002848,Amalia,Mesa,Abrego,F,24,Cajamarca,Cajamarca,Cajamarca,Cliente ocasional
CLI002849,Javier,Cisneros,Lucio,M,30,Cajamarca,Cajamarca,Cajamarca,Cliente ocasional
CLI002850,Fidel,Luna,Gastélum,M,37,Baños del Inca,Cajamarca,Cajamarca,Cliente ocasional
CLI002851,Alfredo,Díaz,Urrutia,M,80,Cajamarca,Cajamarca,Cajamarca,Cliente nuevo
CLI002852,José María,Loya,Tamayo,M,57,Llacanora,Cajamarca,Cajamarca,Cliente frecuente
CLI002853,Arturo,Medrano,Ornelas,M,29,Cajamarca,Cajamarca,Cajamarca,Cliente nuevo
CLI002854,Barbara,Granados,Chapa,F,71,Llacanora,Cajamarca,Cajamarca,Cliente ocasional
CLI002855,José Emilio,Cabán,Zúñiga,M,18,Cajamarca,Cajamarca,Cajamarca,Cliente ocasional
CLI002856,Rubén,Candelaria,Hernández,M,23,Baños del Inca,Cajamarca,Cajamarca,Cliente ocasional
CLI002857,Amalia,Ledesma,Garica,F,27,Cajamarca,Cajamarca,Cajamarca,Cliente ocasional
CLI002858,Agustín,Villareal,Posada,M,54,Baños del Inca,Cajamarca,Cajamarca,Cliente nuevo
CLI002859,César,Tirado,Guardado,M,84,Matara,Cajamarca,Cajamarca,Cliente nuevo
CLI002860,Úrsula,Véliz,Torres,F,62,Cajamarca,Cajamarca,Cajamarca,Cliente nuevo
CLI002861,Marisela,Yáñez,Salazar,F,70,Jesús,Cajamarca,Cajamarca,Cliente frecuente
CLI002862,Miguel,Sanches,Puente,M,54,Llacanora,Cajamarca,Cajamarca,Cliente frecuente
CLI002863,Luisa,Apodaca,Cavazos,F,42,Cajamarca,Cajamarca,Cajamarca,Cliente ocasional
CLI002864,Leonel,Patiño,Chávez,M,60,Llacanora,Cajamarca,Cajamarca,Cliente ocasional
CLI002865,Diana,Valenzuela,Quezada,F,44,Matara,Cajamarca,Cajamarca,Cliente ocasional
CLI002866,Guillermina,Canales,de la Rosa,F,62,Cajamarca,Cajamarca,Cajamarca,Cliente ocasional
CLI002867,Sessa,Gálvez,Benítez,F,41,Cajamarca,Cajamarca,Cajamarca,Cliente ocasional
CLI002868,Antonio,Sáenz,Jurado,M,25,Cajamarca,Cajamarca,Cajamarca,Cliente ocasional
CLI002869,Eric,Padrón,Baeza,M,47,Baños del Inca,Cajamarca,Cajamarca,Cliente ocasional
CLI002870,Estela,Armendáriz,Rodríguez,F,26,Baños del Inca,Cajamarca,Cajamarca,Cliente ocasional
CLI002871,María,Montemayor,Espinoza,F,84,La Encañada,Cajamarca,Cajamarca,Cliente ocasional
CLI002872,Delia,Regalado,Cavazos,F,34,Baños del Inca,Cajamarca,Cajamarca,Cliente ocasional
CLI002873,Ana María,Rojo,Pelayo,F,32,Cajamarca,Cajamarca,Cajamarca,Cliente nuevo
CLI002874,Guillermo,Abrego,Colón,M,71,La Encañada,Cajamarca,Cajamarca,Cliente nuevo
CLI002875,José,Olivares,Manzanares,M,52,Cajamarca,Cajamarca,Cajamarca,Cliente nuevo
CLI002876,Claudio,Madera,Flórez,M,58,Matara,Cajamarca,Cajamarca,Cliente frecuente
CLI002877,Estefanía,Vergara,Córdova,F,38,Llacanora,Cajamarca,Cajamarca,Cliente nuevo
CLI002878,Leticia,Vergara,Quintana,F,77,Cajamarca,Cajamarca,Cajamarca,Cliente frecuente
CLI002879,Francisca,Rael,Hidalgo,F,79,La Encañada,Cajamarca,Cajamarca,Cliente ocasional
CLI002880,Daniela,Villalpando,Castellanos,F,78,Llacanora,Cajamarca,Cajamarca,Cliente frecuente
CLI002881,Luis Miguel,Nájera,Vásquez,M,55,Cajamarca,Cajamarca,Cajamarca,Cliente ocasional
CLI002882,Roberto,Durán,Viera,M,30,Llacanora,Cajamarca,Cajamarca,Cliente nuevo
CLI002883,Andrés,Calderón,Lucero,M,54,Llacanora,Cajamarca,Cajamarca,Cliente ocasional
CLI002884,Mariano,Cedillo,Romero,M,46,Namora,Cajamarca,Cajamarca,Cliente frecuente
CLI002885,Verónica,Quiñónez,Urrutia,F,27,Cajamarca,Cajamarca,Cajamarca,Cliente ocasional
CLI002886,Leonel,Orellana,Olmos,M,40,Cajamarca,Cajamarca,Cajamarca,Cliente nuevo
CLI002887,Bianca,Quintana,Pizarro,F,44,La Encañada,Cajamarca,Cajamarca,Cliente frecuente
CLI002888,Noemí,Palacios,Hernández,F,84,Cajamarca,Cajamarca,Cajamarca,Cliente frecuente
CLI002889,Homero,Montero,Pabón,M,76,Namora,Cajamarca,Cajamarca,Cliente ocasional
CLI002890,Rufino,Barela,Curiel,M,31,Cajamarca,Cajamarca,Cajamarca,Cliente frecuente
CLI002891,María José,Varela,Pantoja,F,77,La Encañada,Cajamarca,Cajamarca,Cliente frecuente
CLI002892,Arcelia,Carrión,Sauceda,F,70,Namora,Cajamarca,Cajamarca,Cliente ocasional
CLI002893,Elvia,Tórrez,Escalante,F,73,Cajamarca,Cajamarca,Cajamarca,Cliente ocasional
CLI002894,María Elena,Rosas,del Valle,F,28,La Encañada,Cajamarca,Cajamarca,Cliente ocasional
CLI002895,Ana,Lemus,Venegas,F,18,Jesús,Cajamarca,Cajamarca,Cliente ocasional
CLI002896,Alvaro,Navarro,Salazar,M,80,Cajamarca,Cajamarca,Cajamarca,Cliente ocasional
CLI002897,Carlos,Espino,Tovar,M,39,Namora,Cajamarca,Cajamarca,Cliente frecuente
CLI002898,Juana,Alcaraz,Nevárez,F,58,Baños del Inca,Cajamarca,Cajamarca,Cliente ocasional
CLI002899,Aurelio,Hurtado,Ramón,M,32,Baños del Inca,Cajamarca,Cajamarca,Cliente ocasional
CLI002900,Gerónimo,Barreto,Vaca,M,33,Cajamarca,Cajamarca,Cajamarca,Cliente frecuente
CLI002901,Evelio,Orellana,Ortega,M,28,Cajamarca,Cajamarca,Cajamarca,Cliente nuevo
CLI002902,Isabel,Santillán,Rodríquez,F,81,Jesús,Cajamarca,Cajamarca,Cliente ocasional
CLI002903,Ricardo,Colón,Aguilera,M,34,Cajamarca,Cajamarca,Cajamarca,Cliente nuevo
CLI002904,Guadalupe,Arellano,Rodrígez,F,83,La Encañada,Cajamarca,Cajamarca,Cliente nuevo
CLI002905,Liliana,Arredondo,Montalvo,F,76,Baños del Inca,Cajamarca,Cajamarca,Cliente ocasional
CLI002906,Raquel,Porras,Regalado,F,38,Cajamarca,Cajamarca,Cajamarca,Cliente nuevo
CLI002907,Carmen,Rael,Robles,F,28,Cajamarca,Cajamarca,Cajamarca,Cliente ocasional
CLI002908,David,Rosado,Saavedra,M,39,Baños del Inca,Cajamarca,Cajamarca,Cliente ocasional
CLI002909,Juana,Naranjo,Regalado,F,84,Jesús,Cajamarca,Cajamarca,Cliente ocasional
CLI002910,María Teresa,Archuleta,Patiño,F,22,Cajamarca,Cajamarca,Cajamarca,Cliente ocasional
CLI002911,Fabiola,Rosario,Rascón,F,72,Baños del Inca,Cajamarca,Cajamarca,Cliente ocasional
CLI002912,Marisela,Zayas,Reyes,F,48,Namora,Cajamarca,Cajamarca,Cliente frecuente
CLI002913,Isaac,Arias,Gollum,M,28,Jesús,Cajamarca,Cajamarca,Cliente ocasional
CLI002914,Carmen,Sisneros,Romero,F,24,Jesús,Cajamarca,Cajamarca,Cliente nuevo
CLI002915,Leonardo,Ríos,Durán,M,60,Llacanora,Cajamarca,Cajamarca,Cliente ocasional
CLI002916,Abraham,Durán,Caballero,M,52,Baños del Inca,Cajamarca,Cajamarca,Cliente ocasional
CLI002917,Sergio,Muro,Tafoya,M,42,Cajamarca,Cajamarca,Cajamarca,Cliente ocasional
CLI002918,Rubén,Maya,Pedroza,M,41,Cajamarca,Cajamarca,Cajamarca,Cliente ocasional
CLI002919,Teresa,Muro,Zayas,F,18,Cajamarca,Cajamarca,Cajamarca,Cliente frecuente
CLI002920,David,Cintrón,Herrera,M,78,Cajamarca,Cajamarca,Cajamarca,Cliente ocasional
CLI002921,Serafín,Muñoz,Quintero,M,55,Cajamarca,Cajamarca,Cajamarca,Cliente ocasional
CLI002922,Lucas,Razo,Zapata,M,53,Cajamarca,Cajamarca,Cajamarca,Cliente ocasional
CLI002923,Hernán,González,Sosa,M,36,Baños del Inca,Cajamarca,Cajamarca,Cliente ocasional
CLI002924,Dulce María,Flores,Castellanos,F,79,La Encañada,Cajamarca,Cajamarca,Cliente ocasional
CLI002925,Dulce María,Bonilla,Márquez,F,21,Cajamarca,Cajamarca,Cajamarca,Cliente frecuente
CLI002926,Eva,Mata,Arreola,F,24,Cajamarca,Cajamarca,Cajamarca,Cliente nuevo
CLI002927,Nadia,de Jesús,Pineda,F,76,Cajamarca,Cajamarca,Cajamarca,Cliente ocasional
CLI002928,Alejandra,Heredia,Arteaga,F,57,Jesús,Cajamarca,Cajamarca,Cliente ocasional
CLI002929,Timoteo,Solorio,del Río,M,59,Cajamarca,Cajamarca,Cajamarca,Cliente frecuente
CLI002930,Blanca,Cadena,Gracia,F,59,La Encañada,Cajamarca,Cajamarca,Cliente nuevo
CLI002931,Violeta,Cabán,Beltrán,F,61,Baños del Inca,Cajamarca,Cajamarca,Cliente ocasional
CLI002932,Espartaco,Trujillo,Quintero,M,23,Matara,Cajamarca,Cajamarca,Cliente frecuente
CLI002933,Lucía,Rael,Garay,F,69,Baños del Inca,Cajamarca,Cajamarca,Cliente ocasional
CLI002934,José Manuél,Fajardo,Ocampo,M,42,Cajamarca,Cajamarca,Cajamarca,Cliente frecuente
CLI002935,Karina,Corona,Haro,F,54,Jesús,Cajamarca,Cajamarca,Cliente ocasional
CLI002936,Sonia,Castro,Ceballos,F,83,Jesús,Cajamarca,Cajamarca,Cliente ocasional
CLI002937,Marisol,Jurado,Armas,F,63,Llacanora,Cajamarca,Cajamarca,Cliente nuevo
CLI002938,Diego,Ávalos,Rojas,M,34,Namora,Cajamarca,Cajamarca,Cliente ocasional
CLI002939,Elvia,Galindo,Cruz,F,63,Cajamarca,Cajamarca,Cajamarca,Cliente frecuente
CLI002940,Roberto,Murillo,Orosco,M,36,La Encañada,Cajamarca,Cajamarca,Cliente ocasional
CLI002941,Guillermo,Mateo,Benavídez,M,28,Cajamarca,Cajamarca,Cajamarca,Cliente ocasional
CLI002942,Amanda,Ponce,Madrid,F,60,Cajamarca,Cajamarca,Cajamarca,Cliente ocasional
CLI002943,Luz,Olvera,Aranda,F,28,Cajamarca,Cajamarca,Cajamarca,Cliente ocasional
CLI002944,Aurelio,Enríquez,Guzmán,M,75,Llacanora,Cajamarca,Cajamarca,Cliente nuevo
CLI002945,Débora,de la Torre,Garrido,F,84,Baños del Inca,Cajamarca,Cajamarca,Cliente frecuente
CLI002946,Claudio,Barraza,Reyes,M,19,Cajamarca,Cajamarca,Cajamarca,Cliente frecuente
CLI002947,Yeni,Franco,Villegas,F,33,La Encañada,Cajamarca,Cajamarca,Cliente ocasional
CLI002948,Linda,Saldivar,Cabán,F,71,Cajamarca,Cajamarca,Cajamarca,Cliente ocasional
CLI002949,Susana,Espinal,Valladares,F,66,Cajamarca,Cajamarca,Cajamarca,Cliente ocasional
CLI002950,José Eduardo,Pulido,Soto,M,73,Cajamarca,Cajamarca,Cajamarca,Cliente ocasional
CLI002951,Eva,Tijerina,Morales,F,42,Llacanora,Cajamarca,Cajamarca,Cliente ocasional
CLI002952,Fernando,Escobedo,Grijalva,M,38,Jesús,Cajamarca,Cajamarca,Cliente ocasional
CLI002953,Estefanía,Collado,Baeza,F,63,Baños del Inca,Cajamarca,Cajamarca,Cliente frecuente
CLI002954,Fabiola,Domínguez,Carbajal,F,72,Baños del Inca,Cajamarca,Cajamarca,Cliente frecuente
CLI002955,María Eugenia,Alonzo,Cervántez,F,39,Namora,Cajamarca,Cajamarca,Cliente nuevo
CLI002956,Karla,Lomeli,Montalvo,F,39,Baños del Inca,Cajamarca,Cajamarca,Cliente frecuente
CLI002957,Soledad,Enríquez,Sánchez,F,26,Baños del Inca,Cajamarca,Cajamarca,Cliente frecuente
CLI002958,Zeferino,Farías,Pichardo,M,21,Cajamarca,Cajamarca,Cajamarca,Cliente ocasional
CLI002959,Genaro,García,Estrada,M,53,Cajamarca,Cajamarca,Cajamarca,Cliente ocasional
CLI002960,Martín,Alcántar,Pineda,M,19,Baños del Inca,Cajamarca,Cajamarca,Cliente nuevo
CLI002961,Zeferino,Mateo,Ocampo,M,61,Baños del Inca,Cajamarca,Cajamarca,Cliente ocasional
CLI002962,Araceli,Serna,Pantoja,F,32,La Encañada,Cajamarca,Cajamarca,Cliente ocasional
CLI002963,Bianca,Esquivel,Villaseñor,F,73,Cajamarca,Cajamarca,Cajamarca,Cliente frecuente
CLI002964,Reynaldo,Ayala,de la Rosa,M,79,Jesús,Cajamarca,Cajamarca,Cliente nuevo
CLI002965,Mariano,Paz,Padilla,M,80,Llacanora,Cajamarca,Cajamarca,Cliente nuevo
CLI002966,Hernán,Toro,Jaime,M,66,Cajamarca,Cajamarca,Cajamarca,Cliente ocasional
CLI002967,Laura,Guerra,Muñoz,F,32,La Encañada,Cajamarca,Cajamarca,Cliente ocasional
CLI002968,Eugenia,Gallegos,Cortés,F,55,Baños del Inca,Cajamarca,Cajamarca,Cliente ocasional
CLI002969,Genaro,Caraballo,Regalado,M,20,Llacanora,Cajamarca,Cajamarca,Cliente nuevo
CLI002970,Eva,Laureano,Casanova,F,83,Cajamarca,Cajamarca,Cajamarca,Cliente ocasional
CLI002971,Carolina,Moya,Nazario,F,82,Baños del Inca,Cajamarca,Cajamarca,Cliente frecuente
CLI002972,Leonel,Barela,Ozuna,M,75,La Encañada,Cajamarca,Cajamarca,Cliente frecuente
CLI002973,Nayeli,Arce,Griego,F,55,Baños del Inca,Cajamarca,Cajamarca,Cliente frecuente
CLI002974,María Teresa,Lovato,Garica,F,81,Cajamarca,Cajamarca,Cajamarca,Cliente frecuente
CLI002975,Gonzalo,Nazario,Altamirano,M,21,Llacanora,Cajamarca,Cajamarca,Cliente frecuente
CLI002976,Patricia,Bustamante,Rael,F,31,Jesús,Cajamarca,Cajamarca,Cliente ocasional
CLI002977,Julia,Luna,Páez,F,70,La Encañada,Cajamarca,Cajamarca,Cliente nuevo
CLI002978,Jonás,Hernández,Marroquín,M,83,Baños del Inca,Cajamarca,Cajamarca,Cliente frecuente
CLI002979,Dolores,Ulibarri,Ayala,F,81,Baños del Inca,Cajamarca,Cajamarca,Cliente ocasional
CLI002980,Wendolin,Espinosa,Arenas,F,65,Cajamarca,Cajamarca,Cajamarca,Cliente frecuente
CLI002981,Miguel,Lebrón,Partida,M,25,Jesús,Cajamarca,Cajamarca,Cliente ocasional
CLI002982,Julio,Tamayo,Arreola,M,20,Baños del Inca,Cajamarca,Cajamarca,Cliente frecuente
CLI002983,Esther,Montaño,Haro,F,30,Cajamarca,Cajamarca,Cajamarca,Cliente ocasional
CLI002984,Nelly,Naranjo,Estévez,F,33,Cajamarca,Cajamarca,Cajamarca,Cliente ocasional
CLI002985,Pascual,Salazar,Ríos,M,53,Jesús,Cajamarca,Cajamarca,Cliente ocasional
CLI002986,Soledad,Gallegos,Torres,F,50,Baños del Inca,Cajamarca,Cajamarca,Cliente nuevo
CLI002987,Estela,Matías,Salcedo,F,68,Cajamarca,Cajamarca,Cajamarca,Cliente ocasional
CLI002988,Francisco Javier,Orosco,Arriaga,M,35,Cajamarca,Cajamarca,Cajamarca,Cliente ocasional
CLI002989,Ignacio,Laboy,Mondragón,M,36,La Encañada,Cajamarca,Cajamarca,Cliente ocasional
CLI002990,Elsa,Villareal,Dueñas,F,84,Cajamarca,Cajamarca,Cajamarca,Cliente frecuente
CLI002991,Gregorio,Samaniego,Mena,M,45,Cajamarca,Cajamarca,Cajamarca,Cliente nuevo
CLI002992,Mateo,Gutiérrez,Casillas,M,82,Baños del Inca,Cajamarca,Cajamarca,Cliente ocasional
CLI002993,Mateo,Caraballo,Peralta,M,32,Baños del Inca,Cajamarca,Cajamarca,Cliente ocasional
CLI002994,David,Bétancourt,Terán,M,42,Cajamarca,Cajamarca,Cajamarca,Cliente frecuente
CLI002995,Rosario,Sanches,Salas,F,43,La Encañada,Cajamarca,Cajamarca,Cliente ocasional
CLI002996,Elisa,Zayas,Borrego,F,36,Cajamarca,Cajamarca,Cajamarca,Cliente ocasional
CLI002997,Wilfrido,Medina,Sosa,M,40,Baños del Inca,Cajamarca,Cajamarca,Cliente ocasional
CLI002998,José Luis,Frías,Valdivia,M,41,Namora,Cajamarca,Cajamarca,Cliente nuevo
CLI002999,Enrique,Carrillo,Rolón,M,48,La Encañada,Cajamarca,Cajamarca,Cliente frecuente
CLI003000,Iván,Gollum,Nájera,M,55,Cajamarca,Cajamarca,Cajamarca,Cliente frecuente
CLI003001,Dulce,Quintero,Laureano,F,78,Cajamarca,Cajamarca,Cajamarca,Cliente ocasional
CLI003002,Ivonne,Burgos,Molina,F,43,Cajamarca,Cajamarca,Cajamarca,Cliente nuevo
CLI003003,Jorge,Carvajal,Almanza,M,70,Cajamarca,Cajamarca,Cajamarca,Cliente nuevo
CLI003004,Caridad,Ceballos,Osorio,F,37,Namora,Cajamarca,Cajamarca,Cliente nuevo
CLI003005,Arturo,Villanueva,Mendoza,M,83,Cajamarca,Cajamarca,Cajamarca,Cliente frecuente
CLI003006,Agustín,Venegas,Pineda,M,35,La Encañada,Cajamarca,Cajamarca,Cliente ocasional
CLI003007,Irene,Medina,Anaya,F,40,Cajamarca,Cajamarca,Cajamarca,Cliente ocasional
CLI003008,Clara,Carvajal,Rivera,F,30,Baños del Inca,Cajamarca,Cajamarca,Cliente ocasional
CLI003009,Violeta,Archuleta,Delgadillo,F,58,Llacanora,Cajamarca,Cajamarca,Cliente nuevo
CLI003010,Anabel,Laureano,Jaramillo,F,58,La Encañada,Cajamarca,Cajamarca,Cliente ocasional
CLI003011,Caridad,Grijalva,Morales,F,82,Baños del Inca,Cajamarca,Cajamarca,Cliente frecuente
CLI003012,Manuel,Godoy,Gollum,M,58,Cajamarca,Cajamarca,Cajamarca,Cliente ocasional
CLI003013,Alvaro,Orellana,Saldivar,M,62,Baños del Inca,Cajamarca,Cajamarca,Cliente nuevo
CLI003014,Rolando,Sevilla,Marín,M,59,Cajamarca,Cajamarca,Cajamarca,Cliente frecuente
CLI003015,Mariano,Quesada,Mateo,M,36,Cajamarca,Cajamarca,Cajamarca,Cliente frecuente
CLI003016,Isabela,Limón,Quintero,F,81,La Encañada,Cajamarca,Cajamarca,Cliente frecuente
CLI003017,Eva,Varela,Díaz,F,76,Cajamarca,Cajamarca,Cajamarca,Cliente ocasional
CLI003018,Esperanza,Tamez,Nevárez,F,30,Cajamarca,Cajamarca,Cajamarca,Cliente ocasional
CLI003019,Maximiliano,Soria,Moreno,M,38,Cajamarca,Cajamarca,Cajamarca,Cliente ocasional
CLI003020,Francisco,Quintanilla,Canales,M,68,Jesús,Cajamarca,Cajamarca,Cliente frecuente
CLI003021,Ruby,Olivárez,Manzanares,F,79,Baños del Inca,Cajamarca,Cajamarca,Cliente frecuente
CLI003022,Amalia,Jurado,Tello,F,60,Jesús,Cajamarca,Cajamarca,Cliente frecuente
CLI003023,Elias,Perales,Arredondo,M,39,Jesús,Cajamarca,Cajamarca,Cliente frecuente
CLI003024,Lucía,Barragán,Zapata,F,54,Jesús,Cajamarca,Cajamarca,Cliente ocasional
CLI003025,Aldonza,Olmos,Ramón,F,34,La Encañada,Cajamarca,Cajamarca,Cliente ocasional
CLI003026,Micaela,Alarcón,Zamudio,F,37,Jesús,Cajamarca,Cajamarca,Cliente nuevo
CLI003027,Zacarías,Figueroa,Garibay,M,65,Jesús,Cajamarca,Cajamarca,Cliente frecuente
CLI003028,Citlali,Holguín,Rodríquez,F,81,La Encañada,Cajamarca,Cajamarca,Cliente frecuente
CLI003029,Tania,Rendón,Aguilera,F,76,Jesús,Cajamarca,Cajamarca,Cliente nuevo
CLI003030,Natividad,Olivares,Pulido,F,55,Cajamarca,Cajamarca,Cajamarca,Cliente nuevo
CLI003031,Jaime,Castro,Peres,M,42,Cajamarca,Cajamarca,Cajamarca,Cliente ocasional
CLI003032,Amador,Bétancourt,Beltrán,M,44,Baños del Inca,Cajamarca,Cajamarca,Cliente nuevo
CLI003033,Arturo,Hernandes,Carrero,M,77,Baños del Inca,Cajamarca,Cajamarca,Cliente ocasional
CLI003034,Norma,Gil,Arroyo,F,38,Cajamarca,Cajamarca,Cajamarca,Cliente frecuente
CLI003035,Hugo,de la Rosa,Solís,M,55,Llacanora,Cajamarca,Cajamarca,Cliente ocasional
CLI003036,Nicolás,Badillo,Arellano,M,79,Baños del Inca,Cajamarca,Cajamarca,Cliente ocasional
CLI003037,Soledad,Montañez,Guillen,F,76,Cajamarca,Cajamarca,Cajamarca,Cliente ocasional
CLI003038,Miguel,Medrano,Camarillo,M,81,Cajamarca,Cajamarca,Cajamarca,Cliente ocasional
CLI003039,Gonzalo,Regalado,Ríos,M,59,Llacanora,Cajamarca,Cajamarca,Cliente nuevo
CLI003040,Alfonso,Balderas,Carreón,M,65,Baños del Inca,Cajamarca,Cajamarca,Cliente ocasional
CLI003041,Isabela,Escobar,Cepeda,F,59,Baños del Inca,Cajamarca,Cajamarca,Cliente ocasional
CLI003042,Francisco Javier,Roybal,Báez,M,84,Llacanora,Cajamarca,Cajamarca,Cliente ocasional
CLI003043,Omar,Guerrero,Cantú,M,71,Cajamarca,Cajamarca,Cajamarca,Cliente frecuente
CLI003044,Liliana,Núñez,Caballero,F,56,La Encañada,Cajamarca,Cajamarca,Cliente frecuente
CLI003045,Karina,Matías,Valdés,F,49,Cajamarca,Cajamarca,Cajamarca,Cliente frecuente
CLI003046,Julio,Oquendo,Jaramillo,M,42,Cajamarca,Cajamarca,Cajamarca,Cliente ocasional
CLI003047,Diana,Ríos,Cabrera,F,67,Cajamarca,Cajamarca,Cajamarca,Cliente nuevo
CLI003048,Inés,Navarrete,Maldonado,F,33,Matara,Cajamarca,Cajamarca,Cliente nuevo
CLI003049,Mauro,Rolón,Campos,M,46,Cajamarca,Cajamarca,Cajamarca,Cliente frecuente
CLI003050,Cristal,Crespo,Salgado,F,74,Cajamarca,Cajamarca,Cajamarca,Cliente ocasional
CLI003051,Ángel,Paz,Barela,M,44,Cajamarca,Cajamarca,Cajamarca,Cliente ocasional
CLI003052,Celia,Melgar,Partida,F,69,Llacanora,Cajamarca,Cajamarca,Cliente frecuente
CLI003053,José Luis,Gamez,Cantú,M,66,Cajamarca,Cajamarca,Cajamarca,Cliente ocasional
CLI003054,Teresa,Saucedo,Montemayor,F,79,Jesús,Cajamarca,Cajamarca,Cliente ocasional
CLI003055,Esteban,Muñoz,Rico,M,66,Cajamarca,Cajamarca,Cajamarca,Cliente frecuente
CLI003056,Elvia,Perea,Villagómez,F,27,Llacanora,Cajamarca,Cajamarca,Cliente frecuente
CLI003057,Sandra,Sáenz,Sánchez,F,56,Llacanora,Cajamarca,Cajamarca,Cliente frecuente
CLI003058,Bruno,Canales,Leyva,M,24,La Encañada,Cajamarca,Cajamarca,Cliente ocasional
CLI003059,Andrés,Vargas,Vaca,M,35,Cajamarca,Cajamarca,Cajamarca,Cliente nuevo
CLI003060,Caridad,Ríos,Barragán,F,79,Cajamarca,Cajamarca,Cajamarca,Cliente ocasional
CLI003061,Ángel,Vargas,Alonzo,M,37,Jesús,Cajamarca,Cajamarca,Cliente ocasional
CLI003062,Federico,Luevano,Soria,M,26,Cajamarca,Cajamarca,Cajamarca,Cliente frecuente
CLI003063,Claudio,Torres,Sierra,M,82,Cajamarca,Cajamarca,Cajamarca,Cliente nuevo
CLI003064,Aldo,Nájera,Zamora,M,34,Namora,Cajamarca,Cajamarca,Cliente frecuente
CLI003065,Maximiliano,Casas,Sisneros,M,73,Baños del Inca,Cajamarca,Cajamarca,Cliente ocasional
CLI003066,Jonás,Gollum,Mireles,M,67,Cajamarca,Cajamarca,Cajamarca,Cliente nuevo
CLI003067,Manuel,Saiz,Sáenz,M,45,La Encañada,Cajamarca,Cajamarca,Cliente frecuente
CLI003068,Gilberto,Escamilla,Salinas,M,76,Baños del Inca,Cajamarca,Cajamarca,Cliente nuevo
CLI003069,Emiliano,Coronado,Elizondo,M,49,La Encañada,Cajamarca,Cajamarca,Cliente ocasional
CLI003070,Gabino,Luevano,Magaña,M,66,Cajamarca,Cajamarca,Cajamarca,Cliente nuevo
CLI003071,Alberto,Reyes,Zelaya,M,77,Cajamarca,Cajamarca,Cajamarca,Cliente frecuente
CLI003072,Leonardo,Valentín,Esquivel,M,28,Matara,Cajamarca,Cajamarca,Cliente nuevo
CLI003073,Francisca,Carrera,Gaona,F,49,Cajamarca,Cajamarca,Cajamarca,Cliente frecuente
CLI003074,Gustavo,Cepeda,Zamora,M,72,Cajamarca,Cajamarca,Cajamarca,Cliente frecuente
CLI003075,Magdalena,Regalado,Zambrano,F,67,Llacanora,Cajamarca,Cajamarca,Cliente frecuente
CLI003076,Fernando,Barajas,Alfaro,M,75,Cajamarca,Cajamarca,Cajamarca,Cliente ocasional
CLI003077,Héctor,Salgado,Escalante,M,39,Matara,Cajamarca,Cajamarca,Cliente ocasional
CLI003078,Salma,Toledo,Holguín,F,24,Cajamarca,Cajamarca,Cajamarca,Cliente nuevo
CLI003079,Benjamín,Aguayo,Robledo,M,23,Baños del Inca,Cajamarca,Cajamarca,Cliente ocasional
CLI003080,Óscar,Lemus,Lozada,M,76,Cajamarca,Cajamarca,Cajamarca,Cliente ocasional
CLI003081,Marisela,Núñez,Crespo,F,77,Jesús,Cajamarca,Cajamarca,Cliente frecuente
CLI003082,Eloy,Pedroza,Páez,M,46,Llacanora,Cajamarca,Cajamarca,Cliente frecuente
CLI003083,Horacio,de la O,Barraza,M,51,Baños del Inca,Cajamarca,Cajamarca,Cliente ocasional
CLI003084,Óliver,Palomino,Téllez,M,51,Matara,Cajamarca,Cajamarca,Cliente ocasional
CLI003085,Alta  Gracia,Santacruz,Nevárez,F,33,Jesús,Cajamarca,Cajamarca,Cliente ocasional
CLI003086,Ruby,Tello,Meraz,F,44,Cajamarca,Cajamarca,Cajamarca,Cliente frecuente
CLI003087,Guillermo,Vanegas,Lerma,M,25,Cajamarca,Cajamarca,Cajamarca,Cliente ocasional
CLI003088,Camilo,Ponce,Carbajal,M,20,La Encañada,Cajamarca,Cajamarca,Cliente ocasional
CLI003089,Darío,Torres,Girón,M,65,Cajamarca,Cajamarca,Cajamarca,Cliente ocasional
CLI003090,Mario,de la O,Zamora,M,41,Cajamarca,Cajamarca,Cajamarca,Cliente ocasional
CLI003091,Ángel,Lucio,Pacheco,M,63,Baños del Inca,Cajamarca,Cajamarca,Cliente ocasional
CLI003092,Tania,Solorzano,Zayas,F,59,Cajamarca,Cajamarca,Cajamarca,Cliente ocasional
CLI003093,Minerva,Pizarro,Griego,F,80,Cajamarca,Cajamarca,Cajamarca,Cliente frecuente
CLI003094,Luis Manuel,Pantoja,Villarreal,M,78,Jesús,Cajamarca,Cajamarca,Cliente frecuente
CLI003095,Andrés,Díaz,Lucero,M,60,La Encañada,Cajamarca,Cajamarca,Cliente ocasional
CLI003096,Salma,Zúñiga,Loera,F,70,Baños del Inca,Cajamarca,Cajamarca,Cliente ocasional
CLI003097,Estefanía,Heredia,Almanza,F,58,Cajamarca,Cajamarca,Cajamarca,Cliente ocasional
CLI003098,Verónica,Llamas,Espinoza,F,59,Baños del Inca,Cajamarca,Cajamarca,Cliente frecuente
CLI003099,Benito,Guerrero,Mendoza,M,33,Cajamarca,Cajamarca,Cajamarca,Cliente frecuente
CLI003100,Camila,Rivera,Ortega,F,70,Cajamarca,Cajamarca,Cajamarca,Cliente ocasional
CLI003101,Horacio,Menchaca,Aguayo,M,82,Cajamarca,Cajamarca,Cajamarca,Cliente frecuente
CLI003102,Horacio,Figueroa,de la Fuente,M,78,Cajamarca,Cajamarca,Cajamarca,Cliente frecuente
CLI003103,René,Olivera,Pacheco,M,32,Cajamarca,Cajamarca,Cajamarca,Cliente frecuente
CLI003104,Ángela,Serrano,Marrero,F,47,Cajamarca,Cajamarca,Cajamarca,Cliente nuevo
CLI003105,Natividad,Saucedo,Tejeda,F,66,Cajamarca,Cajamarca,Cajamarca,Cliente frecuente
CLI003106,Pascual,Montemayor,Casares,M,33,Llacanora,Cajamarca,Cajamarca,Cliente ocasional
CLI003107,Gerardo,Tafoya,Cabrera,M,73,Cajamarca,Cajamarca,Cajamarca,Cliente frecuente
CLI003108,Augusto,Alcántar,Toro,M,22,La Encañada,Cajamarca,Cajamarca,Cliente ocasional
CLI003109,Luis Miguel,Zapata,Cuellar,M,82,Cajamarca,Cajamarca,Cajamarca,Cliente frecuente
CLI003110,Delia,Mora,Valverde,F,79,Jesús,Cajamarca,Cajamarca,Cliente nuevo
CLI003111,David,Valadez,Villa,M,25,Baños del Inca,Cajamarca,Cajamarca,Cliente frecuente
CLI003112,Emilio,Castellanos,Cantú,M,30,Llacanora,Cajamarca,Cajamarca,Cliente nuevo
CLI003113,Natalia,Fernández,Ramírez,F,75,Cajamarca,Cajamarca,Cajamarca,Cliente nuevo
CLI003114,Mauro,Montalvo,Murillo,M,64,Baños del Inca,Cajamarca,Cajamarca,Cliente ocasional
CLI003115,Catalina,Saucedo,Zarate,F,31,Cajamarca,Cajamarca,Cajamarca,Cliente ocasional
CLI003116,Cecilia,Nava,Barrera,F,19,Cajamarca,Cajamarca,Cajamarca,Cliente ocasional
CLI003117,Gabriela,Ruiz,Guevara,F,76,Cajamarca,Cajamarca,Cajamarca,Cliente nuevo
CLI003118,Celia,Rivero,Gaona,F,77,Matara,Cajamarca,Cajamarca,Cliente frecuente
CLI003119,Cecilia,Abreu,Zúñiga,F,73,Jesús,Cajamarca,Cajamarca,Cliente ocasional
CLI003120,Luisa,Morales,Matías,F,77,Jesús,Cajamarca,Cajamarca,Cliente ocasional
CLI003121,Alma,Granados,Rojas,F,73,Cajamarca,Cajamarca,Cajamarca,Cliente ocasional
CLI003122,Raúl,Carrera,Niño,M,43,Cajamarca,Cajamarca,Cajamarca,Cliente nuevo
CLI003123,Marcos,Escobar,Peralta,M,46,Cajamarca,Cajamarca,Cajamarca,Cliente ocasional
CLI003124,Noemí,Vergara,Zúñiga,F,29,Cajamarca,Cajamarca,Cajamarca,Cliente ocasional
CLI003125,Barbara,Muro,Reyes,F,81,Jesús,Cajamarca,Cajamarca,Cliente nuevo
CLI003126,Mario,García,Sepúlveda,M,84,Cajamarca,Cajamarca,Cajamarca,Cliente ocasional
CLI003127,Mateo,de la Crúz,Arteaga,M,83,Cajamarca,Cajamarca,Cajamarca,Cliente nuevo
CLI003128,Susana,Roque,Portillo,F,48,Jesús,Cajamarca,Cajamarca,Cliente nuevo
CLI003129,Bianca,Zaragoza,Herrera,F,58,Baños del Inca,Cajamarca,Cajamarca,Cliente nuevo
CLI003130,Julio,Ramón,Leyva,M,72,Jesús,Cajamarca,Cajamarca,Cliente nuevo
CLI003131,Dulce María,Pantoja,Valverde,F,56,Cajamarca,Cajamarca,Cajamarca,Cliente frecuente
CLI003132,Elvia,Armas,Henríquez,F,78,Cajamarca,Cajamarca,Cajamarca,Cliente ocasional
CLI003133,Renato,Mares,Colunga,M,82,La Encañada,Cajamarca,Cajamarca,Cliente frecuente
CLI003134,Enrique,Flórez,Córdova,M,70,Cajamarca,Cajamarca,Cajamarca,Cliente frecuente
CLI003135,Amelia,Montañez,Curiel,F,61,Cajamarca,Cajamarca,Cajamarca,Cliente ocasional
CLI003136,Benito,Salas,Méndez,M,77,Cajamarca,Cajamarca,Cajamarca,Cliente ocasional
CLI003137,Reynaldo,Fonseca,Longoria,M,79,Baños del Inca,Cajamarca,Cajamarca,Cliente frecuente
CLI003138,Elsa,Aparicio,Carranza,F,24,Namora,Cajamarca,Cajamarca,Cliente nuevo
CLI003139,Dolores,Henríquez,Rico,F,55,Baños del Inca,Cajamarca,Cajamarca,Cliente nuevo
CLI003140,Oswaldo,Montemayor,Esquivel,M,60,Cajamarca,Cajamarca,Cajamarca,Cliente ocasional
CLI003141,Ángel,Aponte,Chavarría,M,73,Cajamarca,Cajamarca,Cajamarca,Cliente ocasional
CLI003142,Zacarías,Magaña,Olivo,M,77,Cajamarca,Cajamarca,Cajamarca,Cliente ocasional
CLI003143,Martha,Olivera,Merino,F,76,Cajamarca,Cajamarca,Cajamarca,Cliente ocasional
CLI003144,Alfonso,Ramírez,Báez,M,28,Baños del Inca,Cajamarca,Cajamarca,Cliente frecuente
CLI003145,Ernesto,Roybal,Ávalos,M,68,Baños del Inca,Cajamarca,Cajamarca,Cliente frecuente
CLI003146,Benjamín,Velásquez,Saldaña,M,44,Jesús,Cajamarca,Cajamarca,Cliente nuevo
CLI003147,Fidel,Esquivel,Ruiz,M,81,Cajamarca,Cajamarca,Cajamarca,Cliente nuevo
CLI003148,Marco Antonio,Corona,Zavala,M,35,Cajamarca,Cajamarca,Cajamarca,Cliente ocasional
CLI003149,Hilda,León,Bañuelos,F,68,La Encañada,Cajamarca,Cajamarca,Cliente ocasional
CLI003150,Alberto,Rojas,Rincón,M,69,La Encañada,Cajamarca,Cajamarca,Cliente frecuente
CLI003151,Concepción,Benítez,Barrera,F,70,Namora,Cajamarca,Cajamarca,Cliente ocasional
CLI003152,Rufino,Bustos,Tamayo,M,70,La Encañada,Cajamarca,Cajamarca,Cliente ocasional
CLI003153,Santiago,Vela,Nájera,M,65,Baños del Inca,Cajamarca,Cajamarca,Cliente frecuente
CLI003154,Fernando,Garica,Mata,M,58,Cajamarca,Cajamarca,Cajamarca,Cliente nuevo
CLI003155,Horacio,del Valle,Carvajal,M,30,Baños del Inca,Cajamarca,Cajamarca,Cliente ocasional
CLI003156,Gerónimo,Zamudio,Rincón,M,41,Cajamarca,Cajamarca,Cajamarca,Cliente nuevo
CLI003157,Ramón,Jiménez,Espinosa,M,37,Cajamarca,Cajamarca,Cajamarca,Cliente frecuente
CLI003158,Ilse,Juárez,Lemus,F,28,Cajamarca,Cajamarca,Cajamarca,Cliente ocasional
CLI003159,Hugo,Melgar,Cotto,M,85,Cajamarca,Cajamarca,Cajamarca,Cliente ocasional
CLI003160,Mateo,Rivas,Zamora,M,65,Jesús,Cajamarca,Cajamarca,Cliente frecuente
CLI003161,Agustín,Rocha,Balderas,M,18,Cajamarca,Cajamarca,Cajamarca,Cliente ocasional
CLI003162,Vicente,Huerta,Apodaca,M,56,Cajamarca,Cajamarca,Cajamarca,Cliente frecuente
CLI003163,Patricio,Gallegos,Zúñiga,M,79,La Encañada,Cajamarca,Cajamarca,Cliente frecuente
CLI003164,Dalia,Candelaria,Tejeda,F,71,Cajamarca,Cajamarca,Cajamarca,Cliente ocasional
CLI003165,Miguel Ángel,Terán,Garza,M,75,Cajamarca,Cajamarca,Cajamarca,Cliente ocasional
CLI003166,Indira,Gaytán,Ybarra,F,28,Llacanora,Cajamarca,Cajamarca,Cliente frecuente
CLI003167,Guillermo,Abrego,Miramontes,M,47,Jesús,Cajamarca,Cajamarca,Cliente nuevo
CLI003168,José Emilio,Carreón,Cortez,M,75,Matara,Cajamarca,Cajamarca,Cliente frecuente
CLI003169,Sandra,de la O,Hernández,F,70,Baños del Inca,Cajamarca,Cajamarca,Cliente ocasional
CLI003170,Francisco Javier,Sanches,Jasso,M,50,Baños del Inca,Cajamarca,Cajamarca,Cliente ocasional
CLI003171,Jacobo,Salgado,Casárez,M,61,La Encañada,Cajamarca,Cajamarca,Cliente nuevo
CLI003172,Joaquín,Urrutia,Ramón,M,72,Namora,Cajamarca,Cajamarca,Cliente frecuente
CLI003173,Cristian,Urbina,Pedraza,M,32,Matara,Cajamarca,Cajamarca,Cliente nuevo
CLI003174,Iván,Alvarez,Madera,M,44,Baños del Inca,Cajamarca,Cajamarca,Cliente ocasional
CLI003175,Ruby,Soliz,Ordóñez,F,69,Matara,Cajamarca,Cajamarca,Cliente ocasional
CLI003176,Jonás,Lugo,Quintanilla,M,53,La Encañada,Cajamarca,Cajamarca,Cliente frecuente
CLI003177,Cristobal,Alba,Tijerina,M,66,La Encañada,Cajamarca,Cajamarca,Cliente frecuente
CLI003178,María Eugenia,Pizarro,Partida,F,66,La Encañada,Cajamarca,Cajamarca,Cliente nuevo
CLI003179,Rolando,Osorio,Maya,M,38,Cajamarca,Cajamarca,Cajamarca,Cliente ocasional
CLI003180,Amalia,Pineda,Tejada,F,57,Cajamarca,Cajamarca,Cajamarca,Cliente ocasional
CLI003181,Cristobal,Ponce,Arevalo,M,29,Baños del Inca,Cajamarca,Cajamarca,Cliente frecuente
CLI003182,Alta  Gracia,Posada,Uribe,F,31,Cajamarca,Cajamarca,Cajamarca,Cliente ocasional
CLI003183,Leonor,Frías,Aponte,F,63,Matara,Cajamarca,Cajamarca,Cliente nuevo
CLI003184,Clemente,Fajardo,Lozada,M,59,Cajamarca,Cajamarca,Cajamarca,Cliente nuevo
CLI003185,Flavio,Moreno,Luna,M,18,Cajamarca,Cajamarca,Cajamarca,Cliente ocasional
CLI003186,Francisca,Mojica,Polanco,F,72,La Encañada,Cajamarca,Cajamarca,Cliente ocasional
CLI003187,Sessa,Saavedra,de Jesús,F,22,Cajamarca,Cajamarca,Cajamarca,Cliente nuevo
CLI003188,Lucas,Valencia,Urbina,M,20,Cajamarca,Cajamarca,Cajamarca,Cliente nuevo
CLI003189,Sessa,Berríos,Salinas,F,23,Baños del Inca,Cajamarca,Cajamarca,Cliente ocasional
CLI003190,Andrés,Granado,Preciado,M,25,Baños del Inca,Cajamarca,Cajamarca,Cliente nuevo
CLI003191,Lorena,Briseño,Escalante,F,21,Baños del Inca,Cajamarca,Cajamarca,Cliente nuevo
CLI003192,Gabino,Ureña,Fernández,M,75,Cajamarca,Cajamarca,Cajamarca,Cliente nuevo
CLI003193,Serafín,Carrillo,Acuña,M,41,Cajamarca,Cajamarca,Cajamarca,Cliente frecuente
CLI003194,Julia,Henríquez,González,F,48,Baños del Inca,Cajamarca,Cajamarca,Cliente ocasional
CLI003195,Bernabé,Garza,del Valle,M,61,Jesús,Cajamarca,Cajamarca,Cliente nuevo
CLI003196,Pilar,Escobedo,Trejo,F,33,Cajamarca,Cajamarca,Cajamarca,Cliente frecuente
CLI003197,Marisol,Angulo,Henríquez,F,52,Cajamarca,Cajamarca,Cajamarca,Cliente ocasional
CLI003198,Sofía,Valdés,Escobedo,F,52,Cajamarca,Cajamarca,Cajamarca,Cliente frecuente
CLI003199,Vicente,Salcido,Almaraz,M,78,Jesús,Cajamarca,Cajamarca,Cliente nuevo
CLI003200,Pamela,Figueroa,Rodarte,F,58,Namora,Cajamarca,Cajamarca,Cliente frecuente
CLI003201,Guillermo,Ybarra,Ponce,M,33,Baños del Inca,Cajamarca,Cajamarca,Cliente nuevo
CLI003202,Guillermo,Carreón,Vergara,M,64,Baños del Inca,Cajamarca,Cajamarca,Cliente frecuente
CLI003203,Ofelia,Morales,Gómez,F,24,Baños del Inca,Cajamarca,Cajamarca,Cliente ocasional
CLI003204,Angélica,Alfaro,Polanco,F,24,Cajamarca,Cajamarca,Cajamarca,Cliente frecuente
CLI003205,Francisca,Madrid,Duarte,F,73,La Encañada,Cajamarca,Cajamarca,Cliente ocasional
CLI003206,Isabela,Arroyo,Pulido,F,46,Llacanora,Cajamarca,Cajamarca,Cliente ocasional
CLI003207,Cristian,Quintana,Mora,M,64,Baños del Inca,Cajamarca,Cajamarca,Cliente frecuente
CLI003208,Nadia,Covarrubias,Botello,F,30,Cajamarca,Cajamarca,Cajamarca,Cliente ocasional
CLI003209,Timoteo,Godoy,Berríos,M,42,Cajamarca,Cajamarca,Cajamarca,Cliente ocasional
CLI003210,Alicia,Baca,Hernandes,F,22,Jesús,Cajamarca,Cajamarca,Cliente ocasional
CLI003211,Leonel,Quiñones,Toledo,M,64,Namora,Cajamarca,Cajamarca,Cliente frecuente
CLI003212,María del Carmen,Brito,Armenta,F,25,Cajamarca,Cajamarca,Cajamarca,Cliente frecuente
CLI003213,Ofelia,Girón,Loya,F,52,Cajamarca,Cajamarca,Cajamarca,Cliente ocasional
CLI003214,Mateo,Ordóñez,Terán,M,66,Llacanora,Cajamarca,Cajamarca,Cliente frecuente
CLI003215,Ángela,Alfaro,Castañeda,F,58,Matara,Cajamarca,Cajamarca,Cliente frecuente
CLI003216,María José,Alfaro,Alcántar,F,34,Cajamarca,Cajamarca,Cajamarca,Cliente ocasional
CLI003217,Armando,Guzmán,Gonzales,M,84,Baños del Inca,Cajamarca,Cajamarca,Cliente ocasional
CLI003218,Dalia,Becerra,Medrano,F,70,Matara,Cajamarca,Cajamarca,Cliente frecuente
CLI003219,Luisa,Frías,Espinoza,F,74,Baños del Inca,Cajamarca,Cajamarca,Cliente ocasional
CLI003220,Ramón,Corrales,Niño,M,26,Cajamarca,Cajamarca,Cajamarca,Cliente ocasional
CLI003221,Abraham,Arenas,Barela,M,49,Namora,Cajamarca,Cajamarca,Cliente ocasional
CLI003222,Abraham,Adame,Segura,M,68,Cajamarca,Cajamarca,Cajamarca,Cliente frecuente
CLI003223,David,Caballero,Ulloa,M,78,Cajamarca,Cajamarca,Cajamarca,Cliente ocasional
CLI003224,Elvira,Lerma,Tapia,F,42,Baños del Inca,Cajamarca,Cajamarca,Cliente ocasional
CLI003225,Alicia,Leal,Mojica,F,49,Matara,Cajamarca,Cajamarca,Cliente ocasional
CLI003226,Emilia,Ledesma,Cadena,F,66,Cajamarca,Cajamarca,Cajamarca,Cliente ocasional
CLI003227,Roberto,Guzmán,Arenas,M,43,Cajamarca,Cajamarca,Cajamarca,Cliente ocasional
CLI003228,Esperanza,Arroyo,Cabrera,F,72,La Encañada,Cajamarca,Cajamarca,Cliente ocasional
CLI003229,Lorena,Ledesma,Escobar,F,78,Jesús,Cajamarca,Cajamarca,Cliente ocasional
CLI003230,Olga,Zamudio,Figueroa,F,28,Namora,Cajamarca,Cajamarca,Cliente nuevo
CLI003231,Renato,Palomino,Lara,M,64,Cajamarca,Cajamarca,Cajamarca,Cliente ocasional
CLI003232,Ángela,Guevara,Regalado,F,83,Cajamarca,Cajamarca,Cajamarca,Cliente ocasional
CLI003233,Marisol,Osorio,Roque,F,69,Baños del Inca,Cajamarca,Cajamarca,Cliente ocasional
CLI003234,Pedro,Ocampo,Madrid,M,70,Cajamarca,Cajamarca,Cajamarca,Cliente frecuente
CLI003235,Benjamín,de Anda,Ruiz,M,66,Baños del Inca,Cajamarca,Cajamarca,Cliente nuevo
CLI003236,Samuel,Zavala,Trujillo,M,18,Matara,Cajamarca,Cajamarca,Cliente nuevo
CLI003237,Aida,Centeno,Vanegas,F,27,Jesús,Cajamarca,Cajamarca,Cliente nuevo
CLI003238,Mariano,Colunga,Rojo,M,68,Baños del Inca,Cajamarca,Cajamarca,Cliente ocasional
CLI003239,Julio César,Barrera,Bustos,M,61,Matara,Cajamarca,Cajamarca,Cliente frecuente
CLI003240,Aldo,Maestas,Franco,M,35,Llacanora,Cajamarca,Cajamarca,Cliente ocasional
CLI003241,José,Valencia,Aguirre,M,77,Cajamarca,Cajamarca,Cajamarca,Cliente frecuente
CLI003242,Octavio,Adame,Maldonado,M,61,Cajamarca,Cajamarca,Cajamarca,Cliente nuevo
CLI003243,Leonor,Espinal,Domínguez,F,60,Baños del Inca,Cajamarca,Cajamarca,Cliente nuevo
CLI003244,Barbara,Villagómez,Avilés,F,56,Cajamarca,Cajamarca,Cajamarca,Cliente frecuente
CLI003245,Gregorio,Nieto,Huerta,M,51,Matara,Cajamarca,Cajamarca,Cliente ocasional
CLI003246,Daniel,Laureano,Barrios,M,25,Cajamarca,Cajamarca,Cajamarca,Cliente frecuente
CLI003247,Ramiro,Garza,Carbajal,M,51,Cajamarca,Cajamarca,Cajamarca,Cliente ocasional
CLI003248,Lourdes,Luna,Carranza,F,85,Matara,Cajamarca,Cajamarca,Cliente frecuente
CLI003249,Esparta,Abrego,Casillas,F,69,Cajamarca,Cajamarca,Cajamarca,Cliente nuevo
CLI003250,César,Montalvo,Rocha,M,74,Cajamarca,Cajamarca,Cajamarca,Cliente ocasional
CLI003251,Gabriela,Urrutia,Lemus,F,78,Cajamarca,Cajamarca,Cajamarca,Cliente ocasional
CLI003252,Rosa,Torres,Aguilar,F,27,Cajamarca,Cajamarca,Cajamarca,Cliente frecuente
CLI003253,Miguel Ángel,Pedraza,Heredia,M,27,Matara,Cajamarca,Cajamarca,Cliente ocasional
CLI003254,Luis Manuel,Segovia,Orosco,M,31,Baños del Inca,Cajamarca,Cajamarca,Cliente ocasional
CLI003255,César,Miranda,de Anda,M,27,Cajamarca,Cajamarca,Cajamarca,Cliente ocasional
CLI003256,Tania,Linares,Blanco,F,46,Baños del Inca,Cajamarca,Cajamarca,Cliente ocasional
CLI003257,Rolando,Salas,Luna,M,61,Baños del Inca,Cajamarca,Cajamarca,Cliente ocasional
CLI003258,Luis Manuel,Madera,Espinosa,M,62,Cajamarca,Cajamarca,Cajamarca,Cliente frecuente
CLI003259,Rebeca,Bétancourt,Munguía,F,60,Jesús,Cajamarca,Cajamarca,Cliente ocasional
CLI003260,Rocío,Almanza,Vigil,F,30,Cajamarca,Cajamarca,Cajamarca,Cliente frecuente
CLI003261,Ilse,Rosas,Valle,F,67,Cajamarca,Cajamarca,Cajamarca,Cliente ocasional
CLI003262,Esmeralda,Pacheco,Saldivar,F,61,Cajamarca,Cajamarca,Cajamarca,Cliente ocasional
CLI003263,Francisco Javier,Leal,Corral,M,32,Cajamarca,Cajamarca,Cajamarca,Cliente ocasional
CLI003264,Delia,Vásquez,Salinas,F,64,La Encañada,Cajamarca,Cajamarca,Cliente nuevo
CLI003265,Patricio,del Río,Méndez,M,61,Cajamarca,Cajamarca,Cajamarca,Cliente ocasional
CLI003266,Araceli,Rosales,Casas,F,60,Cajamarca,Cajamarca,Cajamarca,Cliente nuevo
CLI003267,David,Riojas,Guzmán,M,33,Cajamarca,Cajamarca,Cajamarca,Cliente frecuente
CLI003268,Ángel,Ulibarri,Balderas,M,23,Namora,Cajamarca,Cajamarca,Cliente ocasional
CLI003269,Karla,Palomo,Ybarra,F,65,Llacanora,Cajamarca,Cajamarca,Cliente ocasional
CLI003270,Carolina,Roque,Santacruz,F,76,Cajamarca,Cajamarca,Cajamarca,Cliente nuevo
CLI003271,Wilfrido,Ayala,Arredondo,M,60,Matara,Cajamarca,Cajamarca,Cliente ocasional
CLI003272,Berta,Hurtado,Loera,F,18,Cajamarca,Cajamarca,Cajamarca,Cliente nuevo
CLI003273,Humberto,Ulloa,Serrato,M,38,Cajamarca,Cajamarca,Cajamarca,Cliente ocasional
CLI003274,Bruno,del Río,Ulibarri,M,82,Cajamarca,Cajamarca,Cajamarca,Cliente frecuente
CLI003275,Araceli,Gaona,Ocasio,F,54,Cajamarca,Cajamarca,Cajamarca,Cliente nuevo
CLI003276,Alfredo,Roque,Hidalgo,M,37,La Encañada,Cajamarca,Cajamarca,Cliente ocasional
CLI003277,Óliver,Arellano,Miramontes,M,43,Namora,Cajamarca,Cajamarca,Cliente nuevo
CLI003278,María Luisa,Cisneros,Sisneros,F,37,Cajamarca,Cajamarca,Cajamarca,Cliente ocasional
CLI003279,Cristobal,Baeza,Saiz,M,20,Cajamarca,Cajamarca,Cajamarca,Cliente ocasional
CLI003280,Israel,Laureano,Concepción,M,21,Namora,Cajamarca,Cajamarca,Cliente ocasional
CLI003281,Catalina,Chapa,Huerta,F,33,Matara,Cajamarca,Cajamarca,Cliente ocasional
CLI003282,Rebeca,Aponte,de León,F,81,Jesús,Cajamarca,Cajamarca,Cliente nuevo
CLI003283,Anabel,Tello,Enríquez,F,45,Llacanora,Cajamarca,Cajamarca,Cliente ocasional
CLI003284,Teodoro,Soliz,Lozano,M,84,Baños del Inca,Cajamarca,Cajamarca,Cliente nuevo
CLI003285,Lucas,Cano,Robles,M,37,Cajamarca,Cajamarca,Cajamarca,Cliente frecuente
CLI003286,Sergio,Hernádez,Moya,M,28,Llacanora,Cajamarca,Cajamarca,Cliente nuevo
CLI003287,Aurora,Palomino,Zarate,F,32,Llacanora,Cajamarca,Cajamarca,Cliente nuevo
CLI003288,Marisol,Méndez,Tamayo,F,25,Matara,Cajamarca,Cajamarca,Cliente frecuente
CLI003289,Norma,Guerrero,Salazar,F,24,Baños del Inca,Cajamarca,Cajamarca,Cliente nuevo
CLI003290,Antonio,Gaitán,Ozuna,M,30,Baños del Inca,Cajamarca,Cajamarca,Cliente nuevo
CLI003291,Andrea,Ureña,Longoria,F,49,Cajamarca,Cajamarca,Cajamarca,Cliente frecuente
CLI003292,Daniel,Dueñas,Grijalva,M,63,Cajamarca,Cajamarca,Cajamarca,Cliente nuevo
CLI003293,Catalina,Franco,Zamora,F,49,La Encañada,Cajamarca,Cajamarca,Cliente frecuente
CLI003294,Hilda,Mata,Barrios,F,62,Cajamarca,Cajamarca,Cajamarca,Cliente ocasional
CLI003295,Arturo,Páez,Guerra,M,68,Jesús,Cajamarca,Cajamarca,Cliente ocasional
CLI003296,Pedro,Vergara,Fajardo,M,39,Baños del Inca,Cajamarca,Cajamarca,Cliente frecuente
CLI003297,Mauricio,Gaitán,Botello,M,29,Cajamarca,Cajamarca,Cajamarca,Cliente nuevo
CLI003298,Luis,Sarabia,Frías,M,60,Cajamarca,Cajamarca,Cajamarca,Cliente ocasional
CLI003299,Cristian,Perea,Zedillo,M,62,La Encañada,Cajamarca,Cajamarca,Cliente ocasional
CLI003300,Ana,Castañeda,Ruiz,F,46,Cajamarca,Cajamarca,Cajamarca,Cliente nuevo
CLI003301,Diego,Fernández,Medrano,M,53,Baños del Inca,Cajamarca,Cajamarca,Cliente nuevo
CLI003302,Jos,Casares,Huerta,M,23,Cajamarca,Cajamarca,Cajamarca,Cliente ocasional
CLI003303,Elvira,Sánchez,Osorio,F,19,Cajamarca,Cajamarca,Cajamarca,Cliente ocasional
CLI003304,Juan Carlos,Serrato,Garibay,M,31,Cajamarca,Cajamarca,Cajamarca,Cliente frecuente
CLI003305,Eric,Olvera,Guardado,M,81,Cajamarca,Cajamarca,Cajamarca,Cliente frecuente
CLI003306,Gabriel,Rascón,Hernandes,M,27,Cajamarca,Cajamarca,Cajamarca,Cliente ocasional
CLI003307,Maximiliano,Candelaria,Ulloa,M,43,Baños del Inca,Cajamarca,Cajamarca,Cliente frecuente
CLI003308,Eric,Lugo,Muñiz,M,68,Cajamarca,Cajamarca,Cajamarca,Cliente ocasional
CLI003309,Celia,Armendáriz,Sanabria,F,34,Cajamarca,Cajamarca,Cajamarca,Cliente nuevo
CLI003310,Miguel Ángel,Quiroz,Pacheco,M,57,Llacanora,Cajamarca,Cajamarca,Cliente ocasional
CLI003311,Dalia,Santana,Vega,F,59,La Encañada,Cajamarca,Cajamarca,Cliente ocasional
CLI003312,Felix,Orosco,Fajardo,M,81,Llacanora,Cajamarca,Cajamarca,Cliente frecuente
CLI003313,Irma,Riojas,Anguiano,F,46,Cajamarca,Cajamarca,Cajamarca,Cliente frecuente
CLI003314,Jacobo,Salazar,Esquivel,M,51,Baños del Inca,Cajamarca,Cajamarca,Cliente ocasional
CLI003315,Rodrigo,Jasso,Carreón,M,80,Matara,Cajamarca,Cajamarca,Cliente frecuente
CLI003316,Gabriel,Garay,Tamayo,M,32,Baños del Inca,Cajamarca,Cajamarca,Cliente ocasional
CLI003317,Ilse,Lozada,Arce,F,31,Cajamarca,Cajamarca,Cajamarca,Cliente ocasional
CLI003318,Cristian,Olivares,Ureña,M,72,Cajamarca,Cajamarca,Cajamarca,Cliente nuevo
CLI003319,Jesús,Vallejo,Amador,M,33,Namora,Cajamarca,Cajamarca,Cliente ocasional
CLI003320,Jorge Luis,Díaz,Rodarte,M,34,Cajamarca,Cajamarca,Cajamarca,Cliente ocasional
CLI003321,Julia,Durán,Montemayor,F,30,Llacanora,Cajamarca,Cajamarca,Cliente frecuente
CLI003322,Luis Manuel,Beltrán,Rico,M,79,Llacanora,Cajamarca,Cajamarca,Cliente frecuente
CLI003323,Emilia,Macías,Matos,F,69,Cajamarca,Cajamarca,Cajamarca,Cliente frecuente
CLI003324,Renato,Ulibarri,Aranda,M,74,Llacanora,Cajamarca,Cajamarca,Cliente ocasional
CLI003325,Yuridia,Miramontes,Benavides,F,38,Cajamarca,Cajamarca,Cajamarca,Cliente frecuente
CLI003326,Ivonne,Mares,Longoria,F,80,Cajamarca,Cajamarca,Cajamarca,Cliente ocasional
CLI003327,Teresa,Valles,Maestas,F,70,Baños del Inca,Cajamarca,Cajamarca,Cliente ocasional
CLI003328,Abril,Delgadillo,Alva,F,81,Baños del Inca,Cajamarca,Cajamarca,Cliente frecuente
CLI003329,Angélica,Colón,Ozuna,F,21,Cajamarca,Cajamarca,Cajamarca,Cliente frecuente
CLI003330,Miriam,Cabán,Benítez,F,28,Cajamarca,Cajamarca,Cajamarca,Cliente frecuente
CLI003331,Porfirio,Méndez,Flores,M,77,La Encañada,Cajamarca,Cajamarca,Cliente frecuente
CLI003332,Ilse,Toro,de la Rosa,F,83,Baños del Inca,Cajamarca,Cajamarca,Cliente ocasional
CLI003333,Inés,Colunga,de la Fuente,F,62,Namora,Cajamarca,Cajamarca,Cliente ocasional
CLI003334,Patricia,Romero,Menéndez,F,73,Jesús,Cajamarca,Cajamarca,Cliente ocasional
CLI003335,Amalia,Valdivia,Aranda,F,32,Matara,Cajamarca,Cajamarca,Cliente ocasional
CLI003336,Cristal,Ferrer,Pedraza,F,22,Baños del Inca,Cajamarca,Cajamarca,Cliente frecuente
CLI003337,Antonio,Borrego,Gutiérrez,M,39,Jesús,Cajamarca,Cajamarca,Cliente ocasional
CLI003338,Ivonne,Cornejo,Guardado,F,58,Baños del Inca,Cajamarca,Cajamarca,Cliente ocasional
CLI003339,Anabel,Valdivia,Reyes,F,71,Jesús,Cajamarca,Cajamarca,Cliente nuevo
CLI003340,Alfredo,Mercado,Estrada,M,45,La Encañada,Cajamarca,Cajamarca,Cliente ocasional
CLI003341,Lourdes,Concepción,Fajardo,F,22,Cajamarca,Cajamarca,Cajamarca,Cliente frecuente
CLI003342,Gerardo,Romo,Leiva,M,61,Cajamarca,Cajamarca,Cajamarca,Cliente frecuente
CLI003343,Cecilia,Mata,Escalante,F,85,Cajamarca,Cajamarca,Cajamarca,Cliente ocasional
CLI003344,Pascual,Aponte,Cortez,M,53,Cajamarca,Cajamarca,Cajamarca,Cliente nuevo
CLI003345,Rosalia,Canales,Griego,F,82,Llacanora,Cajamarca,Cajamarca,Cliente ocasional
CLI003346,Julio,Terán,Baca,M,57,Cajamarca,Cajamarca,Cajamarca,Cliente frecuente
CLI003347,Miguel Ángel,Madrigal,Arevalo,M,34,Cajamarca,Cajamarca,Cajamarca,Cliente ocasional
CLI003348,Claudia,Gracia,Velásquez,F,25,Baños del Inca,Cajamarca,Cajamarca,Cliente ocasional
CLI003349,Sonia,Huerta,Anguiano,F,46,Cajamarca,Cajamarca,Cajamarca,Cliente nuevo
CLI003350,Ángela,Rincón,Romo,F,33,Baños del Inca,Cajamarca,Cajamarca,Cliente ocasional
CLI003351,Alvaro,Orozco,Palomino,M,56,Baños del Inca,Cajamarca,Cajamarca,Cliente nuevo
CLI003352,Alfonso,Valverde,Méndez,M,45,Cajamarca,Cajamarca,Cajamarca,Cliente frecuente
CLI003353,César,Cisneros,Menéndez,M,80,Jesús,Cajamarca,Cajamarca,Cliente frecuente
CLI003354,Conchita,Nieves,Ozuna,F,83,Jesús,Cajamarca,Cajamarca,Cliente frecuente
CLI003355,Esteban,Puente,de Anda,M,42,La Encañada,Cajamarca,Cajamarca,Cliente ocasional
CLI003356,Tania,Torres,Flores,F,21,Namora,Cajamarca,Cajamarca,Cliente ocasional
CLI003357,Sonia,Hernádez,Garza,F,85,Cajamarca,Cajamarca,Cajamarca,Cliente frecuente
CLI003358,Débora,Arriaga,Rubio,F,34,Jesús,Cajamarca,Cajamarca,Cliente frecuente
CLI003359,Sergio,Saldivar,Guerra,M,71,Cajamarca,Cajamarca,Cajamarca,Cliente ocasional
CLI003360,Manuel,Cordero,Munguía,M,73,Cajamarca,Cajamarca,Cajamarca,Cliente nuevo
CLI003361,Adela,Villalpando,Cardenas,F,83,Cajamarca,Cajamarca,Cajamarca,Cliente ocasional
CLI003362,Gilberto,Crespo,Partida,M,49,Jesús,Cajamarca,Cajamarca,Cliente frecuente
CLI003363,Jorge Luis,Rivero,Perales,M,49,Cajamarca,Cajamarca,Cajamarca,Cliente ocasional
CLI003364,Delia,Sarabia,Oquendo,F,43,La Encañada,Cajamarca,Cajamarca,Cliente ocasional
CLI003365,Santiago,Quintana,Frías,M,19,Jesús,Cajamarca,Cajamarca,Cliente ocasional
CLI003366,Ruby,Tórrez,Valdez,F,33,Baños del Inca,Cajamarca,Cajamarca,Cliente nuevo
CLI003367,Gerónimo,Becerra,Jáquez,M,39,Cajamarca,Cajamarca,Cajamarca,Cliente frecuente
CLI003368,Dulce,Terrazas,Cornejo,F,21,La Encañada,Cajamarca,Cajamarca,Cliente ocasional
CLI003369,Débora,Aguilar,Godínez,F,24,Namora,Cajamarca,Cajamarca,Cliente nuevo
CLI003370,Marisol,Parra,Miramontes,F,68,Cajamarca,Cajamarca,Cajamarca,Cliente nuevo
CLI003371,Emiliano,Lugo,Pichardo,M,65,Cajamarca,Cajamarca,Cajamarca,Cliente frecuente
CLI003372,Esteban,Cornejo,Cantú,M,42,Jesús,Cajamarca,Cajamarca,Cliente ocasional
CLI003373,Fabiola,Niño,Alcántar,F,48,La Encañada,Cajamarca,Cajamarca,Cliente ocasional
CLI003374,Benito,Nájera,Espinal,M,73,Baños del Inca,Cajamarca,Cajamarca,Cliente frecuente
CLI003375,Abigail,Delgado,Ocasio,F,85,Baños del Inca,Cajamarca,Cajamarca,Cliente nuevo
CLI003376,Alicia,Polanco,Peña,F,41,Namora,Cajamarca,Cajamarca,Cliente frecuente
CLI003377,Benito,Cotto,Bahena,M,20,Jesús,Cajamarca,Cajamarca,Cliente ocasional
CLI003378,Julio,Urías,Franco,M,40,Jesús,Cajamarca,Cajamarca,Cliente frecuente
CLI003379,Julio César,Ochoa,Urías,M,77,Cajamarca,Cajamarca,Cajamarca,Cliente frecuente
CLI003380,Rosario,Alva,Báez,F,54,Jesús,Cajamarca,Cajamarca,Cliente frecuente
CLI003381,Irene,Montenegro,Meza,F,50,Jesús,Cajamarca,Cajamarca,Cliente ocasional
CLI003382,Ana,Galarza,Cornejo,F,40,Cajamarca,Cajamarca,Cajamarca,Cliente frecuente
CLI003383,Abril,Farías,Matías,F,45,Baños del Inca,Cajamarca,Cajamarca,Cliente ocasional
CLI003384,Arturo,Manzanares,Dávila,M,20,Cajamarca,Cajamarca,Cajamarca,Cliente frecuente
CLI003385,Barbara,Villarreal,Peña,F,27,Namora,Cajamarca,Cajamarca,Cliente ocasional
CLI003386,José Manuél,Ruelas,Alemán,M,19,Cajamarca,Cajamarca,Cajamarca,Cliente ocasional
CLI003387,Eva,Nevárez,Roque,F,66,Cajamarca,Cajamarca,Cajamarca,Cliente frecuente
CLI003388,Germán,Zarate,Olivares,M,61,Jesús,Cajamarca,Cajamarca,Cliente ocasional
CLI003389,Benjamín,Jurado,Grijalva,M,46,Llacanora,Cajamarca,Cajamarca,Cliente frecuente
CLI003390,Ramiro,Salas,Zavala,M,55,La Encañada,Cajamarca,Cajamarca,Cliente nuevo
CLI003391,Natalia,Parra,Nava,F,23,Baños del Inca,Cajamarca,Cajamarca,Cliente ocasional
CLI003392,Camilo,Negrete,Miranda,M,35,Matara,Cajamarca,Cajamarca,Cliente ocasional
CLI003393,Zoé,Cardona,Casas,F,61,Cajamarca,Cajamarca,Cajamarca,Cliente ocasional
CLI003394,Abril,Cardenas,Montez,F,37,Llacanora,Cajamarca,Cajamarca,Cliente nuevo
CLI003395,Gabriela,Corona,Zedillo,F,56,Baños del Inca,Cajamarca,Cajamarca,Cliente ocasional
CLI003396,Augusto,Rivero,Lozada,M,63,Cajamarca,Cajamarca,Cajamarca,Cliente frecuente
CLI003397,Sessa,Godínez,Merino,F,51,Jesús,Cajamarca,Cajamarca,Cliente frecuente
CLI003398,Armando,Ibarra,Armendáriz,M,41,Cajamarca,Cajamarca,Cajamarca,Cliente ocasional
CLI003399,Leonel,Valles,Mondragón,M,68,Cajamarca,Cajamarca,Cajamarca,Cliente nuevo
CLI003400,José Emilio,Garica,Raya,M,84,Llacanora,Cajamarca,Cajamarca,Cliente nuevo
CLI003401,Ana,Rangel,Marín,F,40,Cajamarca,Cajamarca,Cajamarca,Cliente frecuente
CLI003402,Francisco Javier,Carranza,Rivero,M,80,Cajamarca,Cajamarca,Cajamarca,Cliente frecuente
CLI003403,Aldo,Enríquez,León,M,74,Baños del Inca,Cajamarca,Cajamarca,Cliente nuevo
CLI003404,Lucas,Aguirre,Bahena,M,54,Cajamarca,Cajamarca,Cajamarca,Cliente frecuente
CLI003405,Conchita,Villalobos,Ortiz,F,54,Baños del Inca,Cajamarca,Cajamarca,Cliente ocasional
CLI003406,Alfonso,Benavides,Mares,M,45,Llacanora,Cajamarca,Cajamarca,Cliente ocasional
CLI003407,Adán,Calderón,Vera,M,43,Matara,Cajamarca,Cajamarca,Cliente ocasional
CLI003408,Ángel,Farías,Arias,M,47,Cajamarca,Cajamarca,Cajamarca,Cliente nuevo
CLI003409,Claudia,Altamirano,Montero,F,23,La Encañada,Cajamarca,Cajamarca,Cliente frecuente
CLI003410,Ángela,Mena,Tafoya,F,72,Cajamarca,Cajamarca,Cajamarca,Cliente ocasional
CLI003411,Isabela,Esparza,Linares,F,36,Cajamarca,Cajamarca,Cajamarca,Cliente nuevo
CLI003412,Elena,Gallardo,Bonilla,F,44,Cajamarca,Cajamarca,Cajamarca,Cliente ocasional
CLI003413,Marco Antonio,Canales,Piña,M,65,Llacanora,Cajamarca,Cajamarca,Cliente ocasional
CLI003414,Vicente,Griego,Heredia,M,40,Cajamarca,Cajamarca,Cajamarca,Cliente ocasional
CLI003415,Augusto,Jimínez,Viera,M,84,Cajamarca,Cajamarca,Cajamarca,Cliente nuevo
CLI003416,Julio,Barrientos,Carrera,M,62,Cajamarca,Cajamarca,Cajamarca,Cliente ocasional
CLI003417,Elvira,Alejandro,Solorio,F,34,Cajamarca,Cajamarca,Cajamarca,Cliente frecuente
CLI003418,Israel,Ureña,Cervántez,M,59,Baños del Inca,Cajamarca,Cajamarca,Cliente frecuente
CLI003419,Rubén,Botello,Ledesma,M,55,Cajamarca,Cajamarca,Cajamarca,Cliente ocasional
CLI003420,Estefanía,Dávila,Gallardo,F,47,Llacanora,Cajamarca,Cajamarca,Cliente frecuente
CLI003421,Lorena,Alvarado,Altamirano,F,22,Baños del Inca,Cajamarca,Cajamarca,Cliente frecuente
CLI003422,Delia,Cano,Covarrubias,F,44,Llacanora,Cajamarca,Cajamarca,Cliente ocasional
CLI003423,Aurora,Casanova,Navarrete,F,59,Matara,Cajamarca,Cajamarca,Cliente ocasional
CLI003424,Lorena,Hernández,Espinoza,F,84,Namora,Cajamarca,Cajamarca,Cliente frecuente
CLI003425,Diego,Villagómez,de la Rosa,M,84,Jesús,Cajamarca,Cajamarca,Cliente ocasional
CLI003426,Alicia,Garay,Irizarry,F,19,Jesús,Cajamarca,Cajamarca,Cliente frecuente
CLI003427,Elias,Gonzales,Valdez,M,45,Llacanora,Cajamarca,Cajamarca,Cliente ocasional
CLI003428,Ilse,Tirado,Zavala,F,52,Cajamarca,Cajamarca,Cajamarca,Cliente ocasional
CLI003429,Miguel Ángel,Rosario,Medrano,M,50,Cajamarca,Cajamarca,Cajamarca,Cliente ocasional
CLI003430,Marcos,Velásquez,Rico,M,77,Cajamarca,Cajamarca,Cajamarca,Cliente ocasional
CLI003431,Aldonza,Holguín,Romero,F,57,La Encañada,Cajamarca,Cajamarca,Cliente nuevo
CLI003432,Yuridia,Arce,Carreón,F,35,Baños del Inca,Cajamarca,Cajamarca,Cliente frecuente
CLI003433,Laura,Olivares,Lugo,F,58,Cajamarca,Cajamarca,Cajamarca,Cliente frecuente
CLI003434,Natalia,Sarabia,Briones,F,27,Cajamarca,Cajamarca,Cajamarca,Cliente ocasional
CLI003435,Ofelia,Guevara,Rojo,F,41,La Encañada,Cajamarca,Cajamarca,Cliente frecuente
CLI003436,José Manuél,Perales,Rael,M,65,Baños del Inca,Cajamarca,Cajamarca,Cliente ocasional
CLI003437,Joaquín,Razo,Bonilla,M,47,Baños del Inca,Cajamarca,Cajamarca,Cliente ocasional
CLI003438,Lorenzo,Bravo,Cortez,M,44,Cajamarca,Cajamarca,Cajamarca,Cliente ocasional
CLI003439,Alonso,Fierro,Raya,M,30,Cajamarca,Cajamarca,Cajamarca,Cliente nuevo
CLI003440,Amanda,Reyna,Pizarro,F,28,Cajamarca,Cajamarca,Cajamarca,Cliente ocasional
CLI003441,Wilfrido,Laureano,Esquivel,M,64,La Encañada,Cajamarca,Cajamarca,Cliente ocasional
CLI003442,Adela,Montez,Calvillo,F,82,La Encañada,Cajamarca,Cajamarca,Cliente frecuente
CLI003443,Jorge Luis,Jiménez,Covarrubias,M,45,Baños del Inca,Cajamarca,Cajamarca,Cliente frecuente
CLI003444,Arturo,Estévez,Corral,M,45,Cajamarca,Cajamarca,Cajamarca,Cliente ocasional
CLI003445,Lucía,Carranza,Carvajal,F,79,Cajamarca,Cajamarca,Cajamarca,Cliente ocasional
CLI003446,María Teresa,Montez,Jiménez,F,50,Baños del Inca,Cajamarca,Cajamarca,Cliente frecuente
CLI003447,Rodolfo,Bétancourt,Collado,M,18,Namora,Cajamarca,Cajamarca,Cliente ocasional
CLI003448,Arcelia,Gracia,Quintero,F,19,Jesús,Cajamarca,Cajamarca,Cliente ocasional
CLI003449,José Emilio,Tejada,Gamboa,M,34,Baños del Inca,Cajamarca,Cajamarca,Cliente frecuente
CLI003450,Diego,Jaramillo,Madrigal,M,75,La Encañada,Cajamarca,Cajamarca,Cliente nuevo
CLI003451,Miguel,Loya,Saucedo,M,81,Baños del Inca,Cajamarca,Cajamarca,Cliente frecuente
CLI003452,Guadalupe,Merino,Jaramillo,F,53,Cajamarca,Cajamarca,Cajamarca,Cliente frecuente
CLI003453,Enrique,Orosco,Arce,M,22,Cajamarca,Cajamarca,Cajamarca,Cliente ocasional
CLI003454,Ramón,Reynoso,Carbajal,M,21,Jesús,Cajamarca,Cajamarca,Cliente nuevo
CLI003455,Ofelia,Miramontes,Caballero,F,74,Baños del Inca,Cajamarca,Cajamarca,Cliente frecuente
CLI003456,Javier,Gómez,Valdés,M,53,Baños del Inca,Cajamarca,Cajamarca,Cliente ocasional
CLI003457,Vanesa,del Río,Reyes,F,55,Cajamarca,Cajamarca,Cajamarca,Cliente nuevo
CLI003458,Lourdes,Cavazos,Archuleta,F,56,Cajamarca,Cajamarca,Cajamarca,Cliente nuevo
CLI003459,Jacinto,Riojas,Navarrete,M,70,Baños del Inca,Cajamarca,Cajamarca,Cliente frecuente
CLI003460,Elena,Enríquez,Ávalos,F,32,Jesús,Cajamarca,Cajamarca,Cliente ocasional
CLI003461,Joaquín,Chávez,Gastélum,M,64,Cajamarca,Cajamarca,Cajamarca,Cliente ocasional
CLI003462,Reynaldo,Rocha,Cadena,M,38,La Encañada,Cajamarca,Cajamarca,Cliente ocasional
CLI003463,Karla,Alcala,Arguello,F,74,Cajamarca,Cajamarca,Cajamarca,Cliente ocasional
CLI003464,Gilberto,Pulido,Crespo,M,28,Cajamarca,Cajamarca,Cajamarca,Cliente frecuente
CLI003465,Nancy,Alarcón,Vanegas,F,29,Jesús,Cajamarca,Cajamarca,Cliente nuevo
CLI003466,Porfirio,Abrego,Anaya,M,30,Matara,Cajamarca,Cajamarca,Cliente frecuente
CLI003467,Fidel,Bétancourt,Ramos,M,58,Cajamarca,Cajamarca,Cajamarca,Cliente ocasional
CLI003468,Oswaldo,Solorio,Palomino,M,33,Cajamarca,Cajamarca,Cajamarca,Cliente frecuente
CLI003469,Carlota,Guevara,Carvajal,F,22,Cajamarca,Cajamarca,Cajamarca,Cliente frecuente
CLI003470,Araceli,Mendoza,Caraballo,F,77,Baños del Inca,Cajamarca,Cajamarca,Cliente ocasional
CLI003471,Conchita,Alemán,Rolón,F,25,Jesús,Cajamarca,Cajamarca,Cliente frecuente
CLI003472,Modesto,Ballesteros,Heredia,M,64,Namora,Cajamarca,Cajamarca,Cliente ocasional
CLI003473,Hernán,Orosco,Tamayo,M,46,Cajamarca,Cajamarca,Cajamarca,Cliente ocasional
CLI003474,Marcos,Juárez,Santana,M,53,Cajamarca,Cajamarca,Cajamarca,Cliente ocasional
CLI003475,Maximiliano,Alcaraz,Aragón,M,53,Cajamarca,Cajamarca,Cajamarca,Cliente ocasional
CLI003476,Gabriela,Serna,Orellana,F,84,La Encañada,Cajamarca,Cajamarca,Cliente ocasional
CLI003477,Celia,Laureano,Aguayo,F,46,Cajamarca,Cajamarca,Cajamarca,Cliente frecuente
CLI003478,Cristian,Ayala,Rentería,M,81,Cajamarca,Cajamarca,Cajamarca,Cliente ocasional
CLI003479,Jorge,Carrero,Monroy,M,26,Jesús,Cajamarca,Cajamarca,Cliente frecuente
CLI003480,Gloria,Altamirano,Guillen,F,66,Cajamarca,Cajamarca,Cajamarca,Cliente ocasional
CLI003481,Elvia,Frías,Muro,F,45,Namora,Cajamarca,Cajamarca,Cliente nuevo
CLI003482,Yeni,Navarrete,Ramón,F,56,Namora,Cajamarca,Cajamarca,Cliente nuevo
CLI003483,Francisco,Torres,Pabón,M,52,Baños del Inca,Cajamarca,Cajamarca,Cliente frecuente
CLI003484,María Eugenia,Treviño,Santiago,F,40,Llacanora,Cajamarca,Cajamarca,Cliente ocasional
CLI003485,Salvador,Sepúlveda,Castellanos,M,81,Cajamarca,Cajamarca,Cajamarca,Cliente frecuente
CLI003486,Isabel,Gaitán,Briones,F,50,Namora,Cajamarca,Cajamarca,Cliente frecuente
CLI003487,Fernando,Molina,Zúñiga,M,29,Cajamarca,Cajamarca,Cajamarca,Cliente ocasional
CLI003488,Hugo,Sisneros,Rodríquez,M,35,La Encañada,Cajamarca,Cajamarca,Cliente ocasional
CLI003489,Elisa,Sisneros,Santillán,F,70,Llacanora,Cajamarca,Cajamarca,Cliente ocasional
CLI003490,Mauricio,Rascón,Niño,M,57,La Encañada,Cajamarca,Cajamarca,Cliente frecuente
CLI003491,Diego,Orellana,Paredes,M,51,Baños del Inca,Cajamarca,Cajamarca,Cliente nuevo
CLI003492,Graciela,Cuellar,Ojeda,F,45,Jesús,Cajamarca,Cajamarca,Cliente ocasional
CLI003493,Manuel,Peña,Guzmán,M,59,Cajamarca,Cajamarca,Cajamarca,Cliente ocasional
CLI003494,Antonia,Cintrón,Soria,F,72,La Encañada,Cajamarca,Cajamarca,Cliente ocasional
CLI003495,Alta  Gracia,Domínguez,Chavarría,F,80,Jesús,Cajamarca,Cajamarca,Cliente frecuente
CLI003496,Alvaro,Sierra,Tirado,M,41,Namora,Cajamarca,Cajamarca,Cliente nuevo
CLI003497,Rosa,Arguello,Chávez,F,27,Llacanora,Cajamarca,Cajamarca,Cliente ocasional
CLI003498,Leonardo,Montez,Jimínez,M,23,Jesús,Cajamarca,Cajamarca,Cliente frecuente
CLI003499,Sonia,Tamayo,Ramírez,F,83,La Encañada,Cajamarca,Cajamarca,Cliente ocasional
CLI003500,Paola,Burgos,Rentería,F,20,Baños del Inca,Cajamarca,Cajamarca,Cliente ocasional
CLI003501,José Eduardo,Casares,Terán,M,52,Cajamarca,Cajamarca,Cajamarca,Cliente ocasional
CLI003502,Isabel,Palacios,Varela,F,33,Baños del Inca,Cajamarca,Cajamarca,Cliente frecuente
CLI003503,Verónica,Ledesma,Santana,F,84,Llacanora,Cajamarca,Cajamarca,Cliente ocasional
CLI003504,Modesto,Zaragoza,Cepeda,M,35,Cajamarca,Cajamarca,Cajamarca,Cliente ocasional
CLI003505,Micaela,Acosta,Durán,F,34,Cajamarca,Cajamarca,Cajamarca,Cliente ocasional
CLI003506,Cristina,Trujillo,Laureano,F,47,Baños del Inca,Cajamarca,Cajamarca,Cliente ocasional
CLI003507,Inés,Galván,Zedillo,F,48,Jesús,Cajamarca,Cajamarca,Cliente ocasional
CLI003508,Elias,Hernandes,Soto,M,71,Cajamarca,Cajamarca,Cajamarca,Cliente ocasional
CLI003509,Isaac,Valles,Ayala,M,46,Llacanora,Cajamarca,Cajamarca,Cliente ocasional
CLI003510,Salvador,Aguilar,Ulibarri,M,63,Baños del Inca,Cajamarca,Cajamarca,Cliente ocasional
CLI003511,Eric,Abrego,Segovia,M,69,Baños del Inca,Cajamarca,Cajamarca,Cliente nuevo
CLI003512,Juan,Cintrón,Nevárez,M,39,Cajamarca,Cajamarca,Cajamarca,Cliente ocasional
CLI003513,Bernabé,Concepción,Montero,M,20,Jesús,Cajamarca,Cajamarca,Cliente ocasional
CLI003514,Luis Miguel,Saldaña,Meléndez,M,54,Baños del Inca,Cajamarca,Cajamarca,Cliente ocasional
CLI003515,Raúl,Mesa,Benavides,M,78,Cajamarca,Cajamarca,Cajamarca,Cliente ocasional
CLI003516,Gilberto,Moreno,Carmona,M,60,La Encañada,Cajamarca,Cajamarca,Cliente ocasional
CLI003517,Helena,Campos,Castillo,F,66,Llacanora,Cajamarca,Cajamarca,Cliente ocasional
CLI003518,Itzel,Soria,Valdez,F,85,Cajamarca,Cajamarca,Cajamarca,Cliente ocasional
CLI003519,Gabriel,Garrido,Arreola,M,18,La Encañada,Cajamarca,Cajamarca,Cliente ocasional
CLI003520,Salma,Ureña,Henríquez,F,39,Jesús,Cajamarca,Cajamarca,Cliente frecuente
CLI003521,Zeferino,Valenzuela,Meléndez,M,58,Llacanora,Cajamarca,Cajamarca,Cliente ocasional
CLI003522,Victoria,Barajas,Mora,F,29,Jesús,Cajamarca,Cajamarca,Cliente ocasional
CLI003523,Alicia,Robles,Almanza,F,47,Jesús,Cajamarca,Cajamarca,Cliente ocasional
CLI003524,Mariana,Razo,Valadez,F,22,Cajamarca,Cajamarca,Cajamarca,Cliente nuevo
CLI003525,Aurelio,León,Aguilera,M,53,Jesús,Cajamarca,Cajamarca,Cliente frecuente
CLI003526,Enrique,Acuña,Esquibel,M,40,Namora,Cajamarca,Cajamarca,Cliente ocasional
CLI003527,Berta,Calderón,Meza,F,33,Cajamarca,Cajamarca,Cajamarca,Cliente ocasional
CLI003528,Dolores,Muro,Villarreal,F,48,Baños del Inca,Cajamarca,Cajamarca,Cliente frecuente
CLI003529,Amanda,Carreón,Peña,F,66,Cajamarca,Cajamarca,Cajamarca,Cliente nuevo
CLI003530,Delia,Linares,Godínez,F,47,Baños del Inca,Cajamarca,Cajamarca,Cliente frecuente
CLI003531,Elias,Avilés,Pérez,M,46,Llacanora,Cajamarca,Cajamarca,Cliente frecuente
CLI003532,Elsa,Orta,Flórez,F,71,Matara,Cajamarca,Cajamarca,Cliente nuevo
CLI003533,Paulina,Sandoval,Meraz,F,49,Cajamarca,Cajamarca,Cajamarca,Cliente frecuente
CLI003534,María Luisa,Zaragoza,Aguilar,F,38,Cajamarca,Cajamarca,Cajamarca,Cliente ocasional
CLI003535,Mauro,Sotelo,Pedraza,M,33,Cajamarca,Cajamarca,Cajamarca,Cliente ocasional
CLI003536,María Cristina,Villegas,Zamora,F,38,Cajamarca,Cajamarca,Cajamarca,Cliente ocasional
CLI003537,Nayeli,Santillán,Farías,F,71,Matara,Cajamarca,Cajamarca,Cliente ocasional
CLI003538,Manuel,Rivera,Olvera,M,82,Baños del Inca,Cajamarca,Cajamarca,Cliente ocasional
CLI003539,Leonardo,Fuentes,Trejo,M,39,Llacanora,Cajamarca,Cajamarca,Cliente ocasional
CLI003540,Diana,Ibarra,Sepúlveda,F,22,Cajamarca,Cajamarca,Cajamarca,Cliente frecuente
CLI003541,Antonia,Serrano,Hernádez,F,51,La Encañada,Cajamarca,Cajamarca,Cliente frecuente
CLI003542,Fidel,Ceja,Tirado,M,34,Llacanora,Cajamarca,Cajamarca,Cliente nuevo
CLI003543,Gilberto,Cisneros,Avilés,M,31,Baños del Inca,Cajamarca,Cajamarca,Cliente ocasional
CLI003544,Emiliano,Quezada,Hidalgo,M,30,Cajamarca,Cajamarca,Cajamarca,Cliente ocasional
CLI003545,Sessa,Ponce,Mojica,F,64,Cajamarca,Cajamarca,Cajamarca,Cliente frecuente
CLI003546,Noemí,Corral,Maya,F,33,La Encañada,Cajamarca,Cajamarca,Cliente ocasional
CLI003547,Ofelia,Escalante,Báez,F,55,Namora,Cajamarca,Cajamarca,Cliente frecuente
CLI003548,Rufino,Juárez,Loya,M,22,Baños del Inca,Cajamarca,Cajamarca,Cliente nuevo
CLI003549,Mercedes,Bétancourt,Alvarado,F,52,Llacanora,Cajamarca,Cajamarca,Cliente frecuente
CLI003550,Aldo,Estévez,Sanches,M,75,Baños del Inca,Cajamarca,Cajamarca,Cliente frecuente
CLI003551,Gonzalo,Abreu,Serrato,M,78,Cajamarca,Cajamarca,Cajamarca,Cliente ocasional
CLI003552,Graciela,Ulloa,Hidalgo,F,48,Matara,Cajamarca,Cajamarca,Cliente nuevo
CLI003553,Esperanza,Sauceda,Arroyo,F,43,Cajamarca,Cajamarca,Cajamarca,Cliente ocasional
CLI003554,Elena,Zapata,Quintana,F,22,Baños del Inca,Cajamarca,Cajamarca,Cliente frecuente
CLI003555,Claudio,Ornelas,Ferrer,M,34,Llacanora,Cajamarca,Cajamarca,Cliente frecuente
CLI003556,Israel,Saucedo,Balderas,M,47,Namora,Cajamarca,Cajamarca,Cliente frecuente
CLI003557,Hermelinda,Vega,Bañuelos,F,58,Cajamarca,Cajamarca,Cajamarca,Cliente ocasional
CLI003558,Olivia,Riojas,Aguilar,F,66,Cajamarca,Cajamarca,Cajamarca,Cliente ocasional
CLI003559,Concepción,Zúñiga,Chávez,F,31,Cajamarca,Cajamarca,Cajamarca,Cliente ocasional
CLI003560,Aurelio,Naranjo,Vélez,M,77,Baños del Inca,Cajamarca,Cajamarca,Cliente ocasional
CLI003561,Luis Miguel,Sepúlveda,Urrutia,M,50,Llacanora,Cajamarca,Cajamarca,Cliente ocasional
CLI003562,Elvira,Candelaria,Osorio,F,46,Cajamarca,Cajamarca,Cajamarca,Cliente ocasional
CLI003563,Sessa,Casanova,Santillán,F,26,La Encañada,Cajamarca,Cajamarca,Cliente nuevo
CLI003564,Óscar,Urías,Lucero,M,85,Baños del Inca,Cajamarca,Cajamarca,Cliente nuevo
CLI003565,Juan,Elizondo,Ledesma,M,70,Cajamarca,Cajamarca,Cajamarca,Cliente frecuente
CLI003566,Juan Carlos,Laureano,Madrigal,M,63,Baños del Inca,Cajamarca,Cajamarca,Cliente nuevo
CLI003567,Sergio,Guerra,Ramos,M,79,Cajamarca,Cajamarca,Cajamarca,Cliente frecuente
CLI003568,Felipe,Loya,Díaz,M,69,Cajamarca,Cajamarca,Cajamarca,Cliente frecuente
CLI003569,Indira,Valdez,Pérez,F,76,Jesús,Cajamarca,Cajamarca,Cliente ocasional
CLI003570,Adán,Carbajal,Corona,M,66,Cajamarca,Cajamarca,Cajamarca,Cliente frecuente
CLI003571,Pedro,Guzmán,Rocha,M,71,La Encañada,Cajamarca,Cajamarca,Cliente ocasional
CLI003572,César,Sarabia,Samaniego,M,84,La Encañada,Cajamarca,Cajamarca,Cliente ocasional
CLI003573,Claudio,Holguín,Alonso,M,23,Baños del Inca,Cajamarca,Cajamarca,Cliente frecuente
CLI003574,Camilo,Parra,Tejeda,M,43,Jesús,Cajamarca,Cajamarca,Cliente ocasional
CLI003575,Renato,Pineda,Pichardo,M,45,Baños del Inca,Cajamarca,Cajamarca,Cliente ocasional
CLI003576,Bernabé,Palomo,Quiroz,M,84,Cajamarca,Cajamarca,Cajamarca,Cliente nuevo
CLI003577,Georgina,Duarte,Holguín,F,35,Cajamarca,Cajamarca,Cajamarca,Cliente ocasional
CLI003578,Reina,Campos,Escobar,F,25,Baños del Inca,Cajamarca,Cajamarca,Cliente frecuente
CLI003579,Delia,Terrazas,Arevalo,F,85,Baños del Inca,Cajamarca,Cajamarca,Cliente nuevo
CLI003580,Serafín,Castañeda,Cardona,M,31,Baños del Inca,Cajamarca,Cajamarca,Cliente ocasional
CLI003581,Rubén,Valentín,Zarate,M,52,Matara,Cajamarca,Cajamarca,Cliente frecuente
CLI003582,Adela,Galarza,Hernádez,F,77,Cajamarca,Cajamarca,Cajamarca,Cliente frecuente
CLI003583,José Luis,Godoy,Alfaro,M,44,Llacanora,Cajamarca,Cajamarca,Cliente frecuente
CLI003584,María José,Henríquez,Parra,F,66,Jesús,Cajamarca,Cajamarca,Cliente frecuente
CLI003585,Eugenia,Caballero,Cardona,F,34,Baños del Inca,Cajamarca,Cajamarca,Cliente frecuente
CLI003586,Esther,Girón,Colunga,F,28,Baños del Inca,Cajamarca,Cajamarca,Cliente frecuente
CLI003587,Gregorio,Flores,Arce,M,32,Namora,Cajamarca,Cajamarca,Cliente frecuente
CLI003588,Eric,Frías,Balderas,M,27,Llacanora,Cajamarca,Cajamarca,Cliente nuevo
CLI003589,Blanca,Valencia,Samaniego,F,44,Jesús,Cajamarca,Cajamarca,Cliente ocasional
CLI003590,Eric,Altamirano,Sanabria,M,30,La Encañada,Cajamarca,Cajamarca,Cliente ocasional
CLI003591,Rosa,del Río,Fonseca,F,76,Llacanora,Cajamarca,Cajamarca,Cliente nuevo
CLI003592,Raúl,Carreón,Peralta,M,52,Baños del Inca,Cajamarca,Cajamarca,Cliente nuevo
CLI003593,Concepción,Rosales,Vargas,F,26,Cajamarca,Cajamarca,Cajamarca,Cliente ocasional
CLI003594,Ramón,Cervántez,Loya,M,79,La Encañada,Cajamarca,Cajamarca,Cliente nuevo
CLI003595,Marcela,Morales,Caraballo,F,44,Cajamarca,Cajamarca,Cajamarca,Cliente ocasional
CLI003596,Rolando,Esparza,Arevalo,M,42,Baños del Inca,Cajamarca,Cajamarca,Cliente ocasional
CLI003597,Rodolfo,Montalvo,Vela,M,20,Llacanora,Cajamarca,Cajamarca,Cliente ocasional
CLI003598,Dulce María,Lucio,Puga,F,19,Cajamarca,Cajamarca,Cajamarca,Cliente ocasional
CLI003599,Martha,Ferrer,Farías,F,26,Jesús,Cajamarca,Cajamarca,Cliente frecuente
CLI003600,Agustín,Jurado,Corral,M,47,Baños del Inca,Cajamarca,Cajamarca,Cliente ocasional
CLI003601,Natividad,Urbina,Ojeda,F,43,Cajamarca,Cajamarca,Cajamarca,Cliente frecuente
CLI003602,Luisa,Olivárez,Sarabia,F,60,Baños del Inca,Cajamarca,Cajamarca,Cliente frecuente
CLI003603,Genaro,Mercado,Berríos,M,62,Cajamarca,Cajamarca,Cajamarca,Cliente ocasional
CLI003604,Gabriel,Gaona,Orellana,M,78,La Encañada,Cajamarca,Cajamarca,Cliente ocasional
CLI003605,Clara,Carreón,Pedroza,F,22,Namora,Cajamarca,Cajamarca,Cliente nuevo
CLI003606,Daniel,Sepúlveda,Rodarte,M,37,Namora,Cajamarca,Cajamarca,Cliente ocasional
CLI003607,Linda,Garza,Ruiz,F,44,Cajamarca,Cajamarca,Cajamarca,Cliente ocasional
CLI003608,Octavio,Moreno,Villanueva,M,46,Baños del Inca,Cajamarca,Cajamarca,Cliente frecuente
CLI003609,Marisela,Tapia,Moya,F,70,Cajamarca,Cajamarca,Cajamarca,Cliente frecuente
CLI003610,Gloria,Melgar,Saucedo,F,21,Jesús,Cajamarca,Cajamarca,Cliente ocasional
CLI003611,Ana María,Tejeda,Matos,F,51,La Encañada,Cajamarca,Cajamarca,Cliente nuevo
CLI003612,Jaqueline,Posada,Ayala,F,78,Baños del Inca,Cajamarca,Cajamarca,Cliente frecuente
CLI003613,Renato,Laboy,Frías,M,74,Baños del Inca,Cajamarca,Cajamarca,Cliente frecuente
CLI003614,Carla,Saucedo,Miranda,F,56,Baños del Inca,Cajamarca,Cajamarca,Cliente frecuente
CLI003615,Angélica,Peña,Fuentes,F,56,Matara,Cajamarca,Cajamarca,Cliente ocasional
CLI003616,Mitzy,Carrero,Olivera,F,77,Cajamarca,Cajamarca,Cajamarca,Cliente frecuente
CLI003617,Gregorio,Cardenas,Jaimes,M,38,Jesús,Cajamarca,Cajamarca,Cliente frecuente
CLI003618,Jesús,Mota,Morales,M,34,Cajamarca,Cajamarca,Cajamarca,Cliente ocasional
CLI003619,Mauricio,Vásquez,Ayala,M,81,Cajamarca,Cajamarca,Cajamarca,Cliente nuevo
CLI003620,Daniela,Nieto,Orosco,F,29,Llacanora,Cajamarca,Cajamarca,Cliente ocasional
CLI003621,Eugenia,Roque,Sanabria,F,48,Cajamarca,Cajamarca,Cajamarca,Cliente nuevo
CLI003622,Maximiliano,Madrid,Tórrez,M,64,Baños del Inca,Cajamarca,Cajamarca,Cliente frecuente
CLI003623,Augusto,Baca,Esquibel,M,32,Baños del Inca,Cajamarca,Cajamarca,Cliente nuevo
CLI003624,Wilfrido,Quiroz,Corrales,M,54,Namora,Cajamarca,Cajamarca,Cliente ocasional
CLI003625,Cristian,Cintrón,Batista,M,85,Cajamarca,Cajamarca,Cajamarca,Cliente nuevo
CLI003626,Pamela,Guzmán,Ibarra,F,38,Jesús,Cajamarca,Cajamarca,Cliente frecuente
CLI003627,Leonardo,Cano,Murillo,M,60,Baños del Inca,Cajamarca,Cajamarca,Cliente frecuente
CLI003628,Enrique,Leiva,Corral,M,34,Cajamarca,Cajamarca,Cajamarca,Cliente frecuente
CLI003629,Silvia,Tapia,Garica,F,33,Cajamarca,Cajamarca,Cajamarca,Cliente frecuente
CLI003630,Fernando,Lara,Becerra,M,76,Baños del Inca,Cajamarca,Cajamarca,Cliente ocasional
CLI003631,Amanda,Villareal,Colón,F,84,Baños del Inca,Cajamarca,Cajamarca,Cliente ocasional
CLI003632,Ana,Marrero,Delgadillo,F,74,La Encañada,Cajamarca,Cajamarca,Cliente ocasional
CLI003633,Aida,Bravo,Godínez,F,60,Namora,Cajamarca,Cajamarca,Cliente ocasional
CLI003634,María Elena,Gollum,Apodaca,F,30,Llacanora,Cajamarca,Cajamarca,Cliente ocasional
CLI003635,Frida,Ordóñez,Razo,F,27,Llacanora,Cajamarca,Cajamarca,Cliente frecuente
CLI003636,Claudia,Arenas,Naranjo,F,55,Cajamarca,Cajamarca,Cajamarca,Cliente nuevo
CLI003637,Soledad,Tafoya,Parra,F,18,Cajamarca,Cajamarca,Cajamarca,Cliente ocasional
CLI003638,Abel,Angulo,Pedraza,M,85,Matara,Cajamarca,Cajamarca,Cliente frecuente
CLI003639,Ernesto,Batista,Cazares,M,23,Cajamarca,Cajamarca,Cajamarca,Cliente ocasional
CLI003640,Mariana,Vélez,Sevilla,F,70,Cajamarca,Cajamarca,Cajamarca,Cliente ocasional
CLI003641,Rosalia,Valentín,Elizondo,F,44,La Encañada,Cajamarca,Cajamarca,Cliente frecuente
CLI003642,Irene,Ocampo,Magaña,F,78,La Encañada,Cajamarca,Cajamarca,Cliente frecuente
CLI003643,Isabela,Vásquez,Suárez,F,29,Cajamarca,Cajamarca,Cajamarca,Cliente frecuente
CLI003644,Gonzalo,Gamboa,Alemán,M,77,Cajamarca,Cajamarca,Cajamarca,Cliente ocasional
CLI003645,Emilio,Venegas,Cardenas,M,56,Cajamarca,Cajamarca,Cajamarca,Cliente ocasional
CLI003646,Carmen,Valencia,Quezada,F,48,Baños del Inca,Cajamarca,Cajamarca,Cliente ocasional
CLI003647,Alma,Meraz,Alvarez,F,48,Baños del Inca,Cajamarca,Cajamarca,Cliente frecuente
CLI003648,Salma,Rolón,Mata,F,22,Jesús,Cajamarca,Cajamarca,Cliente ocasional
CLI003649,Mariano,Galarza,Gálvez,M,62,Baños del Inca,Cajamarca,Cajamarca,Cliente frecuente
CLI003650,Víctor,Feliciano,Feliciano,M,70,Cajamarca,Cajamarca,Cajamarca,Cliente frecuente
CLI003651,Gloria,Valenzuela,Vigil,F,51,Jesús,Cajamarca,Cajamarca,Cliente ocasional
CLI003652,Armando,Urrutia,Fernández,M,54,Jesús,Cajamarca,Cajamarca,Cliente nuevo
CLI003653,Agustín,Acevedo,Páez,M,37,Jesús,Cajamarca,Cajamarca,Cliente frecuente
CLI003654,Reynaldo,Miranda,Reséndez,M,59,Cajamarca,Cajamarca,Cajamarca,Cliente frecuente
CLI003655,Guadalupe,Beltrán,Muro,F,65,Jesús,Cajamarca,Cajamarca,Cliente ocasional
CLI003656,Wendolin,Terán,Medrano,F,65,Matara,Cajamarca,Cajamarca,Cliente nuevo
CLI003657,Lucía,Roldán,Segovia,F,58,Cajamarca,Cajamarca,Cajamarca,Cliente ocasional
CLI003658,Gabino,Becerra,Nevárez,M,18,La Encañada,Cajamarca,Cajamarca,Cliente ocasional
CLI003659,Blanca,Osorio,Ayala,F,67,Baños del Inca,Cajamarca,Cajamarca,Cliente ocasional
CLI003660,Santiago,Leyva,Burgos,M,36,Jesús,Cajamarca,Cajamarca,Cliente ocasional
CLI003661,Modesto,Oquendo,Molina,M,57,Cajamarca,Cajamarca,Cajamarca,Cliente ocasional
CLI003662,Fidel,Badillo,Ozuna,M,71,Cajamarca,Cajamarca,Cajamarca,Cliente frecuente
CLI003663,Hernán,Gamez,Medina,M,71,Baños del Inca,Cajamarca,Cajamarca,Cliente frecuente
CLI003664,Luisa,Sepúlveda,Frías,F,50,Baños del Inca,Cajamarca,Cajamarca,Cliente ocasional
CLI003665,Gustavo,Irizarry,Tejada,M,51,Llacanora,Cajamarca,Cajamarca,Cliente ocasional
CLI003666,Julio César,Ybarra,Gamboa,M,73,Cajamarca,Cajamarca,Cajamarca,Cliente frecuente
CLI003667,Abel,Bahena,Montaño,M,18,Cajamarca,Cajamarca,Cajamarca,Cliente ocasional
CLI003668,Celia,Perales,Espino,F,63,Baños del Inca,Cajamarca,Cajamarca,Cliente ocasional
CLI003669,César,Rentería,Durán,M,33,Matara,Cajamarca,Cajamarca,Cliente ocasional
CLI003670,Nadia,Sanabria,Gallardo,F,45,La Encañada,Cajamarca,Cajamarca,Cliente ocasional
CLI003671,Raquel,Cuellar,Barraza,F,70,Cajamarca,Cajamarca,Cajamarca,Cliente nuevo
CLI003672,Ofelia,Rojo,Zayas,F,71,La Encañada,Cajamarca,Cajamarca,Cliente frecuente
CLI003673,Laura,Navarro,Ramírez,F,54,Cajamarca,Cajamarca,Cajamarca,Cliente frecuente
CLI003674,Reynaldo,Ponce,Pantoja,M,76,Jesús,Cajamarca,Cajamarca,Cliente ocasional
CLI003675,Marcos,Verdugo,Carrasco,M,56,Namora,Cajamarca,Cajamarca,Cliente nuevo
CLI003676,Cristal,López,Burgos,F,57,La Encañada,Cajamarca,Cajamarca,Cliente frecuente
CLI003677,Isaac,Garibay,Menchaca,M,73,Cajamarca,Cajamarca,Cajamarca,Cliente frecuente
CLI003678,Héctor,de la Crúz,Duarte,M,62,La Encañada,Cajamarca,Cajamarca,Cliente frecuente
CLI003679,Armando,Padrón,Echeverría,M,23,Cajamarca,Cajamarca,Cajamarca,Cliente ocasional
CLI003680,Augusto,Ramos,Arteaga,M,50,Jesús,Cajamarca,Cajamarca,Cliente ocasional
CLI003681,Ana,Reséndez,Arredondo,F,42,Baños del Inca,Cajamarca,Cajamarca,Cliente ocasional
CLI003682,Luis Miguel,Dueñas,Vallejo,M,33,Cajamarca,Cajamarca,Cajamarca,Cliente frecuente
CLI003683,Nadia,Paredes,Olivo,F,59,Jesús,Cajamarca,Cajamarca,Cliente ocasional
CLI003684,Nicolás,Montañez,Alfaro,M,63,La Encañada,Cajamarca,Cajamarca,Cliente ocasional
CLI003685,Eloisa,Soliz,Rico,F,46,Baños del Inca,Cajamarca,Cajamarca,Cliente ocasional
CLI003686,Liliana,Gaitán,Aguayo,F,18,Cajamarca,Cajamarca,Cajamarca,Cliente nuevo
CLI003687,Frida,Armendáriz,Barrios,F,36,Matara,Cajamarca,Cajamarca,Cliente ocasional
CLI003688,Soledad,Ruiz,Báez,F,66,Baños del Inca,Cajamarca,Cajamarca,Cliente frecuente
CLI003689,Yolanda,Trejo,del Río,F,63,Baños del Inca,Cajamarca,Cajamarca,Cliente ocasional
CLI003690,Augusto,Ybarra,Espinal,M,33,Cajamarca,Cajamarca,Cajamarca,Cliente ocasional
CLI003691,Estela,Gamboa,Esparza,F,71,Namora,Cajamarca,Cajamarca,Cliente nuevo
CLI003692,Rebeca,Martínez,Alonso,F,69,Baños del Inca,Cajamarca,Cajamarca,Cliente ocasional
CLI003693,Ignacio,Flórez,Lozada,M,62,Cajamarca,Cajamarca,Cajamarca,Cliente frecuente
CLI003694,Gerónimo,Rosario,Ybarra,M,67,Cajamarca,Cajamarca,Cajamarca,Cliente frecuente
CLI003695,Oswaldo,Vigil,Treviño,M,71,Cajamarca,Cajamarca,Cajamarca,Cliente nuevo
CLI003696,Cornelio,Valdez,Espinoza,M,19,Baños del Inca,Cajamarca,Cajamarca,Cliente ocasional
CLI003697,Alberto,Segura,Ríos,M,82,Cajamarca,Cajamarca,Cajamarca,Cliente ocasional
CLI003698,Alfredo,Gutiérrez,Meza,M,66,Baños del Inca,Cajamarca,Cajamarca,Cliente ocasional
CLI003699,Georgina,Ordóñez,Godínez,F,50,Cajamarca,Cajamarca,Cajamarca,Cliente frecuente
CLI003700,Horacio,Valladares,Mesa,M,70,Cajamarca,Cajamarca,Cajamarca,Cliente ocasional
CLI003701,Esparta,Anguiano,Arreola,F,27,Cajamarca,Cajamarca,Cajamarca,Cliente frecuente
CLI003702,Martha,Yáñez,Almonte,F,23,Cajamarca,Cajamarca,Cajamarca,Cliente nuevo
CLI003703,Pablo,Contreras,de la Torre,M,39,Cajamarca,Cajamarca,Cajamarca,Cliente ocasional
CLI003704,Aurora,Villaseñor,Rodríguez,F,46,Cajamarca,Cajamarca,Cajamarca,Cliente frecuente
CLI003705,Dulce María,Mireles,Guillen,F,26,Matara,Cajamarca,Cajamarca,Cliente ocasional
CLI003706,Noelia,Aguilera,Arevalo,F,55,Cajamarca,Cajamarca,Cajamarca,Cliente ocasional
CLI003707,Felix,Espinal,Collado,M,50,Cajamarca,Cajamarca,Cajamarca,Cliente ocasional
CLI003708,Claudia,Rosales,Leiva,F,29,Cajamarca,Cajamarca,Cajamarca,Cliente nuevo
CLI003709,Diego,Zambrano,Valadez,M,61,Baños del Inca,Cajamarca,Cajamarca,Cliente ocasional
CLI003710,Germán,Molina,Núñez,M,70,Cajamarca,Cajamarca,Cajamarca,Cliente ocasional
CLI003711,Jerónimo,Esquivel,Aguayo,M,83,Baños del Inca,Cajamarca,Cajamarca,Cliente nuevo
CLI003712,Martín,Barrera,Solorzano,M,42,La Encañada,Cajamarca,Cajamarca,Cliente nuevo
CLI003713,Eugenio,Aguirre,Casanova,M,63,Llacanora,Cajamarca,Cajamarca,Cliente nuevo
CLI003714,Julia,Aponte,Vera,F,64,Cajamarca,Cajamarca,Cajamarca,Cliente frecuente
CLI003715,Tomás,Pelayo,Almanza,M,61,Namora,Cajamarca,Cajamarca,Cliente nuevo
CLI003716,Concepción,Contreras,Abreu,F,21,Namora,Cajamarca,Cajamarca,Cliente ocasional
CLI003717,María Cristina,Peres,Galindo,F,69,Matara,Cajamarca,Cajamarca,Cliente ocasional
CLI003718,Reina,Delgado,Bustamante,F,51,Namora,Cajamarca,Cajamarca,Cliente nuevo
CLI003719,Sofía,Corral,Quintana,F,77,Baños del Inca,Cajamarca,Cajamarca,Cliente frecuente
CLI003720,Aida,Chapa,Amaya,F,58,Llacanora,Cajamarca,Cajamarca,Cliente frecuente
CLI003721,Aida,Angulo,Flores,F,30,Cajamarca,Cajamarca,Cajamarca,Cliente ocasional
CLI003722,María José,Montañez,Casas,F,60,Namora,Cajamarca,Cajamarca,Cliente nuevo
CLI003723,Liliana,Sáenz,Carvajal,F,54,Cajamarca,Cajamarca,Cajamarca,Cliente nuevo
CLI003724,Juana,Cornejo,Linares,F,84,La Encañada,Cajamarca,Cajamarca,Cliente ocasional
CLI003725,Concepción,Rodarte,Mascareñas,F,47,Jesús,Cajamarca,Cajamarca,Cliente ocasional
CLI003726,Sandra,Romero,Alcaraz,F,53,La Encañada,Cajamarca,Cajamarca,Cliente ocasional
CLI003727,María Cristina,Dueñas,Carmona,F,82,La Encañada,Cajamarca,Cajamarca,Cliente frecuente
CLI003728,Antonia,Miranda,Saavedra,F,40,La Encañada,Cajamarca,Cajamarca,Cliente ocasional
CLI003729,Verónica,Carrero,Porras,F,84,Llacanora,Cajamarca,Cajamarca,Cliente frecuente
CLI003730,Sergio,Cotto,Tapia,M,51,Jesús,Cajamarca,Cajamarca,Cliente ocasional
CLI003731,Juana,Quesada,Valenzuela,F,23,La Encañada,Cajamarca,Cajamarca,Cliente ocasional
CLI003732,Yeni,Marrero,Caraballo,F,41,Cajamarca,Cajamarca,Cajamarca,Cliente nuevo
CLI003733,Catalina,Murillo,Corral,F,72,Cajamarca,Cajamarca,Cajamarca,Cliente ocasional
CLI003734,Elisa,Guardado,Ávila,F,85,Matara,Cajamarca,Cajamarca,Cliente ocasional
CLI003735,Bernabé,Aragón,Guerra,M,38,Cajamarca,Cajamarca,Cajamarca,Cliente nuevo
CLI003736,Julio,Camarillo,Saavedra,M,59,Cajamarca,Cajamarca,Cajamarca,Cliente ocasional
CLI003737,Dulce,Fonseca,Naranjo,F,82,Namora,Cajamarca,Cajamarca,Cliente frecuente
CLI003738,Carolina,Rodríquez,Aranda,F,73,Jesús,Cajamarca,Cajamarca,Cliente ocasional
CLI003739,Aida,Corona,Montes,F,50,La Encañada,Cajamarca,Cajamarca,Cliente ocasional
CLI003740,Margarita,Sotelo,Negrón,F,33,Jesús,Cajamarca,Cajamarca,Cliente ocasional
CLI003741,Aurora,Botello,Munguía,F,65,La Encañada,Cajamarca,Cajamarca,Cliente ocasional
CLI003742,Leonardo,Casares,Heredia,M,66,La Encañada,Cajamarca,Cajamarca,Cliente ocasional
CLI003743,Alberto,Ballesteros,Cantú,M,43,Baños del Inca,Cajamarca,Cajamarca,Cliente ocasional
CLI003744,Perla,Haro,Rico,F,47,Baños del Inca,Cajamarca,Cajamarca,Cliente frecuente
CLI003745,Conchita,Guardado,Leyva,F,44,Cajamarca,Cajamarca,Cajamarca,Cliente frecuente
CLI003746,Emilia,Monroy,Baca,F,65,Cajamarca,Cajamarca,Cajamarca,Cliente ocasional
CLI003747,David,Galindo,Corona,M,25,Cajamarca,Cajamarca,Cajamarca,Cliente frecuente
CLI003748,Rolando,Cruz,Cantú,M,57,Cajamarca,Cajamarca,Cajamarca,Cliente frecuente
CLI003749,Sessa,Reséndez,Salgado,F,70,Llacanora,Cajamarca,Cajamarca,Cliente frecuente
CLI003750,Francisco,Corral,Flores,M,65,Matara,Cajamarca,Cajamarca,Cliente frecuente
CLI003751,Zeferino,Ávila,Quesada,M,56,Baños del Inca,Cajamarca,Cajamarca,Cliente nuevo
CLI003752,Sonia,Salas,Tijerina,F,47,La Encañada,Cajamarca,Cajamarca,Cliente nuevo
CLI003753,Jerónimo,Medrano,Miranda,M,77,Cajamarca,Cajamarca,Cajamarca,Cliente ocasional
CLI003754,Enrique,Flores,Salcido,M,66,Cajamarca,Cajamarca,Cajamarca,Cliente frecuente
CLI003755,Flavio,Navarro,Valle,M,60,Cajamarca,Cajamarca,Cajamarca,Cliente nuevo
CLI003756,Isaac,Santiago,Salcedo,M,20,Llacanora,Cajamarca,Cajamarca,Cliente ocasional
CLI003757,Jorge,Lugo,Preciado,M,42,Jesús,Cajamarca,Cajamarca,Cliente frecuente
CLI003758,Ramón,Valadez,Palomino,M,75,Cajamarca,Cajamarca,Cajamarca,Cliente frecuente
CLI003759,Elvia,Varela,Orellana,F,31,Baños del Inca,Cajamarca,Cajamarca,Cliente ocasional
CLI003760,Magdalena,Muñiz,Jaime,F,84,Cajamarca,Cajamarca,Cajamarca,Cliente frecuente
CLI003761,Margarita,Ceballos,Burgos,F,36,Baños del Inca,Cajamarca,Cajamarca,Cliente ocasional
CLI003762,Nelly,Alvarez,Cepeda,F,82,Matara,Cajamarca,Cajamarca,Cliente frecuente
CLI003763,Claudia,Aguayo,Villarreal,F,43,La Encañada,Cajamarca,Cajamarca,Cliente ocasional
CLI003764,Adriana,Hinojosa,Salgado,F,31,Namora,Cajamarca,Cajamarca,Cliente ocasional
CLI003765,Rocío,Guevara,Vargas,F,63,Llacanora,Cajamarca,Cajamarca,Cliente frecuente
CLI003766,Dalia,Ramos,Farías,F,55,Baños del Inca,Cajamarca,Cajamarca,Cliente nuevo
CLI003767,Julio,Verduzco,Rascón,M,31,Baños del Inca,Cajamarca,Cajamarca,Cliente ocasional
CLI003768,Víctor,Saucedo,Montañez,M,21,Cajamarca,Cajamarca,Cajamarca,Cliente nuevo
CLI003769,Leonardo,Arias,Trejo,M,83,Matara,Cajamarca,Cajamarca,Cliente ocasional
CLI003770,José María,Tovar,Carvajal,M,46,Llacanora,Cajamarca,Cajamarca,Cliente ocasional
CLI003771,Reina,Badillo,Verduzco,F,68,Matara,Cajamarca,Cajamarca,Cliente frecuente
CLI003772,Karina,Serna,Saucedo,F,59,Baños del Inca,Cajamarca,Cajamarca,Cliente ocasional
CLI003773,Jaime,Fernández,Casillas,M,52,Matara,Cajamarca,Cajamarca,Cliente nuevo
CLI003774,Andrés,Ortega,Zayas,M,85,Cajamarca,Cajamarca,Cajamarca,Cliente nuevo
CLI003775,Helena,Briseño,Bustos,F,57,Llacanora,Cajamarca,Cajamarca,Cliente frecuente
CLI003776,Benito,Franco,Arreola,M,61,Cajamarca,Cajamarca,Cajamarca,Cliente ocasional
CLI003777,María Elena,Carrero,Marroquín,F,66,Cajamarca,Cajamarca,Cajamarca,Cliente ocasional
CLI003778,Natalia,Ballesteros,Medrano,F,58,Cajamarca,Cajamarca,Cajamarca,Cliente nuevo
CLI003779,Hugo,Rosas,Zelaya,M,29,Cajamarca,Cajamarca,Cajamarca,Cliente ocasional
CLI003780,Miguel Ángel,Soto,Perea,M,21,Jesús,Cajamarca,Cajamarca,Cliente frecuente
CLI003781,Mónica,Guerrero,Guevara,F,81,Cajamarca,Cajamarca,Cajamarca,Cliente nuevo
CLI003782,Rodolfo,Soria,Cantú,M,73,Baños del Inca,Cajamarca,Cajamarca,Cliente ocasional
CLI003783,Luis,Calderón,Sisneros,M,42,Cajamarca,Cajamarca,Cajamarca,Cliente nuevo
CLI003784,Dalia,Zaragoza,Torres,F,79,Llacanora,Cajamarca,Cajamarca,Cliente ocasional
CLI003785,José Carlos,Corona,Zambrano,M,56,Baños del Inca,Cajamarca,Cajamarca,Cliente ocasional
CLI003786,Leonel,Gamboa,Guardado,M,70,Cajamarca,Cajamarca,Cajamarca,Cliente ocasional
CLI003787,Rosario,Ledesma,Mondragón,F,32,Matara,Cajamarca,Cajamarca,Cliente ocasional
CLI003788,Eugenio,de la Garza,Cuellar,M,50,Cajamarca,Cajamarca,Cajamarca,Cliente ocasional
CLI003789,Marisol,Santacruz,Feliciano,F,26,Baños del Inca,Cajamarca,Cajamarca,Cliente frecuente
CLI003790,Hugo,Guajardo,Rojas,M,74,Cajamarca,Cajamarca,Cajamarca,Cliente ocasional
CLI003791,José Carlos,Tello,Guevara,M,23,Jesús,Cajamarca,Cajamarca,Cliente ocasional
CLI003792,Irma,Laureano,Madrigal,F,35,Cajamarca,Cajamarca,Cajamarca,Cliente ocasional
CLI003793,Timoteo,Maya,Chacón,M,75,Cajamarca,Cajamarca,Cajamarca,Cliente nuevo
CLI003794,Lorena,Rosado,Madrid,F,33,Matara,Cajamarca,Cajamarca,Cliente nuevo
CLI003795,Irene,Trejo,Carvajal,F,32,Cajamarca,Cajamarca,Cajamarca,Cliente ocasional
CLI003796,Modesto,Ramón,Monroy,M,35,Namora,Cajamarca,Cajamarca,Cliente ocasional
CLI003797,Ramiro,Tijerina,Colunga,M,24,Llacanora,Cajamarca,Cajamarca,Cliente ocasional
CLI003798,Cristal,Noriega,Malave,F,78,La Encañada,Cajamarca,Cajamarca,Cliente ocasional
CLI003799,Rodolfo,Segura,Marín,M,55,Baños del Inca,Cajamarca,Cajamarca,Cliente ocasional
CLI003800,Berta,Carvajal,Barraza,F,31,Llacanora,Cajamarca,Cajamarca,Cliente ocasional
CLI003801,Iván,Concepción,Madera,M,56,Llacanora,Cajamarca,Cajamarca,Cliente frecuente
CLI003802,Julio César,Tello,Ruiz,M,42,Cajamarca,Cajamarca,Cajamarca,Cliente nuevo
CLI003803,Elena,Ochoa,Matos,F,52,Cajamarca,Cajamarca,Cajamarca,Cliente ocasional
CLI003804,Abril,Girón,Haro,F,43,Llacanora,Cajamarca,Cajamarca,Cliente nuevo
CLI003805,Mayte,Viera,Ceja,F,58,Cajamarca,Cajamarca,Cajamarca,Cliente ocasional
CLI003806,Lourdes,Cordero,Padrón,F,60,La Encañada,Cajamarca,Cajamarca,Cliente ocasional
CLI003807,Marcos,Acevedo,Arriaga,M,33,Baños del Inca,Cajamarca,Cajamarca,Cliente frecuente
CLI003808,Dulce María,Partida,Esquibel,F,29,Baños del Inca,Cajamarca,Cajamarca,Cliente ocasional
CLI003809,Araceli,Bernal,Chavarría,F,56,Jesús,Cajamarca,Cajamarca,Cliente frecuente
CLI003810,Isabela,Rodríguez,Coronado,F,39,Cajamarca,Cajamarca,Cajamarca,Cliente ocasional
CLI003811,Gerónimo,Ferrer,Vela,M,54,Cajamarca,Cajamarca,Cajamarca,Cliente nuevo
CLI003812,Reynaldo,Palomino,Jurado,M,27,Cajamarca,Cajamarca,Cajamarca,Cliente nuevo
CLI003813,Bruno,Garrido,Aponte,M,83,Jesús,Cajamarca,Cajamarca,Cliente frecuente
CLI003814,Diana,Benavídez,Bahena,F,60,La Encañada,Cajamarca,Cajamarca,Cliente frecuente
CLI003815,Zoé,Baca,Magaña,F,20,Cajamarca,Cajamarca,Cajamarca,Cliente frecuente
CLI003816,Leticia,Zarate,Vanegas,F,73,Jesús,Cajamarca,Cajamarca,Cliente ocasional
CLI003817,Trinidad,Farías,Brito,F,30,Cajamarca,Cajamarca,Cajamarca,Cliente ocasional
CLI003818,Anel,Zaragoza,Echeverría,F,68,Jesús,Cajamarca,Cajamarca,Cliente ocasional
CLI003819,Catalina,Collado,Pabón,F,40,Baños del Inca,Cajamarca,Cajamarca,Cliente ocasional
CLI003820,Rebeca,Ochoa,Cano,F,59,Baños del Inca,Cajamarca,Cajamarca,Cliente ocasional
CLI003821,Marcela,Granado,Jáquez,F,82,Jesús,Cajamarca,Cajamarca,Cliente frecuente
CLI003822,Javier,Quintanilla,Alarcón,M,75,Cajamarca,Cajamarca,Cajamarca,Cliente ocasional
CLI003823,Vanesa,Galindo,Nieves,F,33,Baños del Inca,Cajamarca,Cajamarca,Cliente ocasional
CLI003824,Felix,Ojeda,Rentería,M,72,Baños del Inca,Cajamarca,Cajamarca,Cliente frecuente
CLI003825,Gregorio,Granado,Alcántar,M,40,Namora,Cajamarca,Cajamarca,Cliente nuevo
CLI003826,Dalia,Huerta,Correa,F,81,Jesús,Cajamarca,Cajamarca,Cliente ocasional
CLI003827,Indira,Cepeda,Corona,F,43,Cajamarca,Cajamarca,Cajamarca,Cliente frecuente
CLI003828,Uriel,de León,Estrada,M,70,Jesús,Cajamarca,Cajamarca,Cliente frecuente
CLI003829,Rodolfo,Valenzuela,Castellanos,M,38,La Encañada,Cajamarca,Cajamarca,Cliente nuevo
CLI003830,Rocío,Flores,Salazar,F,48,Cajamarca,Cajamarca,Cajamarca,Cliente ocasional
CLI003831,Mónica,Camarillo,Bermúdez,F,36,Cajamarca,Cajamarca,Cajamarca,Cliente ocasional
CLI003832,Delia,Rico,Esquibel,F,39,Baños del Inca,Cajamarca,Cajamarca,Cliente frecuente
CLI003833,Patricio,Sisneros,Soria,M,49,Cajamarca,Cajamarca,Cajamarca,Cliente frecuente
CLI003834,Lucía,Benavídez,Sauceda,F,38,Cajamarca,Cajamarca,Cajamarca,Cliente ocasional
CLI003835,Marisol,Matos,Mora,F,27,Cajamarca,Cajamarca,Cajamarca,Cliente ocasional
CLI003836,Ramón,Carrillo,Viera,M,25,Cajamarca,Cajamarca,Cajamarca,Cliente ocasional
CLI003837,Angélica,Valentín,Altamirano,F,49,Cajamarca,Cajamarca,Cajamarca,Cliente nuevo
CLI003838,Patricia,Chávez,Orosco,F,61,Jesús,Cajamarca,Cajamarca,Cliente ocasional
CLI003839,Andrea,Garza,Elizondo,F,68,Baños del Inca,Cajamarca,Cajamarca,Cliente frecuente
CLI003840,Norma,Vergara,Casanova,F,44,Cajamarca,Cajamarca,Cajamarca,Cliente frecuente
CLI003841,Evelio,Mascareñas,Jimínez,M,40,Llacanora,Cajamarca,Cajamarca,Cliente ocasional
CLI003842,Gabino,Roybal,Escalante,M,21,Baños del Inca,Cajamarca,Cajamarca,Cliente frecuente
CLI003843,Mercedes,Mora,Ávalos,F,59,Cajamarca,Cajamarca,Cajamarca,Cliente frecuente
CLI003844,Alejandro,Cadena,Valadez,M,21,Cajamarca,Cajamarca,Cajamarca,Cliente ocasional
CLI003845,Aldo,Mojica,Pichardo,M,43,Matara,Cajamarca,Cajamarca,Cliente ocasional
CLI003846,Carla,Porras,Lucio,F,34,La Encañada,Cajamarca,Cajamarca,Cliente ocasional
CLI003847,Felix,Reséndez,Tejeda,M,37,Llacanora,Cajamarca,Cajamarca,Cliente ocasional
CLI003848,Jos,Ontiveros,Esparza,M,83,Cajamarca,Cajamarca,Cajamarca,Cliente frecuente
CLI003849,Manuel,Zamora,Ortiz,M,48,Cajamarca,Cajamarca,Cajamarca,Cliente ocasional
CLI003850,Sergio,Tórrez,Tamez,M,77,Llacanora,Cajamarca,Cajamarca,Cliente nuevo
CLI003851,Roberto,Villanueva,Navarrete,M,24,Jesús,Cajamarca,Cajamarca,Cliente ocasional
CLI003852,Noelia,Perales,Núñez,F,73,Cajamarca,Cajamarca,Cajamarca,Cliente nuevo
CLI003853,Gabriela,Valles,Valdez,F,54,Baños del Inca,Cajamarca,Cajamarca,Cliente ocasional
CLI003854,Rufino,Elizondo,Nevárez,M,53,Cajamarca,Cajamarca,Cajamarca,Cliente ocasional
CLI003855,Judith,Ornelas,Martínez,F,21,La Encañada,Cajamarca,Cajamarca,Cliente frecuente
CLI003856,Jacobo,Otero,Aparicio,M,19,Cajamarca,Cajamarca,Cajamarca,Cliente frecuente
CLI003857,Sessa,Barrios,Lara,F,61,Cajamarca,Cajamarca,Cajamarca,Cliente ocasional
CLI003858,Homero,Nevárez,Amaya,M,81,La Encañada,Cajamarca,Cajamarca,Cliente frecuente
CLI003859,Mauricio,Riojas,Anguiano,M,56,Cajamarca,Cajamarca,Cajamarca,Cliente frecuente
CLI003860,David,Marrero,Flores,M,43,Jesús,Cajamarca,Cajamarca,Cliente frecuente
CLI003861,Silvano,Peña,Sandoval,M,68,Baños del Inca,Cajamarca,Cajamarca,Cliente nuevo
CLI003862,Jorge,Bravo,Ramírez,M,40,Cajamarca,Cajamarca,Cajamarca,Cliente ocasional
CLI003863,Pablo,Patiño,Ruelas,M,80,Jesús,Cajamarca,Cajamarca,Cliente ocasional
CLI003864,Alfredo,Téllez,Almanza,M,58,Llacanora,Cajamarca,Cajamarca,Cliente ocasional
CLI003865,Nayeli,Salcedo,Ballesteros,F,30,Baños del Inca,Cajamarca,Cajamarca,Cliente ocasional
CLI003866,Abigail,Quintero,Salas,F,84,Baños del Inca,Cajamarca,Cajamarca,Cliente ocasional
CLI003867,Eugenia,Figueroa,Flores,F,49,Cajamarca,Cajamarca,Cajamarca,Cliente ocasional
CLI003868,Luis Manuel,Sepúlveda,Aragón,M,85,Jesús,Cajamarca,Cajamarca,Cliente frecuente
CLI003869,Nelly,Carvajal,Enríquez,F,65,Llacanora,Cajamarca,Cajamarca,Cliente ocasional
CLI003870,Andrés,de la Torre,Chacón,M,53,Llacanora,Cajamarca,Cajamarca,Cliente ocasional
CLI003871,Guillermina,Segovia,Fuentes,F,69,Llacanora,Cajamarca,Cajamarca,Cliente nuevo
CLI003872,Porfirio,Cantú,Díaz,M,49,Cajamarca,Cajamarca,Cajamarca,Cliente frecuente
CLI003873,Citlali,Alarcón,Quiroz,F,23,Jesús,Cajamarca,Cajamarca,Cliente nuevo
CLI003874,Jorge Luis,Hurtado,Olivas,M,27,La Encañada,Cajamarca,Cajamarca,Cliente frecuente
CLI003875,Genaro,Alcala,Jaimes,M,84,Namora,Cajamarca,Cajamarca,Cliente nuevo
CLI003876,Leonel,Vaca,Salinas,M,83,Jesús,Cajamarca,Cajamarca,Cliente frecuente
CLI003877,Alfredo,Garica,Pedroza,M,28,Cajamarca,Cajamarca,Cajamarca,Cliente ocasional
CLI003878,Socorro,Madera,Vega,F,61,Cajamarca,Cajamarca,Cajamarca,Cliente ocasional
CLI003879,Nancy,Irizarry,Vanegas,F,81,Baños del Inca,Cajamarca,Cajamarca,Cliente nuevo
CLI003880,Concepción,Perea,Olivera,F,24,Baños del Inca,Cajamarca,Cajamarca,Cliente frecuente
CLI003881,María Cristina,Rentería,Zayas,F,25,Namora,Cajamarca,Cajamarca,Cliente ocasional
CLI003882,Israel,Garza,Contreras,M,71,La Encañada,Cajamarca,Cajamarca,Cliente ocasional
CLI003883,Pablo,Garay,Villanueva,M,52,Baños del Inca,Cajamarca,Cajamarca,Cliente ocasional
CLI003884,Lourdes,Ruelas,Posada,F,59,Baños del Inca,Cajamarca,Cajamarca,Cliente frecuente
CLI003885,Helena,Briones,Jaimes,F,34,Llacanora,Cajamarca,Cajamarca,Cliente ocasional
CLI003886,Francisca,Velázquez,Paredes,F,40,Matara,Cajamarca,Cajamarca,Cliente frecuente
CLI003887,Santiago,Rivas,Alfaro,M,34,Cajamarca,Cajamarca,Cajamarca,Cliente frecuente
CLI003888,Noelia,Venegas,Centeno,F,69,Namora,Cajamarca,Cajamarca,Cliente frecuente
CLI003889,Jos,Villegas,Hernandes,M,48,Matara,Cajamarca,Cajamarca,Cliente frecuente
CLI003890,María Eugenia,Guevara,Melgar,F,48,Jesús,Cajamarca,Cajamarca,Cliente ocasional
CLI003891,Gustavo,Bahena,Ozuna,M,68,Matara,Cajamarca,Cajamarca,Cliente ocasional
CLI003892,Guadalupe,Candelaria,Grijalva,F,58,Jesús,Cajamarca,Cajamarca,Cliente ocasional
CLI003893,Rocío,Rangel,Navarro,F,63,Llacanora,Cajamarca,Cajamarca,Cliente nuevo
CLI003894,Carolina,Arredondo,Caballero,F,24,Cajamarca,Cajamarca,Cajamarca,Cliente ocasional
CLI003895,Gabriel,Pulido,Centeno,M,59,Cajamarca,Cajamarca,Cajamarca,Cliente nuevo
CLI003896,Lucas,Cervántez,Nieto,M,79,Cajamarca,Cajamarca,Cajamarca,Cliente ocasional
CLI003897,Sofía,Villagómez,Portillo,F,29,La Encañada,Cajamarca,Cajamarca,Cliente ocasional
CLI003898,Abel,Alvarado,Menéndez,M,77,La Encañada,Cajamarca,Cajamarca,Cliente ocasional
CLI003899,Óliver,Hurtado,Blanco,M,55,Cajamarca,Cajamarca,Cajamarca,Cliente ocasional
CLI003900,Marcos,López,Castro,M,60,Baños del Inca,Cajamarca,Cajamarca,Cliente ocasional
CLI003901,Pilar,Holguín,Salinas,F,64,Jesús,Cajamarca,Cajamarca,Cliente frecuente
CLI003902,Eric,Jaime,Duarte,M,26,Cajamarca,Cajamarca,Cajamarca,Cliente ocasional
CLI003903,Laura,Villaseñor,Contreras,F,46,Cajamarca,Cajamarca,Cajamarca,Cliente frecuente
CLI003904,Inés,Gómez,Rivera,F,56,Namora,Cajamarca,Cajamarca,Cliente frecuente
CLI003905,Cornelio,Alba,Arredondo,M,45,Cajamarca,Cajamarca,Cajamarca,Cliente frecuente
CLI003906,José Luis,Escobedo,Perea,M,85,Cajamarca,Cajamarca,Cajamarca,Cliente nuevo
CLI003907,María Cristina,Chapa,Valadez,F,33,Llacanora,Cajamarca,Cajamarca,Cliente ocasional
CLI003908,Horacio,Quezada,Valverde,M,39,Baños del Inca,Cajamarca,Cajamarca,Cliente nuevo
CLI003909,Mateo,Garrido,Garibay,M,69,Llacanora,Cajamarca,Cajamarca,Cliente frecuente
CLI003910,Antonia,Patiño,Villagómez,F,20,La Encañada,Cajamarca,Cajamarca,Cliente ocasional
CLI003911,Evelio,Márquez,Barajas,M,36,Jesús,Cajamarca,Cajamarca,Cliente frecuente
CLI003912,Isaac,Domínguez,Mota,M,39,La Encañada,Cajamarca,Cajamarca,Cliente ocasional
CLI003913,Yuridia,Guevara,Villalpando,F,73,Cajamarca,Cajamarca,Cajamarca,Cliente nuevo
CLI003914,Andrea,Valdés,Jaimes,F,61,Matara,Cajamarca,Cajamarca,Cliente frecuente
CLI003915,Gilberto,Adame,Jaramillo,M,77,Llacanora,Cajamarca,Cajamarca,Cliente ocasional
CLI003916,Ángela,Cotto,Reyna,F,32,Baños del Inca,Cajamarca,Cajamarca,Cliente nuevo
CLI003917,Ricardo,Fierro,Collazo,M,67,Llacanora,Cajamarca,Cajamarca,Cliente ocasional
CLI003918,Héctor,Vallejo,Sanches,M,18,Llacanora,Cajamarca,Cajamarca,Cliente nuevo
CLI003919,José Manuél,Montaño,Verduzco,M,75,Baños del Inca,Cajamarca,Cajamarca,Cliente nuevo
CLI003920,Luis Miguel,Cardenas,Espinosa,M,65,Cajamarca,Cajamarca,Cajamarca,Cliente nuevo
CLI003921,María del Carmen,Laboy,Padilla,F,67,Cajamarca,Cajamarca,Cajamarca,Cliente frecuente
CLI003922,Luis Manuel,Guardado,Chacón,M,19,Baños del Inca,Cajamarca,Cajamarca,Cliente ocasional
CLI003923,Clemente,Rosario,de la Garza,M,22,Namora,Cajamarca,Cajamarca,Cliente frecuente
CLI003924,Leticia,Flórez,Posada,F,73,Cajamarca,Cajamarca,Cajamarca,Cliente nuevo
CLI003925,Susana,Rentería,Sisneros,F,72,Cajamarca,Cajamarca,Cajamarca,Cliente nuevo
CLI003926,Mercedes,Medrano,Cazares,F,40,La Encañada,Cajamarca,Cajamarca,Cliente frecuente
CLI003927,Gabriela,Patiño,Urías,F,34,Baños del Inca,Cajamarca,Cajamarca,Cliente ocasional
CLI003928,Julio,Quintana,Navarrete,M,50,Cajamarca,Cajamarca,Cajamarca,Cliente nuevo
CLI003929,Dalia,Franco,Marrero,F,62,Jesús,Cajamarca,Cajamarca,Cliente frecuente
CLI003930,Manuel,Quintana,Vázquez,M,81,Baños del Inca,Cajamarca,Cajamarca,Cliente ocasional
CLI003931,Adán,Barrios,Jáquez,M,64,Llacanora,Cajamarca,Cajamarca,Cliente ocasional
CLI003932,Liliana,Flores,Palomo,F,39,Jesús,Cajamarca,Cajamarca,Cliente nuevo
CLI003933,Uriel,Rodríguez,Ybarra,M,53,Baños del Inca,Cajamarca,Cajamarca,Cliente nuevo
CLI003934,Alejandro,Aragón,Guzmán,M,30,Jesús,Cajamarca,Cajamarca,Cliente ocasional
CLI003935,Rufino,Montemayor,Serrano,M,71,Baños del Inca,Cajamarca,Cajamarca,Cliente frecuente
CLI003936,Berta,Razo,Muro,F,57,Baños del Inca,Cajamarca,Cajamarca,Cliente frecuente
CLI003937,Rebeca,Laboy,Collado,F,61,Jesús,Cajamarca,Cajamarca,Cliente ocasional
CLI003938,Luisa,Martínez,Navarrete,F,53,Cajamarca,Cajamarca,Cajamarca,Cliente ocasional
CLI003939,Elsa,Zayas,Rodarte,F,67,La Encañada,Cajamarca,Cajamarca,Cliente ocasional
CLI003940,Yeni,Cintrón,Alfaro,F,31,Jesús,Cajamarca,Cajamarca,Cliente nuevo
CLI003941,Sonia,Cepeda,Casillas,F,40,Cajamarca,Cajamarca,Cajamarca,Cliente frecuente
CLI003942,Marisol,Gonzales,Rojas,F,53,Baños del Inca,Cajamarca,Cajamarca,Cliente nuevo
CLI003943,Julio César,Riojas,Estrada,M,84,La Encañada,Cajamarca,Cajamarca,Cliente frecuente
CLI003944,Yuridia,Orozco,Valadez,F,44,Baños del Inca,Cajamarca,Cajamarca,Cliente nuevo
CLI003945,Gregorio,Posada,Bueno,M,29,Llacanora,Cajamarca,Cajamarca,Cliente ocasional
CLI003946,Abraham,Juárez,Terrazas,M,43,Baños del Inca,Cajamarca,Cajamarca,Cliente frecuente
CLI003947,Elias,Zepeda,Sepúlveda,M,59,Baños del Inca,Cajamarca,Cajamarca,Cliente frecuente
CLI003948,Roberto,Carmona,Godoy,M,31,Cajamarca,Cajamarca,Cajamarca,Cliente frecuente
CLI003949,Cecilia,Casillas,Patiño,F,71,Cajamarca,Cajamarca,Cajamarca,Cliente nuevo
CLI003950,Eugenio,Ortiz,Ybarra,M,48,Namora,Cajamarca,Cajamarca,Cliente ocasional
CLI003951,Alfredo,Amador,Véliz,M,65,Baños del Inca,Cajamarca,Cajamarca,Cliente ocasional
CLI003952,Aurelio,Pabón,Ulibarri,M,49,Matara,Cajamarca,Cajamarca,Cliente nuevo
CLI003953,Benito,Santillán,Laboy,M,29,Cajamarca,Cajamarca,Cajamarca,Cliente frecuente
CLI003954,Humberto,Miranda,Naranjo,M,72,Cajamarca,Cajamarca,Cajamarca,Cliente ocasional
CLI003955,Guadalupe,Cano,Acevedo,F,33,Jesús,Cajamarca,Cajamarca,Cliente ocasional
CLI003956,Nancy,Ballesteros,Galván,F,77,Llacanora,Cajamarca,Cajamarca,Cliente ocasional
CLI003957,Dolores,Madrigal,Fernández,F,25,Baños del Inca,Cajamarca,Cajamarca,Cliente frecuente
CLI003958,Micaela,Madrid,Valdez,F,28,Cajamarca,Cajamarca,Cajamarca,Cliente frecuente
CLI003959,Wilfrido,Acosta,Romero,M,61,La Encañada,Cajamarca,Cajamarca,Cliente nuevo
CLI003960,Benjamín,Valles,Garica,M,25,Matara,Cajamarca,Cajamarca,Cliente nuevo
CLI003961,Andrea,Leyva,Avilés,F,70,La Encañada,Cajamarca,Cajamarca,Cliente nuevo
CLI003962,Mercedes,Benítez,Sarabia,F,36,La Encañada,Cajamarca,Cajamarca,Cliente frecuente
CLI003963,Gerónimo,Ornelas,Zepeda,M,43,Cajamarca,Cajamarca,Cajamarca,Cliente nuevo
CLI003964,Bernabé,Rosales,Lara,M,46,Namora,Cajamarca,Cajamarca,Cliente ocasional
CLI003965,Alvaro,Gamez,Madrigal,M,63,Cajamarca,Cajamarca,Cajamarca,Cliente nuevo
CLI003966,Óscar,Niño,Gurule,M,63,Cajamarca,Cajamarca,Cajamarca,Cliente frecuente
CLI003967,Wendolin,Manzanares,Casillas,F,22,Baños del Inca,Cajamarca,Cajamarca,Cliente ocasional
CLI003968,Diana,Roque,Solorio,F,60,Namora,Cajamarca,Cajamarca,Cliente ocasional
CLI003969,Olga,Rojas,Rojas,F,27,La Encañada,Cajamarca,Cajamarca,Cliente nuevo
CLI003970,Ignacio,Castro,Jaimes,M,36,Matara,Cajamarca,Cajamarca,Cliente ocasional
CLI003971,Clara,Orosco,Crespo,F,49,Cajamarca,Cajamarca,Cajamarca,Cliente frecuente
CLI003972,Estela,Tirado,Llamas,F,84,Cajamarca,Cajamarca,Cajamarca,Cliente frecuente
CLI003973,María Luisa,Porras,Flores,F,40,Cajamarca,Cajamarca,Cajamarca,Cliente nuevo
CLI003974,Espartaco,Armenta,Escobedo,M,61,Matara,Cajamarca,Cajamarca,Cliente ocasional
CLI003975,Catalina,Fierro,Luevano,F,60,Llacanora,Cajamarca,Cajamarca,Cliente frecuente
CLI003976,Jorge Luis,Macías,Toro,M,73,Cajamarca,Cajamarca,Cajamarca,Cliente nuevo
CLI003977,Javier,Soria,Rincón,M,18,Matara,Cajamarca,Cajamarca,Cliente ocasional
CLI003978,Mateo,Nazario,Concepción,M,64,Cajamarca,Cajamarca,Cajamarca,Cliente frecuente
CLI003979,Fabiola,Ponce,de León,F,41,Cajamarca,Cajamarca,Cajamarca,Cliente ocasional
CLI003980,Carlota,Calvillo,Santana,F,58,Cajamarca,Cajamarca,Cajamarca,Cliente frecuente
CLI003981,Hilda,Morales,Maya,F,83,Llacanora,Cajamarca,Cajamarca,Cliente nuevo
CLI003982,Abraham,Olivárez,Jiménez,M,76,Jesús,Cajamarca,Cajamarca,Cliente frecuente
CLI003983,Rocío,Moya,Farías,F,39,Cajamarca,Cajamarca,Cajamarca,Cliente nuevo
CLI003984,Berta,Hinojosa,de la Torre,F,62,Jesús,Cajamarca,Cajamarca,Cliente frecuente
CLI003985,Uriel,Alcaraz,Casas,M,39,Baños del Inca,Cajamarca,Cajamarca,Cliente frecuente
CLI003986,Elena,Luna,Rangel,F,65,Llacanora,Cajamarca,Cajamarca,Cliente ocasional
CLI003987,Paulina,Partida,Polanco,F,38,Cajamarca,Cajamarca,Cajamarca,Cliente frecuente
CLI003988,Ana María,Arias,Salcido,F,22,Cajamarca,Cajamarca,Cajamarca,Cliente ocasional
CLI003989,Felipe,Galarza,Jaramillo,M,44,Jesús,Cajamarca,Cajamarca,Cliente ocasional
CLI003990,Jacobo,Cintrón,Sanabria,M,34,Cajamarca,Cajamarca,Cajamarca,Cliente frecuente
CLI003991,Pilar,Lucero,Ocampo,F,80,Cajamarca,Cajamarca,Cajamarca,Cliente nuevo
CLI003992,Micaela,Saucedo,Soria,F,85,Llacanora,Cajamarca,Cajamarca,Cliente ocasional
CLI003993,Angélica,Perea,Arias,F,54,Jesús,Cajamarca,Cajamarca,Cliente nuevo
CLI003994,Iván,Casárez,Rentería,M,65,Baños del Inca,Cajamarca,Cajamarca,Cliente ocasional
CLI003995,Pamela,Campos,Baca,F,18,Baños del Inca,Cajamarca,Cajamarca,Cliente ocasional
CLI003996,Genaro,Perales,Fajardo,M,30,Cajamarca,Cajamarca,Cajamarca,Cliente ocasional
CLI003997,Pascual,Nava,Borrego,M,47,Cajamarca,Cajamarca,Cajamarca,Cliente ocasional
CLI003998,Marisol,Botello,Bétancourt,F,55,Baños del Inca,Cajamarca,Cajamarca,Cliente nuevo
CLI003999,Emilio,Rael,Almaraz,M,74,La Encañada,Cajamarca,Cajamarca,Cliente ocasional
CLI004000,Rufino,Cepeda,Yáñez,M,49,Cajamarca,Cajamarca,Cajamarca,Cliente ocasional
CLI004001,Víctor,Olivera,Cornejo,M,61,Baños del Inca,Cajamarca,Cajamarca,Cliente frecuente
CLI004002,Nicolás,Medina,Jaimes,M,33,Llacanora,Cajamarca,Cajamarca,Cliente frecuente
CLI004003,Violeta,Paredes,Benítez,F,42,Matara,Cajamarca,Cajamarca,Cliente ocasional
CLI004004,Frida,Sánchez,Arias,F,66,Jesús,Cajamarca,Cajamarca,Cliente frecuente
CLI004005,Claudia,Chacón,Bravo,F,81,Matara,Cajamarca,Cajamarca,Cliente ocasional
CLI004006,Antonio,Lucero,Montes,M,76,Cajamarca,Cajamarca,Cajamarca,Cliente nuevo
CLI004007,Verónica,Franco,Cordero,F,58,Cajamarca,Cajamarca,Cajamarca,Cliente nuevo
CLI004008,Nelly,Herrera,Duarte,F,33,Llacanora,Cajamarca,Cajamarca,Cliente frecuente
CLI004009,Virginia,Ceja,Bustamante,F,53,La Encañada,Cajamarca,Cajamarca,Cliente ocasional
CLI004010,Jos,Vera,Espinoza,M,40,Cajamarca,Cajamarca,Cajamarca,Cliente nuevo
CLI004011,Rubén,Gálvez,Melgar,M,24,La Encañada,Cajamarca,Cajamarca,Cliente frecuente
CLI004012,Andrea,Miranda,Orellana,F,45,Jesús,Cajamarca,Cajamarca,Cliente ocasional
CLI004013,Cornelio,Castro,Amaya,M,57,La Encañada,Cajamarca,Cajamarca,Cliente ocasional
CLI004014,Esther,Alejandro,Bétancourt,F,56,Namora,Cajamarca,Cajamarca,Cliente ocasional
CLI004015,Esteban,Jaime,López,M,38,Matara,Cajamarca,Cajamarca,Cliente ocasional
CLI004016,Teresa,Beltrán,Rodríquez,F,78,Cajamarca,Cajamarca,Cajamarca,Cliente frecuente
CLI004017,Iván,Concepción,Avilés,M,18,Baños del Inca,Cajamarca,Cajamarca,Cliente ocasional
CLI004018,Ricardo,Pantoja,Barragán,M,47,Llacanora,Cajamarca,Cajamarca,Cliente ocasional
CLI004019,Roberto,Puga,Godoy,M,19,Llacanora,Cajamarca,Cajamarca,Cliente frecuente
CLI004020,Susana,Ledesma,Macías,F,19,Cajamarca,Cajamarca,Cajamarca,Cliente ocasional
CLI004021,Teresa,Segura,Montalvo,F,41,Baños del Inca,Cajamarca,Cajamarca,Cliente ocasional
CLI004022,Florencia,Aguayo,Pedraza,F,21,Cajamarca,Cajamarca,Cajamarca,Cliente ocasional
CLI004023,Nelly,Segovia,Sotelo,F,69,Llacanora,Cajamarca,Cajamarca,Cliente nuevo
CLI004024,Conchita,Anaya,Concepción,F,19,Llacanora,Cajamarca,Cajamarca,Cliente nuevo
CLI004025,Emilia,Carvajal,Zapata,F,34,Cajamarca,Cajamarca,Cajamarca,Cliente nuevo
CLI004026,Ricardo,Matías,Barragán,M,26,Baños del Inca,Cajamarca,Cajamarca,Cliente frecuente
CLI004027,Noelia,Figueroa,Cisneros,F,55,Cajamarca,Cajamarca,Cajamarca,Cliente ocasional
CLI004028,Sonia,Irizarry,Sarabia,F,71,Cajamarca,Cajamarca,Cajamarca,Cliente nuevo
CLI004029,Micaela,Quintana,Cabrera,F,49,Cajamarca,Cajamarca,Cajamarca,Cliente nuevo
CLI004030,Abraham,Castro,Menchaca,M,63,Jesús,Cajamarca,Cajamarca,Cliente frecuente
CLI004031,Antonio,de la Rosa,Jurado,M,28,Cajamarca,Cajamarca,Cajamarca,Cliente ocasional
CLI004032,Timoteo,Rodríquez,Badillo,M,73,Llacanora,Cajamarca,Cajamarca,Cliente nuevo
CLI004033,Rodolfo,de León,Altamirano,M,79,Baños del Inca,Cajamarca,Cajamarca,Cliente frecuente
CLI004034,Camilo,Quintanilla,Olivo,M,48,Cajamarca,Cajamarca,Cajamarca,Cliente nuevo
CLI004035,Carmen,Villaseñor,Toledo,F,26,Baños del Inca,Cajamarca,Cajamarca,Cliente frecuente
CLI004036,Cristina,Moreno,Armas,F,49,Matara,Cajamarca,Cajamarca,Cliente frecuente
CLI004037,Cecilia,Rico,Montes,F,72,Jesús,Cajamarca,Cajamarca,Cliente frecuente
CLI004038,Cecilia,Rincón,Carbajal,F,66,Baños del Inca,Cajamarca,Cajamarca,Cliente ocasional
CLI004039,Eloisa,Vera,Rendón,F,51,Baños del Inca,Cajamarca,Cajamarca,Cliente ocasional
CLI004040,Esparta,Chapa,Benítez,F,71,Baños del Inca,Cajamarca,Cajamarca,Cliente nuevo
CLI004041,Cristian,Vega,Laboy,M,59,Cajamarca,Cajamarca,Cajamarca,Cliente nuevo
CLI004042,Eric,Rangel,Gómez,M,71,Cajamarca,Cajamarca,Cajamarca,Cliente nuevo
CLI004043,Laura,Gallardo,Gaona,F,24,Baños del Inca,Cajamarca,Cajamarca,Cliente ocasional
CLI004044,Ofelia,Véliz,Martínez,F,58,Cajamarca,Cajamarca,Cajamarca,Cliente frecuente
CLI004045,Abel,Segura,Orozco,M,37,La Encañada,Cajamarca,Cajamarca,Cliente frecuente
CLI004046,Jaqueline,Haro,Arreola,F,28,Baños del Inca,Cajamarca,Cajamarca,Cliente ocasional
CLI004047,Blanca,Vanegas,Gaytán,F,51,Namora,Cajamarca,Cajamarca,Cliente frecuente
CLI004048,Nicolás,Muro,de Jesús,M,25,La Encañada,Cajamarca,Cajamarca,Cliente ocasional
CLI004049,Mauricio,Casárez,Moreno,M,32,Cajamarca,Cajamarca,Cajamarca,Cliente nuevo
CLI004050,Espartaco,Perales,Haro,M,43,Cajamarca,Cajamarca,Cajamarca,Cliente ocasional
CLI004051,Salvador,Tórrez,Loya,M,63,Jesús,Cajamarca,Cajamarca,Cliente nuevo
CLI004052,Darío,Ramos,Vega,M,70,Baños del Inca,Cajamarca,Cajamarca,Cliente frecuente
CLI004053,Uriel,Villegas,Toro,M,78,Llacanora,Cajamarca,Cajamarca,Cliente frecuente
CLI004054,Wilfrido,Ferrer,Hidalgo,M,34,Jesús,Cajamarca,Cajamarca,Cliente ocasional
CLI004055,María José,Armas,Zelaya,F,34,Baños del Inca,Cajamarca,Cajamarca,Cliente frecuente
CLI004056,Iván,Hernádez,Peres,M,22,Llacanora,Cajamarca,Cajamarca,Cliente frecuente
CLI004057,Benjamín,Rincón,Rodríquez,M,61,Matara,Cajamarca,Cajamarca,Cliente ocasional
CLI004058,Natividad,Barrientos,Valverde,F,39,Jesús,Cajamarca,Cajamarca,Cliente nuevo
CLI004059,Francisca,Murillo,Lomeli,F,57,Cajamarca,Cajamarca,Cajamarca,Cliente ocasional
CLI004060,Guillermo,Tirado,Peres,M,44,La Encañada,Cajamarca,Cajamarca,Cliente ocasional
CLI004061,Salma,Rodrígez,Feliciano,F,66,Cajamarca,Cajamarca,Cajamarca,Cliente frecuente
CLI004062,Delia,Rangel,Venegas,F,35,Jesús,Cajamarca,Cajamarca,Cliente ocasional
CLI004063,Liliana,Ornelas,Cadena,F,19,Jesús,Cajamarca,Cajamarca,Cliente frecuente
CLI004064,Rafaél,Lemus,Escalante,M,40,Jesús,Cajamarca,Cajamarca,Cliente ocasional
CLI004065,Ernesto,Luevano,Maldonado,M,66,Cajamarca,Cajamarca,Cajamarca,Cliente nuevo
CLI004066,Jaime,Preciado,Olivares,M,59,Cajamarca,Cajamarca,Cajamarca,Cliente ocasional
CLI004067,Ivonne,Barreto,Martínez,F,65,Cajamarca,Cajamarca,Cajamarca,Cliente frecuente
CLI004068,Inés,de León,Montemayor,F,38,Cajamarca,Cajamarca,Cajamarca,Cliente nuevo
CLI004069,Leonor,Guzmán,Molina,F,22,Baños del Inca,Cajamarca,Cajamarca,Cliente frecuente
CLI004070,Gerónimo,Vélez,Viera,M,35,Cajamarca,Cajamarca,Cajamarca,Cliente frecuente
CLI004071,Nancy,Bonilla,Farías,F,49,Baños del Inca,Cajamarca,Cajamarca,Cliente ocasional
CLI004072,Jonás,Lemus,Rodríguez,M,23,Cajamarca,Cajamarca,Cajamarca,Cliente frecuente
CLI004073,Ramiro,Solorio,Pacheco,M,31,Llacanora,Cajamarca,Cajamarca,Cliente ocasional
CLI004074,Gerónimo,Mora,Ornelas,M,45,Jesús,Cajamarca,Cajamarca,Cliente nuevo
CLI004075,Hilda,Ríos,Rojas,F,74,La Encañada,Cajamarca,Cajamarca,Cliente ocasional
CLI004076,Lourdes,Hernández,Menéndez,F,30,Cajamarca,Cajamarca,Cajamarca,Cliente ocasional
CLI004077,Amanda,Fernández,Tovar,F,78,Baños del Inca,Cajamarca,Cajamarca,Cliente nuevo
CLI004078,Cristina,Estrada,Ochoa,F,77,Cajamarca,Cajamarca,Cajamarca,Cliente nuevo
CLI004079,Marcos,Armas,Sauceda,M,20,La Encañada,Cajamarca,Cajamarca,Cliente ocasional
CLI004080,Carmen,Puente,Valle,F,84,Matara,Cajamarca,Cajamarca,Cliente ocasional
CLI004081,Luis Manuel,Espinosa,Saldivar,M,53,Jesús,Cajamarca,Cajamarca,Cliente ocasional
CLI004082,Zoé,Lugo,Benavides,F,56,Namora,Cajamarca,Cajamarca,Cliente frecuente
CLI004083,Yeni,Mondragón,Naranjo,F,49,Jesús,Cajamarca,Cajamarca,Cliente ocasional
CLI004084,Francisco Javier,Mondragón,Olvera,M,19,Jesús,Cajamarca,Cajamarca,Cliente nuevo
CLI004085,Guillermina,Dávila,Mireles,F,47,Matara,Cajamarca,Cajamarca,Cliente ocasional
CLI004086,Virginia,Navarrete,Prado,F,77,Cajamarca,Cajamarca,Cajamarca,Cliente frecuente
CLI004087,Uriel,Maldonado,Pérez,M,31,Cajamarca,Cajamarca,Cajamarca,Cliente frecuente
CLI004088,Rosalia,Nazario,Sanabria,F,85,Baños del Inca,Cajamarca,Cajamarca,Cliente frecuente
CLI004089,Silvano,Raya,Barrera,M,24,Jesús,Cajamarca,Cajamarca,Cliente ocasional
CLI004090,Pascual,Escamilla,Zamudio,M,20,Cajamarca,Cajamarca,Cajamarca,Cliente nuevo
CLI004091,Salma,Aparicio,de la O,F,26,Jesús,Cajamarca,Cajamarca,Cliente frecuente
CLI004092,Rodrigo,Peralta,Barrientos,M,39,La Encañada,Cajamarca,Cajamarca,Cliente nuevo
CLI004093,Bernardo,Nieto,Zavala,M,41,Cajamarca,Cajamarca,Cajamarca,Cliente ocasional
CLI004094,Dulce María,Meraz,Ávila,F,29,Cajamarca,Cajamarca,Cajamarca,Cliente nuevo
CLI004095,Esmeralda,Madera,Nieto,F,54,Namora,Cajamarca,Cajamarca,Cliente frecuente
CLI004096,Bernabé,Crespo,Puente,M,81,La Encañada,Cajamarca,Cajamarca,Cliente ocasional
CLI004097,Cornelio,Lozada,Loera,M,44,Baños del Inca,Cajamarca,Cajamarca,Cliente nuevo
CLI004098,Gustavo,Fajardo,Baca,M,68,Llacanora,Cajamarca,Cajamarca,Cliente nuevo
CLI004099,Augusto,Garica,Orellana,M,38,La Encañada,Cajamarca,Cajamarca,Cliente frecuente
CLI004100,Benjamín,Gonzales,Corona,M,53,Llacanora,Cajamarca,Cajamarca,Cliente ocasional
CLI004101,Estefanía,Carreón,Cano,F,77,Matara,Cajamarca,Cajamarca,Cliente frecuente
CLI004102,Marco Antonio,Lugo,Casárez,M,53,Cajamarca,Cajamarca,Cajamarca,Cliente frecuente
CLI004103,Mariano,Arredondo,Zapata,M,80,Cajamarca,Cajamarca,Cajamarca,Cliente ocasional
CLI004104,Jerónimo,Guzmán,Rodarte,M,27,Jesús,Cajamarca,Cajamarca,Cliente frecuente
CLI004105,Pilar,Montez,Villareal,F,49,Cajamarca,Cajamarca,Cajamarca,Cliente ocasional
CLI004106,Gonzalo,Roybal,Soria,M,78,Jesús,Cajamarca,Cajamarca,Cliente ocasional
CLI004107,Óliver,Nieves,Molina,M,37,Baños del Inca,Cajamarca,Cajamarca,Cliente ocasional
CLI004108,Martha,Menéndez,Alonzo,F,61,Cajamarca,Cajamarca,Cajamarca,Cliente frecuente
CLI004109,Gloria,Cisneros,Holguín,F,66,Cajamarca,Cajamarca,Cajamarca,Cliente ocasional
CLI004110,Eloy,Regalado,Bahena,M,76,Baños del Inca,Cajamarca,Cajamarca,Cliente frecuente
CLI004111,Isabela,Prado,Mateo,F,27,Cajamarca,Cajamarca,Cajamarca,Cliente nuevo
CLI004112,Eloisa,Velásquez,Calderón,F,48,Cajamarca,Cajamarca,Cajamarca,Cliente nuevo
CLI004113,Reynaldo,Partida,Aguilar,M,55,Llacanora,Cajamarca,Cajamarca,Cliente nuevo
CLI004114,Sessa,Garrido,Garay,F,36,Matara,Cajamarca,Cajamarca,Cliente nuevo
CLI004115,Ruby,Aguayo,Magaña,F,38,Cajamarca,Cajamarca,Cajamarca,Cliente frecuente
CLI004116,Ana Luisa,Soliz,Ochoa,F,57,La Encañada,Cajamarca,Cajamarca,Cliente frecuente
CLI004117,Florencia,Espinal,Arellano,F,24,Cajamarca,Cajamarca,Cajamarca,Cliente ocasional
CLI004118,Débora,Soliz,Rosario,F,43,Baños del Inca,Cajamarca,Cajamarca,Cliente ocasional
CLI004119,Pilar,Arellano,Farías,F,60,Jesús,Cajamarca,Cajamarca,Cliente ocasional
CLI004120,Renato,Griego,Lugo,M,64,Baños del Inca,Cajamarca,Cajamarca,Cliente frecuente
CLI004121,Úrsula,Sepúlveda,Vanegas,F,28,Llacanora,Cajamarca,Cajamarca,Cliente frecuente
CLI004122,Wilfrido,Bravo,Córdova,M,32,Cajamarca,Cajamarca,Cajamarca,Cliente frecuente
CLI004123,Eloisa,Anaya,Navarrete,F,22,Llacanora,Cajamarca,Cajamarca,Cliente ocasional
CLI004124,Abelardo,Garibay,Palacios,M,23,Cajamarca,Cajamarca,Cajamarca,Cliente ocasional
CLI004125,Cecilia,Serrano,Cadena,F,24,Baños del Inca,Cajamarca,Cajamarca,Cliente ocasional
CLI004126,Carlota,Cardenas,Núñez,F,24,Cajamarca,Cajamarca,Cajamarca,Cliente ocasional
CLI004127,Irene,Bustos,Orellana,F,76,Baños del Inca,Cajamarca,Cajamarca,Cliente frecuente
CLI004128,Eduardo,Haro,Patiño,M,71,Jesús,Cajamarca,Cajamarca,Cliente frecuente
CLI004129,Irma,Jaimes,Olivas,F,26,Namora,Cajamarca,Cajamarca,Cliente ocasional
CLI004130,Amelia,Godínez,Villagómez,F,28,Cajamarca,Cajamarca,Cajamarca,Cliente frecuente
CLI004131,Lourdes,Aranda,Heredia,F,77,Llacanora,Cajamarca,Cajamarca,Cliente ocasional
CLI004132,Gilberto,Gaitán,Espinosa,M,72,Baños del Inca,Cajamarca,Cajamarca,Cliente ocasional
CLI004133,Soledad,Samaniego,Ocasio,F,29,La Encañada,Cajamarca,Cajamarca,Cliente frecuente
CLI004134,Luisa,Mares,Rosario,F,30,La Encañada,Cajamarca,Cajamarca,Cliente ocasional
CLI004135,Jos,Merino,Gurule,M,21,Baños del Inca,Cajamarca,Cajamarca,Cliente frecuente
CLI004136,Eduardo,Collazo,Perea,M,80,Baños del Inca,Cajamarca,Cajamarca,Cliente ocasional
CLI004137,Fernando,Tapia,Montemayor,M,51,Baños del Inca,Cajamarca,Cajamarca,Cliente frecuente
CLI004138,Mateo,Saldaña,Corrales,M,38,La Encañada,Cajamarca,Cajamarca,Cliente ocasional
CLI004139,Alonso,Miranda,Cantú,M,36,Cajamarca,Cajamarca,Cajamarca,Cliente frecuente
CLI004140,Claudio,Estrada,Sandoval,M,78,Baños del Inca,Cajamarca,Cajamarca,Cliente ocasional
CLI004141,Leonel,Solano,Flórez,M,32,Baños del Inca,Cajamarca,Cajamarca,Cliente nuevo
CLI004142,Antonia,Espinoza,Cervantes,F,21,Cajamarca,Cajamarca,Cajamarca,Cliente ocasional
CLI004143,Esther,Perea,Zayas,F,46,Jesús,Cajamarca,Cajamarca,Cliente ocasional
CLI004144,Paola,Lira,Salazar,F,83,Baños del Inca,Cajamarca,Cajamarca,Cliente ocasional
CLI004145,Sandra,Muñiz,Aguayo,F,20,Cajamarca,Cajamarca,Cajamarca,Cliente frecuente
CLI004146,Adalberto,Carrión,Jáquez,M,76,Cajamarca,Cajamarca,Cajamarca,Cliente ocasional
CLI004147,Modesto,Ballesteros,Jaimes,M,39,Baños del Inca,Cajamarca,Cajamarca,Cliente frecuente
CLI004148,Dulce,Grijalva,Mireles,F,24,Matara,Cajamarca,Cajamarca,Cliente ocasional
CLI004149,Ignacio,Martínez,Hidalgo,M,48,Jesús,Cajamarca,Cajamarca,Cliente ocasional
CLI004150,Irene,Samaniego,Mares,F,36,Baños del Inca,Cajamarca,Cajamarca,Cliente ocasional
CLI004151,Luisa,Villagómez,Quezada,F,76,Cajamarca,Cajamarca,Cajamarca,Cliente nuevo
CLI004152,Isabel,Trejo,Linares,F,42,Cajamarca,Cajamarca,Cajamarca,Cliente ocasional
CLI004153,Esperanza,Gurule,Jaramillo,F,80,Namora,Cajamarca,Cajamarca,Cliente nuevo
CLI004154,Alfredo,Venegas,Ortiz,M,23,Namora,Cajamarca,Cajamarca,Cliente ocasional
CLI004155,Abigail,Pedraza,Romero,F,78,Cajamarca,Cajamarca,Cajamarca,Cliente ocasional
CLI004156,Hernán,Carrera,Patiño,M,28,Cajamarca,Cajamarca,Cajamarca,Cliente nuevo
CLI004157,Oswaldo,Juárez,Páez,M,81,Cajamarca,Cajamarca,Cajamarca,Cliente frecuente
CLI004158,Luis,Borrego,Fonseca,M,31,La Encañada,Cajamarca,Cajamarca,Cliente nuevo
CLI004159,Jos,Badillo,Véliz,M,41,Llacanora,Cajamarca,Cajamarca,Cliente nuevo
CLI004160,Minerva,Varela,Feliciano,F,31,Baños del Inca,Cajamarca,Cajamarca,Cliente ocasional
CLI004161,Margarita,Cavazos,Colón,F,71,Llacanora,Cajamarca,Cajamarca,Cliente frecuente
CLI004162,Alicia,Salinas,Cotto,F,63,Jesús,Cajamarca,Cajamarca,Cliente ocasional
CLI004163,Guillermo,Holguín,Fierro,M,80,Cajamarca,Cajamarca,Cajamarca,Cliente frecuente
CLI004164,Caridad,Laboy,Haro,F,81,Baños del Inca,Cajamarca,Cajamarca,Cliente nuevo
CLI004165,Leonor,Olmos,Alba,F,32,Cajamarca,Cajamarca,Cajamarca,Cliente ocasional
CLI004166,Enrique,Cavazos,Aguilar,M,31,Namora,Cajamarca,Cajamarca,Cliente nuevo
CLI004167,Diana,Rodríguez,Bermúdez,F,79,La Encañada,Cajamarca,Cajamarca,Cliente ocasional
CLI004168,Camilo,Ontiveros,Ballesteros,M,48,Cajamarca,Cajamarca,Cajamarca,Cliente ocasional
CLI004169,Modesto,Narváez,Peña,M,27,Baños del Inca,Cajamarca,Cajamarca,Cliente nuevo
CLI004170,Graciela,Mireles,Mayorga,F,57,Jesús,Cajamarca,Cajamarca,Cliente ocasional
CLI004171,Carlota,Ornelas,Mares,F,23,Baños del Inca,Cajamarca,Cajamarca,Cliente frecuente
CLI004172,César,Melgar,Miramontes,M,25,Cajamarca,Cajamarca,Cajamarca,Cliente frecuente
CLI004173,Nicolás,Maldonado,Mercado,M,48,Baños del Inca,Cajamarca,Cajamarca,Cliente nuevo
CLI004174,Yuridia,Manzanares,Roque,F,32,Llacanora,Cajamarca,Cajamarca,Cliente ocasional
CLI004175,Mariana,del Valle,Serrano,F,24,La Encañada,Cajamarca,Cajamarca,Cliente ocasional
CLI004176,Federico,Urías,Herrera,M,71,Matara,Cajamarca,Cajamarca,Cliente ocasional
CLI004177,Espartaco,Godoy,Garay,M,65,Namora,Cajamarca,Cajamarca,Cliente ocasional
CLI004178,Yuridia,Abrego,Valdez,F,36,Cajamarca,Cajamarca,Cajamarca,Cliente ocasional
CLI004179,Gustavo,Godoy,Torres,M,52,Cajamarca,Cajamarca,Cajamarca,Cliente frecuente
CLI004180,Bianca,Rivera,Blanco,F,63,Baños del Inca,Cajamarca,Cajamarca,Cliente nuevo
CLI004181,José,del Río,Mireles,M,30,Cajamarca,Cajamarca,Cajamarca,Cliente ocasional
CLI004182,Hugo,Zamora,Sanches,M,49,Cajamarca,Cajamarca,Cajamarca,Cliente nuevo
CLI004183,Martha,Burgos,Negrón,F,62,Matara,Cajamarca,Cajamarca,Cliente frecuente
CLI004184,Nancy,Vera,Ibarra,F,63,Namora,Cajamarca,Cajamarca,Cliente ocasional
CLI004185,Eugenio,de León,Parra,M,48,Jesús,Cajamarca,Cajamarca,Cliente ocasional
CLI004186,Ángela,Limón,Hurtado,F,61,Matara,Cajamarca,Cajamarca,Cliente ocasional
CLI004187,Itzel,Alfaro,Garrido,F,36,Cajamarca,Cajamarca,Cajamarca,Cliente nuevo
CLI004188,Cristina,Vega,Pichardo,F,84,Baños del Inca,Cajamarca,Cajamarca,Cliente ocasional
CLI004189,Verónica,Gollum,Vigil,F,65,Cajamarca,Cajamarca,Cajamarca,Cliente frecuente
CLI004190,Samuel,Concepción,Hernández,M,77,Llacanora,Cajamarca,Cajamarca,Cliente frecuente
CLI004191,Perla,Solís,Ocasio,F,52,Cajamarca,Cajamarca,Cajamarca,Cliente nuevo
CLI004192,Gerardo,Gollum,Blanco,M,73,Cajamarca,Cajamarca,Cajamarca,Cliente nuevo
CLI004193,Judith,Estévez,Vera,F,72,Baños del Inca,Cajamarca,Cajamarca,Cliente ocasional
CLI004194,Israel,Gallegos,Garrido,M,44,Baños del Inca,Cajamarca,Cajamarca,Cliente nuevo
CLI004195,Francisco Javier,Gálvez,Guzmán,M,84,Cajamarca,Cajamarca,Cajamarca,Cliente frecuente
CLI004196,Jaime,Quintana,Rosas,M,25,Namora,Cajamarca,Cajamarca,Cliente frecuente
CLI004197,Angélica,Crespo,Maldonado,F,80,Llacanora,Cajamarca,Cajamarca,Cliente frecuente
CLI004198,Salma,Zedillo,Montes,F,30,Llacanora,Cajamarca,Cajamarca,Cliente ocasional
CLI004199,Renato,Echeverría,Candelaria,M,18,Matara,Cajamarca,Cajamarca,Cliente nuevo
CLI004200,Pedro,Casillas,Lemus,M,29,La Encañada,Cajamarca,Cajamarca,Cliente ocasional
CLI004201,Nelly,Robles,Quiñónez,F,53,Matara,Cajamarca,Cajamarca,Cliente frecuente
CLI004202,Samuel,Gaona,Barrios,M,63,Jesús,Cajamarca,Cajamarca,Cliente frecuente
CLI004203,Gerardo,Perea,Santiago,M,68,Baños del Inca,Cajamarca,Cajamarca,Cliente nuevo
CLI004204,Sergio,Nazario,Tapia,M,65,Cajamarca,Cajamarca,Cajamarca,Cliente ocasional
CLI004205,Verónica,Mojica,Casares,F,37,Namora,Cajamarca,Cajamarca,Cliente ocasional
CLI004206,Camilo,Arevalo,Padilla,M,30,Baños del Inca,Cajamarca,Cajamarca,Cliente ocasional
CLI004207,Abel,Ríos,Flórez,M,38,La Encañada,Cajamarca,Cajamarca,Cliente ocasional
CLI004208,Arturo,Márquez,Ruiz,M,33,Jesús,Cajamarca,Cajamarca,Cliente frecuente
CLI004209,Rafaél,Jurado,Brito,M,28,Jesús,Cajamarca,Cajamarca,Cliente frecuente
CLI004210,Amador,Segura,Verduzco,M,81,Cajamarca,Cajamarca,Cajamarca,Cliente nuevo
CLI004211,Dulce María,Barraza,Alcaraz,F,85,Llacanora,Cajamarca,Cajamarca,Cliente frecuente
CLI004212,Florencia,Lucero,Cepeda,F,58,Cajamarca,Cajamarca,Cajamarca,Cliente nuevo
CLI004213,Martín,Esquivel,Juárez,M,50,Cajamarca,Cajamarca,Cajamarca,Cliente ocasional
CLI004214,José Carlos,Guzmán,Echeverría,M,78,Jesús,Cajamarca,Cajamarca,Cliente ocasional
CLI004215,Magdalena,Verdugo,Juárez,F,37,Cajamarca,Cajamarca,Cajamarca,Cliente ocasional
CLI004216,Georgina,Alarcón,Piña,F,37,Baños del Inca,Cajamarca,Cajamarca,Cliente ocasional
CLI004217,Angélica,Coronado,Bermúdez,F,78,La Encañada,Cajamarca,Cajamarca,Cliente ocasional
CLI004218,Silvano,Moreno,Mateo,M,30,Baños del Inca,Cajamarca,Cajamarca,Cliente frecuente
CLI004219,Nelly,Mesa,Mascareñas,F,83,Baños del Inca,Cajamarca,Cajamarca,Cliente frecuente
CLI004220,Helena,Rubio,Figueroa,F,68,Cajamarca,Cajamarca,Cajamarca,Cliente frecuente
CLI004221,Marco Antonio,Nájera,del Valle,M,18,Baños del Inca,Cajamarca,Cajamarca,Cliente ocasional
CLI004222,Lilia,Mares,Soria,F,65,Jesús,Cajamarca,Cajamarca,Cliente frecuente
CLI004223,Gustavo,Pizarro,Mares,M,38,Baños del Inca,Cajamarca,Cajamarca,Cliente frecuente
CLI004224,Clemente,Baeza,Quintero,M,66,La Encañada,Cajamarca,Cajamarca,Cliente frecuente
CLI004225,Leonel,Montoya,Rosales,M,19,Jesús,Cajamarca,Cajamarca,Cliente ocasional
CLI004226,Marcela,Vela,Pérez,F,29,Baños del Inca,Cajamarca,Cajamarca,Cliente ocasional
CLI004227,Magdalena,Padilla,Guerrero,F,85,Baños del Inca,Cajamarca,Cajamarca,Cliente frecuente
CLI004228,Ernesto,Caballero,Canales,M,43,La Encañada,Cajamarca,Cajamarca,Cliente nuevo
CLI004229,Hugo,Menchaca,Chavarría,M,66,Baños del Inca,Cajamarca,Cajamarca,Cliente frecuente
CLI004230,Julia,Solorzano,Cuellar,F,85,Baños del Inca,Cajamarca,Cajamarca,Cliente frecuente
CLI004231,Ruby,Abrego,Centeno,F,48,Cajamarca,Cajamarca,Cajamarca,Cliente ocasional
CLI004232,Verónica,Cordero,Irizarry,F,23,Jesús,Cajamarca,Cajamarca,Cliente ocasional
CLI004233,Rodolfo,Camacho,Segura,M,80,Baños del Inca,Cajamarca,Cajamarca,Cliente nuevo
CLI004234,Guadalupe,Villa,Botello,F,22,Baños del Inca,Cajamarca,Cajamarca,Cliente nuevo
CLI004235,Eric,Fierro,Carranza,M,47,Cajamarca,Cajamarca,Cajamarca,Cliente ocasional
CLI004236,Bruno,Vergara,Palacios,M,84,Cajamarca,Cajamarca,Cajamarca,Cliente ocasional
CLI004237,Carlos,Corrales,Rosas,M,49,Cajamarca,Cajamarca,Cajamarca,Cliente ocasional
CLI004238,Amador,Mata,Rascón,M,22,Baños del Inca,Cajamarca,Cajamarca,Cliente frecuente
CLI004239,Héctor,Apodaca,Molina,M,47,Cajamarca,Cajamarca,Cajamarca,Cliente ocasional
CLI004240,Paola,Nieves,Benítez,F,70,Cajamarca,Cajamarca,Cajamarca,Cliente ocasional
CLI004241,Ignacio,Fuentes,Lovato,M,28,Jesús,Cajamarca,Cajamarca,Cliente ocasional
CLI004242,Mateo,Padilla,de la Rosa,M,65,La Encañada,Cajamarca,Cajamarca,Cliente ocasional
CLI004243,Mariana,Villaseñor,Ibarra,F,82,Baños del Inca,Cajamarca,Cajamarca,Cliente nuevo
CLI004244,Óliver,Durán,Concepción,M,80,Cajamarca,Cajamarca,Cajamarca,Cliente nuevo
CLI004245,Carlos,Miramontes,Vallejo,M,34,La Encañada,Cajamarca,Cajamarca,Cliente ocasional
CLI004246,Eugenia,Gonzales,Caraballo,F,35,Cajamarca,Cajamarca,Cajamarca,Cliente ocasional
CLI004247,Jesús,Pineda,Cruz,M,81,Cajamarca,Cajamarca,Cajamarca,Cliente ocasional
CLI004248,Israel,Ayala,Aragón,M,75,Llacanora,Cajamarca,Cajamarca,Cliente ocasional
CLI004249,Alfonso,Campos,Ramos,M,74,Cajamarca,Cajamarca,Cajamarca,Cliente ocasional
CLI004250,Mercedes,Olivo,Alemán,F,35,Llacanora,Cajamarca,Cajamarca,Cliente ocasional
CLI004251,José María,Gaona,Sotelo,M,41,Jesús,Cajamarca,Cajamarca,Cliente nuevo
CLI004252,Emilio,Jáquez,Robledo,M,29,Cajamarca,Cajamarca,Cajamarca,Cliente ocasional
CLI004253,Abril,Saldivar,Ornelas,F,31,Llacanora,Cajamarca,Cajamarca,Cliente frecuente
CLI004254,Abel,Rojo,Posada,M,67,Cajamarca,Cajamarca,Cajamarca,Cliente ocasional
CLI004255,Sonia,Alonzo,Cortez,F,48,Cajamarca,Cajamarca,Cajamarca,Cliente frecuente
CLI004256,Lucas,Carmona,Gastélum,M,82,Cajamarca,Cajamarca,Cajamarca,Cliente nuevo
CLI004257,Salvador,Viera,Reynoso,M,64,Cajamarca,Cajamarca,Cajamarca,Cliente ocasional
CLI004258,José Emilio,Aguilera,de Anda,M,25,Cajamarca,Cajamarca,Cajamarca,Cliente nuevo
CLI004259,Octavio,Collazo,Castellanos,M,72,Llacanora,Cajamarca,Cajamarca,Cliente frecuente
CLI004260,Juan,Olvera,Hernández,M,37,La Encañada,Cajamarca,Cajamarca,Cliente ocasional
CLI004261,Caridad,Zepeda,Rosas,F,47,La Encañada,Cajamarca,Cajamarca,Cliente ocasional
CLI004262,Olga,Hernández,Tórrez,F,67,Llacanora,Cajamarca,Cajamarca,Cliente ocasional
CLI004263,Gloria,Chapa,Barrera,F,35,Cajamarca,Cajamarca,Cajamarca,Cliente frecuente
CLI004264,Josefina,Palomo,Acevedo,F,57,La Encañada,Cajamarca,Cajamarca,Cliente ocasional
CLI004265,Elvia,Niño,Montenegro,F,68,Jesús,Cajamarca,Cajamarca,Cliente ocasional
CLI004266,Cristina,Alejandro,Rosario,F,72,Cajamarca,Cajamarca,Cajamarca,Cliente frecuente
CLI004267,Silvia,Colunga,Muro,F,63,Cajamarca,Cajamarca,Cajamarca,Cliente ocasional
CLI004268,Beatriz,Jaime,Treviño,F,57,La Encañada,Cajamarca,Cajamarca,Cliente ocasional
CLI004269,Francisco,Yáñez,Gamez,M,79,Cajamarca,Cajamarca,Cajamarca,Cliente nuevo
CLI004270,Salvador,Ramírez,Gamez,M,41,Cajamarca,Cajamarca,Cajamarca,Cliente nuevo
CLI004271,Rubén,Holguín,Maya,M,53,Baños del Inca,Cajamarca,Cajamarca,Cliente ocasional
CLI004272,Pamela,Lerma,Sáenz,F,82,Cajamarca,Cajamarca,Cajamarca,Cliente ocasional
CLI004273,Augusto,Rodrígez,Vallejo,M,45,Baños del Inca,Cajamarca,Cajamarca,Cliente ocasional
CLI004274,Alfredo,Zúñiga,Rivera,M,69,Cajamarca,Cajamarca,Cajamarca,Cliente ocasional
CLI004275,Mauricio,Terán,Apodaca,M,46,Cajamarca,Cajamarca,Cajamarca,Cliente ocasional
CLI004276,Diana,Viera,Jurado,F,21,Cajamarca,Cajamarca,Cajamarca,Cliente frecuente
CLI004277,Verónica,Montero,Benavides,F,21,Jesús,Cajamarca,Cajamarca,Cliente ocasional
CLI004278,Esperanza,Rosas,Alonzo,F,34,Baños del Inca,Cajamarca,Cajamarca,Cliente nuevo
CLI004279,Elias,Lebrón,Delgado,M,83,Namora,Cajamarca,Cajamarca,Cliente ocasional
CLI004280,Estela,Gaytán,Rolón,F,32,Baños del Inca,Cajamarca,Cajamarca,Cliente frecuente
CLI004281,Marisela,Ramos,López,F,69,Namora,Cajamarca,Cajamarca,Cliente ocasional
CLI004282,Mercedes,Ruelas,Casares,F,63,Baños del Inca,Cajamarca,Cajamarca,Cliente nuevo
CLI004283,Yuridia,Mondragón,Montero,F,69,Namora,Cajamarca,Cajamarca,Cliente frecuente
CLI004284,Espartaco,Anaya,Lomeli,M,20,Cajamarca,Cajamarca,Cajamarca,Cliente ocasional
CLI004285,Uriel,Murillo,Candelaria,M,38,Cajamarca,Cajamarca,Cajamarca,Cliente ocasional
CLI004286,Darío,Meza,Urías,M,77,Baños del Inca,Cajamarca,Cajamarca,Cliente frecuente
CLI004287,Camilo,Rodríquez,Vigil,M,37,Baños del Inca,Cajamarca,Cajamarca,Cliente nuevo
CLI004288,Berta,Sierra,Magaña,F,41,Cajamarca,Cajamarca,Cajamarca,Cliente nuevo
CLI004289,Ángel,Magaña,Gómez,M,72,Cajamarca,Cajamarca,Cajamarca,Cliente ocasional
CLI004290,Lourdes,Quintero,Arias,F,21,Cajamarca,Cajamarca,Cajamarca,Cliente nuevo
CLI004291,Pascual,Mateo,Hurtado,M,21,Llacanora,Cajamarca,Cajamarca,Cliente ocasional
CLI004292,Noemí,Tovar,Nevárez,F,28,Cajamarca,Cajamarca,Cajamarca,Cliente frecuente
CLI004293,Federico,Monroy,Dávila,M,25,Cajamarca,Cajamarca,Cajamarca,Cliente nuevo
CLI004294,Pamela,Casillas,Cantú,F,65,La Encañada,Cajamarca,Cajamarca,Cliente ocasional
CLI004295,Anel,Espinoza,Carrasco,F,22,Cajamarca,Cajamarca,Cajamarca,Cliente ocasional
CLI004296,Patricio,Flores,Mora,M,79,Cajamarca,Cajamarca,Cajamarca,Cliente frecuente
CLI004297,Vanesa,Véliz,Ocasio,F,59,Cajamarca,Cajamarca,Cajamarca,Cliente ocasional
CLI004298,Ángela,Rendón,Fuentes,F,50,La Encañada,Cajamarca,Cajamarca,Cliente ocasional
CLI004299,Paola,Maldonado,Pelayo,F,48,Baños del Inca,Cajamarca,Cajamarca,Cliente ocasional
CLI004300,Sessa,Rubio,Terán,F,51,Cajamarca,Cajamarca,Cajamarca,Cliente ocasional
CLI004301,José Eduardo,Canales,Salcedo,M,50,Baños del Inca,Cajamarca,Cajamarca,Cliente ocasional
CLI004302,Mercedes,Rolón,Altamirano,F,38,Cajamarca,Cajamarca,Cajamarca,Cliente frecuente
CLI004303,Susana,Miranda,Torres,F,76,La Encañada,Cajamarca,Cajamarca,Cliente ocasional
CLI004304,Rosario,Salcido,Alcántar,F,41,Jesús,Cajamarca,Cajamarca,Cliente frecuente
CLI004305,Emilio,Chapa,Bernal,M,24,Jesús,Cajamarca,Cajamarca,Cliente frecuente
CLI004306,Leonardo,Orta,Cintrón,M,28,Cajamarca,Cajamarca,Cajamarca,Cliente nuevo
CLI004307,Ana María,Gollum,Dávila,F,43,Cajamarca,Cajamarca,Cajamarca,Cliente nuevo
CLI004308,Óscar,Gutiérrez,Moya,M,79,La Encañada,Cajamarca,Cajamarca,Cliente ocasional
CLI004309,Jaime,Castillo,Hurtado,M,83,Baños del Inca,Cajamarca,Cajamarca,Cliente frecuente
CLI004310,Jos,Acuña,Cavazos,M,62,Baños del Inca,Cajamarca,Cajamarca,Cliente nuevo
CLI004311,Samuel,de Anda,Ballesteros,M,83,Baños del Inca,Cajamarca,Cajamarca,Cliente ocasional
CLI004312,Margarita,Patiño,Carvajal,F,72,Baños del Inca,Cajamarca,Cajamarca,Cliente ocasional
CLI004313,Silvano,Macías,Esquivel,M,26,Cajamarca,Cajamarca,Cajamarca,Cliente frecuente
CLI004314,Wendolin,Patiño,Mesa,F,77,La Encañada,Cajamarca,Cajamarca,Cliente nuevo
CLI004315,Adán,Porras,Navarro,M,77,Baños del Inca,Cajamarca,Cajamarca,Cliente ocasional
CLI004316,Carlota,Jaime,Griego,F,54,Jesús,Cajamarca,Cajamarca,Cliente nuevo
CLI004317,Beatriz,Luevano,Espinoza,F,77,Matara,Cajamarca,Cajamarca,Cliente ocasional
CLI004318,Magdalena,Llamas,Cepeda,F,33,Namora,Cajamarca,Cajamarca,Cliente frecuente
CLI004319,Ana Luisa,Parra,Quiñónez,F,46,Namora,Cajamarca,Cajamarca,Cliente nuevo
CLI004320,Sofía,Arenas,Jaime,F,51,Cajamarca,Cajamarca,Cajamarca,Cliente frecuente
CLI004321,Rebeca,Mena,Salinas,F,51,Matara,Cajamarca,Cajamarca,Cliente ocasional
CLI004322,Juan Carlos,Razo,Loya,M,36,Cajamarca,Cajamarca,Cajamarca,Cliente ocasional
CLI004323,Ariadna,Casanova,Candelaria,F,79,Jesús,Cajamarca,Cajamarca,Cliente ocasional
CLI004324,Zeferino,Casillas,Luna,M,69,Matara,Cajamarca,Cajamarca,Cliente ocasional
CLI004325,Isabel,Ulloa,Aguilera,F,40,Cajamarca,Cajamarca,Cajamarca,Cliente nuevo
CLI004326,Rosa,Villarreal,Ontiveros,F,30,Cajamarca,Cajamarca,Cajamarca,Cliente ocasional
CLI004327,Jorge Luis,Olivo,Toro,M,22,Baños del Inca,Cajamarca,Cajamarca,Cliente frecuente
CLI004328,Ofelia,Tapia,Aragón,F,28,Cajamarca,Cajamarca,Cajamarca,Cliente ocasional
CLI004329,Genaro,Cotto,Nazario,M,47,Cajamarca,Cajamarca,Cajamarca,Cliente ocasional
CLI004330,Norma,Elizondo,Botello,F,36,Baños del Inca,Cajamarca,Cajamarca,Cliente ocasional
CLI004331,Ivonne,Cordero,Jaime,F,45,Baños del Inca,Cajamarca,Cajamarca,Cliente frecuente
CLI004332,Raquel,Trujillo,Villegas,F,39,Baños del Inca,Cajamarca,Cajamarca,Cliente frecuente
CLI004333,Indira,Delgadillo,Arredondo,F,35,Namora,Cajamarca,Cajamarca,Cliente ocasional
CLI004334,Javier,Farías,Gonzales,M,44,Namora,Cajamarca,Cajamarca,Cliente ocasional
CLI004335,Abril,Quiñones,Castañeda,F,40,Baños del Inca,Cajamarca,Cajamarca,Cliente nuevo
CLI004336,Sonia,Tirado,Holguín,F,25,La Encañada,Cajamarca,Cajamarca,Cliente nuevo
CLI004337,Gerónimo,Zepeda,Jáquez,M,20,Llacanora,Cajamarca,Cajamarca,Cliente frecuente
CLI004338,Amanda,Almanza,Espinosa,F,27,La Encañada,Cajamarca,Cajamarca,Cliente frecuente
CLI004339,Jorge Luis,Gil,Chavarría,M,65,Cajamarca,Cajamarca,Cajamarca,Cliente ocasional
CLI004340,Helena,Holguín,Chávez,F,70,Cajamarca,Cajamarca,Cajamarca,Cliente ocasional
CLI004341,Rubén,Chávez,Niño,M,83,Llacanora,Cajamarca,Cajamarca,Cliente ocasional
CLI004342,Gloria,Almanza,Cepeda,F,33,Cajamarca,Cajamarca,Cajamarca,Cliente frecuente
CLI004343,Pamela,Gamez,Lucero,F,79,Cajamarca,Cajamarca,Cajamarca,Cliente ocasional
CLI004344,Paulina,Tirado,Moreno,F,25,La Encañada,Cajamarca,Cajamarca,Cliente frecuente
CLI004345,Eric,Fierro,Roldán,M,42,Cajamarca,Cajamarca,Cajamarca,Cliente ocasional
CLI004346,Jorge,Almanza,Patiño,M,45,Jesús,Cajamarca,Cajamarca,Cliente ocasional
CLI004347,Salma,Padilla,Sierra,F,83,Llacanora,Cajamarca,Cajamarca,Cliente frecuente
CLI004348,Victoria,Olmos,Rael,F,74,Llacanora,Cajamarca,Cajamarca,Cliente nuevo
CLI004349,Humberto,Candelaria,Pabón,M,29,Cajamarca,Cajamarca,Cajamarca,Cliente frecuente
CLI004350,Miguel,Huerta,Quezada,M,43,Cajamarca,Cajamarca,Cajamarca,Cliente ocasional
CLI004351,Zacarías,Gallardo,Magaña,M,21,Baños del Inca,Cajamarca,Cajamarca,Cliente ocasional
CLI004352,Raquel,Luna,de León,F,34,Jesús,Cajamarca,Cajamarca,Cliente ocasional
CLI004353,Eloisa,Bustamante,Verduzco,F,42,Cajamarca,Cajamarca,Cajamarca,Cliente frecuente
CLI004354,Raquel,Barajas,Mendoza,F,30,Cajamarca,Cajamarca,Cajamarca,Cliente ocasional
CLI004355,Alicia,González,Padilla,F,33,Cajamarca,Cajamarca,Cajamarca,Cliente ocasional
CLI004356,Verónica,Castañeda,Corral,F,80,Llacanora,Cajamarca,Cajamarca,Cliente nuevo
CLI004357,Mateo,Chapa,Pérez,M,37,La Encañada,Cajamarca,Cajamarca,Cliente ocasional
CLI004358,Gabriel,Toledo,Soliz,M,25,Cajamarca,Cajamarca,Cajamarca,Cliente frecuente
CLI004359,Arcelia,Perea,Saavedra,F,58,Cajamarca,Cajamarca,Cajamarca,Cliente frecuente
CLI004360,Benito,Riojas,Guerrero,M,66,Baños del Inca,Cajamarca,Cajamarca,Cliente ocasional
CLI004361,Perla,Briones,Loera,F,80,Cajamarca,Cajamarca,Cajamarca,Cliente nuevo
CLI004362,Lourdes,Balderas,Suárez,F,65,Baños del Inca,Cajamarca,Cajamarca,Cliente frecuente
CLI004363,Aurora,Cruz,Bermúdez,F,56,Baños del Inca,Cajamarca,Cajamarca,Cliente frecuente
CLI004364,Francisca,Gómez,Miranda,F,42,Cajamarca,Cajamarca,Cajamarca,Cliente frecuente
CLI004365,Alma,Fonseca,Esparza,F,32,Namora,Cajamarca,Cajamarca,Cliente frecuente
CLI004366,Oswaldo,Verdugo,Zayas,M,36,Cajamarca,Cajamarca,Cajamarca,Cliente ocasional
CLI004367,Zeferino,Lomeli,Manzanares,M,21,Baños del Inca,Cajamarca,Cajamarca,Cliente frecuente
CLI004368,Francisca,Quintero,Martínez,F,82,Matara,Cajamarca,Cajamarca,Cliente frecuente
CLI004369,Hilda,Muñiz,Farías,F,75,Llacanora,Cajamarca,Cajamarca,Cliente frecuente
CLI004370,Jesús,Piña,Serna,M,22,Baños del Inca,Cajamarca,Cajamarca,Cliente ocasional
CLI004371,Paulina,Montañez,Nieto,F,49,Baños del Inca,Cajamarca,Cajamarca,Cliente ocasional
CLI004372,Graciela,Escobedo,Alarcón,F,54,Cajamarca,Cajamarca,Cajamarca,Cliente ocasional
CLI004373,Ricardo,Chávez,Torres,M,71,Baños del Inca,Cajamarca,Cajamarca,Cliente ocasional
CLI004374,Pablo,Merino,Villarreal,M,50,Cajamarca,Cajamarca,Cajamarca,Cliente nuevo
CLI004375,Benito,Alcaraz,Ureña,M,31,Cajamarca,Cajamarca,Cajamarca,Cliente ocasional
CLI004376,Óscar,Correa,Pulido,M,29,Cajamarca,Cajamarca,Cajamarca,Cliente ocasional
CLI004377,Felipe,Palomino,Naranjo,M,43,Jesús,Cajamarca,Cajamarca,Cliente nuevo
CLI004378,Teodoro,Prieto,Arellano,M,78,Baños del Inca,Cajamarca,Cajamarca,Cliente ocasional
CLI004379,Patricia,Rojo,Villalobos,F,72,Baños del Inca,Cajamarca,Cajamarca,Cliente ocasional
CLI004380,Rebeca,Mondragón,Aguayo,F,73,Llacanora,Cajamarca,Cajamarca,Cliente ocasional
CLI004381,Hermelinda,Bustamante,Olivo,F,64,Cajamarca,Cajamarca,Cajamarca,Cliente nuevo
CLI004382,Cristian,Pacheco,Maldonado,M,65,La Encañada,Cajamarca,Cajamarca,Cliente ocasional
CLI004383,Enrique,Cuellar,Franco,M,53,Cajamarca,Cajamarca,Cajamarca,Cliente frecuente
CLI004384,Amalia,Portillo,Reséndez,F,30,Matara,Cajamarca,Cajamarca,Cliente ocasional
CLI004385,Amelia,Ortiz,Munguía,F,32,Cajamarca,Cajamarca,Cajamarca,Cliente ocasional
CLI004386,Virginia,Orozco,Botello,F,65,Llacanora,Cajamarca,Cajamarca,Cliente nuevo
CLI004387,María Elena,Munguía,Peralta,F,76,Matara,Cajamarca,Cajamarca,Cliente frecuente
CLI004388,Darío,Villareal,Caballero,M,32,Cajamarca,Cajamarca,Cajamarca,Cliente nuevo
CLI004389,Jaime,Vélez,Carmona,M,22,Matara,Cajamarca,Cajamarca,Cliente ocasional
CLI004390,Andrea,Torres,Benavídez,F,21,Cajamarca,Cajamarca,Cajamarca,Cliente frecuente
CLI004391,Leonor,Urías,Cisneros,F,28,Cajamarca,Cajamarca,Cajamarca,Cliente frecuente
CLI004392,Dolores,Arreola,Ontiveros,F,60,Baños del Inca,Cajamarca,Cajamarca,Cliente nuevo
CLI004393,Mercedes,Zarate,Espinoza,F,59,Baños del Inca,Cajamarca,Cajamarca,Cliente ocasional
CLI004394,Francisco Javier,Díaz,Guzmán,M,48,Matara,Cajamarca,Cajamarca,Cliente ocasional
CLI004395,Natividad,Reyes,Salas,F,42,Baños del Inca,Cajamarca,Cajamarca,Cliente ocasional
CLI004396,Camilo,Padilla,Olivares,M,60,Jesús,Cajamarca,Cajamarca,Cliente ocasional
CLI004397,Jaime,Tamez,Aponte,M,19,Baños del Inca,Cajamarca,Cajamarca,Cliente frecuente
CLI004398,Andrea,Montero,Urrutia,F,81,Baños del Inca,Cajamarca,Cajamarca,Cliente frecuente
CLI004399,Evelio,Ornelas,Guerra,M,54,Llacanora,Cajamarca,Cajamarca,Cliente ocasional
CLI004400,Jorge,Rascón,Sáenz,M,83,Baños del Inca,Cajamarca,Cajamarca,Cliente ocasional
CLI004401,Patricia,Lucero,Vélez,F,51,Jesús,Cajamarca,Cajamarca,Cliente ocasional
CLI004402,Lourdes,Villalobos,Camacho,F,78,Cajamarca,Cajamarca,Cajamarca,Cliente ocasional
CLI004403,Jorge Luis,Parra,Juárez,M,76,Baños del Inca,Cajamarca,Cajamarca,Cliente ocasional
CLI004404,Yeni,Mendoza,Fonseca,F,74,Cajamarca,Cajamarca,Cajamarca,Cliente ocasional
CLI004405,José Manuél,Cortez,Quintero,M,21,La Encañada,Cajamarca,Cajamarca,Cliente ocasional
CLI004406,Norma,Limón,Feliciano,F,33,Cajamarca,Cajamarca,Cajamarca,Cliente ocasional
CLI004407,Serafín,Bonilla,Pichardo,M,69,Cajamarca,Cajamarca,Cajamarca,Cliente nuevo
CLI004408,Luis,Lozano,Padrón,M,63,Baños del Inca,Cajamarca,Cajamarca,Cliente ocasional
CLI004409,Uriel,Carrillo,Saiz,M,70,Jesús,Cajamarca,Cajamarca,Cliente nuevo
CLI004410,Delia,Tello,Garza,F,65,Cajamarca,Cajamarca,Cajamarca,Cliente nuevo
CLI004411,José María,Vigil,Alcántar,M,78,Cajamarca,Cajamarca,Cajamarca,Cliente frecuente
CLI004412,Emilia,Santillán,Alfaro,F,51,Cajamarca,Cajamarca,Cajamarca,Cliente frecuente
CLI004413,Eric,Nava,Farías,M,41,Baños del Inca,Cajamarca,Cajamarca,Cliente frecuente
CLI004414,Antonio,Negrete,Cuellar,M,26,Cajamarca,Cajamarca,Cajamarca,Cliente ocasional
CLI004415,Beatriz,Orellana,Heredia,F,82,Cajamarca,Cajamarca,Cajamarca,Cliente frecuente
CLI004416,Esparta,Esquibel,Vergara,F,32,Llacanora,Cajamarca,Cajamarca,Cliente ocasional
CLI004417,Aldo,Delgado,Flores,M,45,La Encañada,Cajamarca,Cajamarca,Cliente frecuente
CLI004418,Leonor,Ornelas,Fernández,F,32,Baños del Inca,Cajamarca,Cajamarca,Cliente ocasional
CLI004419,Eloisa,Rodrígez,Posada,F,59,Baños del Inca,Cajamarca,Cajamarca,Cliente nuevo
CLI004420,Rodolfo,Valdez,Gollum,M,48,Cajamarca,Cajamarca,Cajamarca,Cliente frecuente
CLI004421,Eric,Garibay,Verdugo,M,62,Matara,Cajamarca,Cajamarca,Cliente nuevo
CLI004422,María,Ríos,Rocha,F,46,Jesús,Cajamarca,Cajamarca,Cliente ocasional
CLI004423,Mauro,Valles,Guajardo,M,76,Cajamarca,Cajamarca,Cajamarca,Cliente frecuente
CLI004424,Indira,Flores,Valadez,F,51,La Encañada,Cajamarca,Cajamarca,Cliente ocasional
CLI004425,Alma,Guardado,Gil,F,25,La Encañada,Cajamarca,Cajamarca,Cliente nuevo
CLI004426,René,Niño,Ávalos,M,58,Cajamarca,Cajamarca,Cajamarca,Cliente ocasional
CLI004427,Ariadna,Olivera,Báez,F,66,Cajamarca,Cajamarca,Cajamarca,Cliente frecuente
CLI004428,Israel,de León,Cazares,M,63,Baños del Inca,Cajamarca,Cajamarca,Cliente ocasional
CLI004429,Jorge Luis,Aranda,Soliz,M,24,Matara,Cajamarca,Cajamarca,Cliente ocasional
CLI004430,Mitzy,Salcedo,Quiñónez,F,68,Namora,Cajamarca,Cajamarca,Cliente frecuente
CLI004431,Emiliano,Rivas,Soliz,M,36,Namora,Cajamarca,Cajamarca,Cliente ocasional
CLI004432,Augusto,López,Alarcón,M,77,Cajamarca,Cajamarca,Cajamarca,Cliente nuevo
CLI004433,Vicente,Alba,Portillo,M,80,Jesús,Cajamarca,Cajamarca,Cliente frecuente
CLI004434,Gustavo,Menéndez,Sánchez,M,82,La Encañada,Cajamarca,Cajamarca,Cliente nuevo
CLI004435,Amalia,Quiñónez,Lara,F,20,Cajamarca,Cajamarca,Cajamarca,Cliente nuevo
CLI004436,Reina,Ocasio,Contreras,F,18,Cajamarca,Cajamarca,Cajamarca,Cliente ocasional
CLI004437,Angélica,Romo,Galván,F,39,Baños del Inca,Cajamarca,Cajamarca,Cliente nuevo
CLI004438,Serafín,Uribe,Fernández,M,61,Matara,Cajamarca,Cajamarca,Cliente frecuente
CLI004439,Isabel,Tirado,Maldonado,F,72,Llacanora,Cajamarca,Cajamarca,Cliente frecuente
CLI004440,Tania,Ramón,Arguello,F,61,Cajamarca,Cajamarca,Cajamarca,Cliente nuevo
CLI004441,José Manuél,Godoy,Fajardo,M,58,Namora,Cajamarca,Cajamarca,Cliente ocasional
CLI004442,Aurora,Miranda,Montoya,F,60,Matara,Cajamarca,Cajamarca,Cliente frecuente
CLI004443,Marco Antonio,Barragán,Quintero,M,23,La Encañada,Cajamarca,Cajamarca,Cliente ocasional
CLI004444,María Luisa,Ordóñez,Hernández,F,36,Cajamarca,Cajamarca,Cajamarca,Cliente ocasional
CLI004445,Francisco Javier,Collado,Cintrón,M,55,Cajamarca,Cajamarca,Cajamarca,Cliente frecuente
CLI004446,Conchita,Orosco,Estévez,F,72,Cajamarca,Cajamarca,Cajamarca,Cliente frecuente
CLI004447,Carmen,Zedillo,Rincón,F,38,Baños del Inca,Cajamarca,Cajamarca,Cliente ocasional
CLI004448,Asunción,Otero,Meraz,F,70,Cajamarca,Cajamarca,Cajamarca,Cliente nuevo
CLI004449,Homero,Franco,León,M,73,Jesús,Cajamarca,Cajamarca,Cliente frecuente
CLI004450,Oswaldo,Meraz,Lozada,M,36,Cajamarca,Cajamarca,Cajamarca,Cliente ocasional
CLI004451,Concepción,Fajardo,Fierro,F,24,Baños del Inca,Cajamarca,Cajamarca,Cliente frecuente
CLI004452,Luis Miguel,Terán,Piña,M,77,Cajamarca,Cajamarca,Cajamarca,Cliente ocasional
CLI004453,Mauricio,Alcaraz,Quintanilla,M,29,Baños del Inca,Cajamarca,Cajamarca,Cliente nuevo
CLI004454,Mercedes,Ortiz,Reyna,F,81,Jesús,Cajamarca,Cajamarca,Cliente frecuente
CLI004455,Débora,Rosas,Segura,F,25,Namora,Cajamarca,Cajamarca,Cliente ocasional
CLI004456,Cristobal,Villaseñor,Sotelo,M,85,Cajamarca,Cajamarca,Cajamarca,Cliente ocasional
CLI004457,Estela,Pedraza,Archuleta,F,23,La Encañada,Cajamarca,Cajamarca,Cliente frecuente
CLI004458,Mayte,Iglesias,Montoya,F,61,Baños del Inca,Cajamarca,Cajamarca,Cliente ocasional
CLI004459,Hugo,Frías,Salazar,M,85,La Encañada,Cajamarca,Cajamarca,Cliente ocasional
CLI004460,Rodolfo,Díaz,Tello,M,72,Jesús,Cajamarca,Cajamarca,Cliente frecuente
CLI004461,José,Reséndez,Zamudio,M,68,Jesús,Cajamarca,Cajamarca,Cliente ocasional
CLI004462,Israel,Jaimes,Delgado,M,23,Cajamarca,Cajamarca,Cajamarca,Cliente nuevo
CLI004463,Benjamín,Posada,Velasco,M,42,Cajamarca,Cajamarca,Cajamarca,Cliente ocasional
CLI004464,Benito,Cardenas,Maestas,M,27,Cajamarca,Cajamarca,Cajamarca,Cliente ocasional
CLI004465,Julio César,Botello,Farías,M,83,Cajamarca,Cajamarca,Cajamarca,Cliente ocasional
CLI004466,Noemí,Herrera,Meléndez,F,44,Cajamarca,Cajamarca,Cajamarca,Cliente frecuente
CLI004467,Irene,Acuña,Ulloa,F,55,Cajamarca,Cajamarca,Cajamarca,Cliente nuevo
CLI004468,Eugenio,Sarabia,Macías,M,29,La Encañada,Cajamarca,Cajamarca,Cliente nuevo
CLI004469,Josefina,Sotelo,Escobar,F,41,Llacanora,Cajamarca,Cajamarca,Cliente ocasional
CLI004470,Yolanda,Quiñones,Vela,F,25,Cajamarca,Cajamarca,Cajamarca,Cliente ocasional
CLI004471,Ana María,Ledesma,Roybal,F,26,Llacanora,Cajamarca,Cajamarca,Cliente ocasional
CLI004472,Francisca,Perales,Cotto,F,79,Llacanora,Cajamarca,Cajamarca,Cliente nuevo
CLI004473,Óscar,Aponte,Correa,M,39,Llacanora,Cajamarca,Cajamarca,Cliente frecuente
CLI004474,Ángel,Galarza,Elizondo,M,24,Namora,Cajamarca,Cajamarca,Cliente nuevo
CLI004475,Minerva,Viera,Santiago,F,83,Baños del Inca,Cajamarca,Cajamarca,Cliente ocasional
CLI004476,Débora,Saldaña,Negrete,F,43,Cajamarca,Cajamarca,Cajamarca,Cliente ocasional
CLI004477,Aldo,Ochoa,Pichardo,M,85,Cajamarca,Cajamarca,Cajamarca,Cliente frecuente
CLI004478,Elias,Solano,Ortega,M,29,Cajamarca,Cajamarca,Cajamarca,Cliente frecuente
CLI004479,Liliana,Dueñas,de Anda,F,79,Cajamarca,Cajamarca,Cajamarca,Cliente frecuente
CLI004480,Claudia,Escamilla,Vanegas,F,44,Namora,Cajamarca,Cajamarca,Cliente ocasional
CLI004481,Dalia,Mateo,Altamirano,F,60,La Encañada,Cajamarca,Cajamarca,Cliente ocasional
CLI004482,Lucas,Aguirre,Quesada,M,23,Cajamarca,Cajamarca,Cajamarca,Cliente frecuente
CLI004483,Ignacio,de Jesús,Urbina,M,56,Namora,Cajamarca,Cajamarca,Cliente frecuente
CLI004484,José Eduardo,Córdova,Mora,M,39,Baños del Inca,Cajamarca,Cajamarca,Cliente nuevo
CLI004485,David,Villanueva,Zarate,M,44,Cajamarca,Cajamarca,Cajamarca,Cliente ocasional
CLI004486,Ana Luisa,Sotelo,Verdugo,F,41,Cajamarca,Cajamarca,Cajamarca,Cliente ocasional
CLI004487,Octavio,Véliz,Acevedo,M,85,Cajamarca,Cajamarca,Cajamarca,Cliente ocasional
CLI004488,Rodolfo,Roque,Ceja,M,48,Llacanora,Cajamarca,Cajamarca,Cliente nuevo
CLI004489,Lucas,Cruz,Lemus,M,29,Namora,Cajamarca,Cajamarca,Cliente ocasional
CLI004490,Mayte,Casárez,Puente,F,70,Cajamarca,Cajamarca,Cajamarca,Cliente ocasional
CLI004491,Anabel,Navarro,Cardona,F,44,Cajamarca,Cajamarca,Cajamarca,Cliente frecuente
CLI004492,Celia,Olivera,Alvarado,F,69,Llacanora,Cajamarca,Cajamarca,Cliente ocasional
CLI004493,Uriel,Trejo,Tejeda,M,67,Matara,Cajamarca,Cajamarca,Cliente nuevo
CLI004494,Bernardo,Toro,Berríos,M,85,Jesús,Cajamarca,Cajamarca,Cliente ocasional
CLI004495,Felipe,Nava,Segura,M,78,Cajamarca,Cajamarca,Cajamarca,Cliente nuevo
CLI004496,Amelia,Jiménez,Saavedra,F,54,Cajamarca,Cajamarca,Cajamarca,Cliente ocasional
CLI004497,Gabriel,Almaraz,Matos,M,51,Matara,Cajamarca,Cajamarca,Cliente ocasional
CLI004498,Alta  Gracia,Batista,Lebrón,F,23,Baños del Inca,Cajamarca,Cajamarca,Cliente nuevo
CLI004499,Rosa,Pabón,Orta,F,83,Baños del Inca,Cajamarca,Cajamarca,Cliente ocasional
CLI004500,Magdalena,Arenas,Piña,F,69,Cajamarca,Cajamarca,Cajamarca,Cliente frecuente
CLI004501,Mario,Prieto,Pérez,M,73,Llacanora,Cajamarca,Cajamarca,Cliente nuevo
CLI004502,Augusto,Grijalva,Páez,M,79,Cajamarca,Cajamarca,Cajamarca,Cliente ocasional
CLI004503,Elias,Perales,Caldera,M,48,Llacanora,Cajamarca,Cajamarca,Cliente frecuente
CLI004504,Asunción,Serrato,Guzmán,F,69,Cajamarca,Cajamarca,Cajamarca,Cliente frecuente
CLI004505,Abraham,de la Fuente,Portillo,M,74,Cajamarca,Cajamarca,Cajamarca,Cliente frecuente
CLI004506,Julio César,Salinas,Sevilla,M,82,Cajamarca,Cajamarca,Cajamarca,Cliente frecuente
CLI004507,Alicia,Pelayo,Amaya,F,81,Cajamarca,Cajamarca,Cajamarca,Cliente ocasional
CLI004508,Rubén,Adame,Ávalos,M,50,Cajamarca,Cajamarca,Cajamarca,Cliente ocasional
CLI004509,Clemente,Sisneros,Ordóñez,M,45,Cajamarca,Cajamarca,Cajamarca,Cliente frecuente
CLI004510,Hilda,Angulo,Mojica,F,70,Cajamarca,Cajamarca,Cajamarca,Cliente ocasional
CLI004511,Eugenia,Laboy,Sauceda,F,81,Baños del Inca,Cajamarca,Cajamarca,Cliente ocasional
CLI004512,Aurora,Ozuna,Negrete,F,31,Llacanora,Cajamarca,Cajamarca,Cliente ocasional
CLI004513,Luis Manuel,Mascareñas,Montero,M,68,Matara,Cajamarca,Cajamarca,Cliente frecuente
CLI004514,Ernesto,Aragón,Mateo,M,84,La Encañada,Cajamarca,Cajamarca,Cliente ocasional
CLI004515,Blanca,Jurado,Terán,F,41,Llacanora,Cajamarca,Cajamarca,Cliente ocasional
CLI004516,Elvia,Elizondo,Macías,F,72,Cajamarca,Cajamarca,Cajamarca,Cliente frecuente
CLI004517,Nicolás,Flores,Quiñónez,M,77,Llacanora,Cajamarca,Cajamarca,Cliente frecuente
CLI004518,Paola,Carrero,Quiroz,F,54,Jesús,Cajamarca,Cajamarca,Cliente ocasional
CLI004519,Bruno,Santillán,Tamayo,M,64,Cajamarca,Cajamarca,Cajamarca,Cliente ocasional
CLI004520,Camilo,Avilés,Medrano,M,30,Cajamarca,Cajamarca,Cajamarca,Cliente ocasional
CLI004521,Raúl,Tirado,Gurule,M,41,La Encañada,Cajamarca,Cajamarca,Cliente frecuente
CLI004522,Sergio,Hernandes,Rangel,M,61,Cajamarca,Cajamarca,Cajamarca,Cliente nuevo
CLI004523,Jerónimo,Posada,Villegas,M,29,Jesús,Cajamarca,Cajamarca,Cliente frecuente
CLI004524,Francisco,de la O,Páez,M,46,Baños del Inca,Cajamarca,Cajamarca,Cliente frecuente
CLI004525,José,Berríos,Ferrer,M,44,Jesús,Cajamarca,Cajamarca,Cliente frecuente
CLI004526,Camila,Linares,Acosta,F,32,Baños del Inca,Cajamarca,Cajamarca,Cliente ocasional
CLI004527,Leonardo,Lira,Soliz,M,42,Namora,Cajamarca,Cajamarca,Cliente ocasional
CLI004528,María Luisa,Urbina,Arredondo,F,56,La Encañada,Cajamarca,Cajamarca,Cliente ocasional
CLI004529,Wendolin,Mena,Sisneros,F,41,Baños del Inca,Cajamarca,Cajamarca,Cliente ocasional
CLI004530,Paulina,Robles,Casárez,F,61,Jesús,Cajamarca,Cajamarca,Cliente frecuente
CLI004531,Citlali,Guevara,Barrios,F,49,Namora,Cajamarca,Cajamarca,Cliente frecuente
CLI004532,José Carlos,Ríos,Castro,M,82,Llacanora,Cajamarca,Cajamarca,Cliente frecuente
CLI004533,Marisol,Puente,Villalobos,F,69,Llacanora,Cajamarca,Cajamarca,Cliente nuevo
CLI004534,Cecilia,Mata,Huerta,F,51,Baños del Inca,Cajamarca,Cajamarca,Cliente ocasional
CLI004535,Beatriz,Cadena,de la Garza,F,45,La Encañada,Cajamarca,Cajamarca,Cliente nuevo
CLI004536,Elisa,Oquendo,Lara,F,77,La Encañada,Cajamarca,Cajamarca,Cliente ocasional
CLI004537,Clemente,Saavedra,Sosa,M,58,Llacanora,Cajamarca,Cajamarca,Cliente frecuente
CLI004538,Anabel,Puente,Pabón,F,19,Jesús,Cajamarca,Cajamarca,Cliente nuevo
CLI004539,Gerónimo,Cervántez,Benítez,M,61,Cajamarca,Cajamarca,Cajamarca,Cliente nuevo
CLI004540,Uriel,Gurule,Mayorga,M,47,Jesús,Cajamarca,Cajamarca,Cliente nuevo
CLI004541,Natalia,Valenzuela,Gómez,F,23,La Encañada,Cajamarca,Cajamarca,Cliente frecuente
CLI004542,Nicolás,Rangel,Anaya,M,19,Cajamarca,Cajamarca,Cajamarca,Cliente nuevo
CLI004543,Santiago,Amador,Suárez,M,54,Llacanora,Cajamarca,Cajamarca,Cliente nuevo
CLI004544,Soledad,Bravo,Ponce,F,27,Jesús,Cajamarca,Cajamarca,Cliente ocasional
CLI004545,Alta  Gracia,Gallardo,Montero,F,42,Namora,Cajamarca,Cajamarca,Cliente frecuente
CLI004546,Rosario,Otero,Botello,F,83,Cajamarca,Cajamarca,Cajamarca,Cliente ocasional
CLI004547,Violeta,Granados,Jaramillo,F,54,La Encañada,Cajamarca,Cajamarca,Cliente ocasional
CLI004548,Sergio,Cadena,Gamboa,M,30,Cajamarca,Cajamarca,Cajamarca,Cliente ocasional
CLI004549,Federico,Páez,Jáquez,M,50,La Encañada,Cajamarca,Cajamarca,Cliente ocasional
CLI004550,Emilia,Alcaraz,Gaitán,F,69,Baños del Inca,Cajamarca,Cajamarca,Cliente ocasional
CLI004551,Camilo,Cabán,Zapata,M,41,Cajamarca,Cajamarca,Cajamarca,Cliente ocasional
CLI004552,Rafaél,Carrillo,Ochoa,M,20,Matara,Cajamarca,Cajamarca,Cliente frecuente
CLI004553,Pedro,Bétancourt,Casillas,M,76,Namora,Cajamarca,Cajamarca,Cliente frecuente
CLI004554,Concepción,Palomo,Moya,F,54,Cajamarca,Cajamarca,Cajamarca,Cliente ocasional
CLI004555,Elias,Vargas,Muñoz,M,59,Cajamarca,Cajamarca,Cajamarca,Cliente ocasional
CLI004556,Luis Miguel,Rosas,Navarro,M,76,Cajamarca,Cajamarca,Cajamarca,Cliente frecuente
CLI004557,Eduardo,Terán,Gaytán,M,39,La Encañada,Cajamarca,Cajamarca,Cliente nuevo
CLI004558,Antonio,Torres,Arredondo,M,34,Baños del Inca,Cajamarca,Cajamarca,Cliente nuevo
CLI004559,Natalia,López,Meléndez,F,64,Baños del Inca,Cajamarca,Cajamarca,Cliente ocasional
CLI004560,Bruno,Urrutia,Saiz,M,40,Baños del Inca,Cajamarca,Cajamarca,Cliente frecuente
CLI004561,Perla,Reséndez,Patiño,F,37,Cajamarca,Cajamarca,Cajamarca,Cliente frecuente
CLI004562,Gilberto,Arguello,Lugo,M,23,Cajamarca,Cajamarca,Cajamarca,Cliente ocasional
CLI004563,Guillermo,de la Garza,Matías,M,71,Baños del Inca,Cajamarca,Cajamarca,Cliente nuevo
CLI004564,Wilfrido,Aponte,Palomino,M,68,Llacanora,Cajamarca,Cajamarca,Cliente frecuente
CLI004565,Genaro,Pineda,Guillen,M,73,Baños del Inca,Cajamarca,Cajamarca,Cliente frecuente
CLI004566,Patricia,Saldivar,Tijerina,F,26,Cajamarca,Cajamarca,Cajamarca,Cliente frecuente
CLI004567,Susana,Briseño,Sotelo,F,61,La Encañada,Cajamarca,Cajamarca,Cliente nuevo
CLI004568,Uriel,Pineda,Munguía,M,37,Cajamarca,Cajamarca,Cajamarca,Cliente ocasional
CLI004569,Zacarías,Muñiz,Elizondo,M,84,Llacanora,Cajamarca,Cajamarca,Cliente ocasional
CLI004570,Itzel,Sarabia,Arevalo,F,75,Cajamarca,Cajamarca,Cajamarca,Cliente nuevo
CLI004571,Guillermina,Palomo,Apodaca,F,38,Cajamarca,Cajamarca,Cajamarca,Cliente frecuente
CLI004572,Claudio,Barrera,Tapia,M,30,La Encañada,Cajamarca,Cajamarca,Cliente frecuente
CLI004573,Abraham,Cruz,Rivas,M,36,Cajamarca,Cajamarca,Cajamarca,Cliente ocasional
CLI004574,Esmeralda,Cordero,Ybarra,F,47,Cajamarca,Cajamarca,Cajamarca,Cliente ocasional
CLI004575,Yuridia,Castellanos,Olivera,F,21,Namora,Cajamarca,Cajamarca,Cliente ocasional
CLI004576,Jesús,Guerra,Flores,M,51,Llacanora,Cajamarca,Cajamarca,Cliente ocasional
CLI004577,Delia,Vázquez,Escobedo,F,22,Jesús,Cajamarca,Cajamarca,Cliente frecuente
CLI004578,Martín,Gallardo,Verdugo,M,81,Cajamarca,Cajamarca,Cajamarca,Cliente nuevo
CLI004579,Estela,Collazo,Carrión,F,46,Cajamarca,Cajamarca,Cajamarca,Cliente ocasional
CLI004580,Angélica,Rodríguez,Barrera,F,64,Baños del Inca,Cajamarca,Cajamarca,Cliente nuevo
CLI004581,Guadalupe,Cisneros,Amador,F,40,Baños del Inca,Cajamarca,Cajamarca,Cliente nuevo
CLI004582,Blanca,Nieves,Polanco,F,74,Cajamarca,Cajamarca,Cajamarca,Cliente nuevo
CLI004583,Georgina,Guevara,Vergara,F,44,Baños del Inca,Cajamarca,Cajamarca,Cliente frecuente
CLI004584,Aurelio,Ramos,Montaño,M,31,Cajamarca,Cajamarca,Cajamarca,Cliente nuevo
CLI004585,Judith,Palomino,González,F,69,Cajamarca,Cajamarca,Cajamarca,Cliente ocasional
CLI004586,Oswaldo,Valle,Mercado,M,69,Matara,Cajamarca,Cajamarca,Cliente frecuente
CLI004587,Julia,Zelaya,Garibay,F,28,Cajamarca,Cajamarca,Cajamarca,Cliente ocasional
CLI004588,Leonardo,Colón,Velasco,M,19,Jesús,Cajamarca,Cajamarca,Cliente ocasional
CLI004589,José,Rodríquez,Orellana,M,50,Cajamarca,Cajamarca,Cajamarca,Cliente ocasional
CLI004590,Genaro,Orozco,Delgadillo,M,58,Cajamarca,Cajamarca,Cajamarca,Cliente ocasional
CLI004591,Rocío,de la Fuente,Jasso,F,27,Baños del Inca,Cajamarca,Cajamarca,Cliente frecuente
CLI004592,Carolina,Bueno,Pabón,F,72,La Encañada,Cajamarca,Cajamarca,Cliente frecuente
CLI004593,Marisela,Heredia,Alfaro,F,53,Cajamarca,Cajamarca,Cajamarca,Cliente nuevo
CLI004594,Germán,Archuleta,Aranda,M,59,Namora,Cajamarca,Cajamarca,Cliente ocasional
CLI004595,Héctor,Ruiz,Pérez,M,26,Cajamarca,Cajamarca,Cajamarca,Cliente ocasional
CLI004596,Rafaél,Correa,Campos,M,27,Cajamarca,Cajamarca,Cajamarca,Cliente ocasional
CLI004597,Bianca,Niño,Solís,F,38,Baños del Inca,Cajamarca,Cajamarca,Cliente ocasional
CLI004598,Patricia,Castro,Castellanos,F,50,Namora,Cajamarca,Cajamarca,Cliente nuevo
CLI004599,Porfirio,Griego,Serrano,M,23,Cajamarca,Cajamarca,Cajamarca,Cliente ocasional
CLI004600,Alfonso,de la Crúz,Cardona,M,64,La Encañada,Cajamarca,Cajamarca,Cliente frecuente
CLI004601,Alvaro,Tijerina,Longoria,M,48,Cajamarca,Cajamarca,Cajamarca,Cliente frecuente
CLI004602,Israel,Sauceda,Valdez,M,22,Cajamarca,Cajamarca,Cajamarca,Cliente frecuente
CLI004603,Mónica,Guillen,Valle,F,36,Llacanora,Cajamarca,Cajamarca,Cliente frecuente
CLI004604,Pilar,Otero,Reynoso,F,59,Namora,Cajamarca,Cajamarca,Cliente ocasional
CLI004605,Vanesa,Cervantes,Orta,F,46,La Encañada,Cajamarca,Cajamarca,Cliente ocasional
CLI004606,Jerónimo,Palomo,Ulibarri,M,72,Baños del Inca,Cajamarca,Cajamarca,Cliente ocasional
CLI004607,Soledad,Holguín,Ríos,F,41,Cajamarca,Cajamarca,Cajamarca,Cliente frecuente
CLI004608,Gregorio,Curiel,Escamilla,M,36,Matara,Cajamarca,Cajamarca,Cliente frecuente
CLI004609,Violeta,Núñez,Valles,F,60,Cajamarca,Cajamarca,Cajamarca,Cliente ocasional
CLI004610,Ofelia,Monroy,Mejía,F,85,Jesús,Cajamarca,Cajamarca,Cliente frecuente
CLI004611,Marisela,Bueno,Saiz,F,69,Baños del Inca,Cajamarca,Cajamarca,Cliente frecuente
CLI004612,Lucía,Ceja,Piña,F,61,Namora,Cajamarca,Cajamarca,Cliente nuevo
CLI004613,María Teresa,López,Lerma,F,67,Cajamarca,Cajamarca,Cajamarca,Cliente frecuente
CLI004614,Lucas,Maldonado,Ocampo,M,74,Baños del Inca,Cajamarca,Cajamarca,Cliente nuevo
CLI004615,Sessa,Contreras,Márquez,F,59,Cajamarca,Cajamarca,Cajamarca,Cliente frecuente
CLI004616,Alonso,Tovar,Rodarte,M,33,Jesús,Cajamarca,Cajamarca,Cliente ocasional
CLI004617,Aldonza,Jaimes,Hernández,F,22,Llacanora,Cajamarca,Cajamarca,Cliente frecuente
CLI004618,Óliver,Ruiz,Fierro,M,58,Llacanora,Cajamarca,Cajamarca,Cliente nuevo
CLI004619,Rufino,Blanco,Mateo,M,27,Cajamarca,Cajamarca,Cajamarca,Cliente ocasional
CLI004620,Vicente,Villarreal,Verduzco,M,62,Cajamarca,Cajamarca,Cajamarca,Cliente frecuente
CLI004621,Pedro,Montenegro,Pedraza,M,72,Namora,Cajamarca,Cajamarca,Cliente frecuente
CLI004622,Víctor,Ontiveros,Sierra,M,44,Cajamarca,Cajamarca,Cajamarca,Cliente frecuente
CLI004623,Mauro,Palomino,Chapa,M,64,La Encañada,Cajamarca,Cajamarca,Cliente ocasional
CLI004624,Daniel,Aguilar,Meza,M,18,Baños del Inca,Cajamarca,Cajamarca,Cliente nuevo
CLI004625,Ramón,Salas,Valadez,M,81,Baños del Inca,Cajamarca,Cajamarca,Cliente frecuente
CLI004626,Benito,Tamez,Serrato,M,38,Llacanora,Cajamarca,Cajamarca,Cliente ocasional
CLI004627,Espartaco,Rendón,Escobedo,M,26,Namora,Cajamarca,Cajamarca,Cliente frecuente
CLI004628,Eduardo,Badillo,Ávila,M,66,Llacanora,Cajamarca,Cajamarca,Cliente nuevo
CLI004629,Ariadna,Haro,Jaramillo,F,72,Cajamarca,Cajamarca,Cajamarca,Cliente ocasional
CLI004630,Luisa,Rodríguez,Zambrano,F,30,Cajamarca,Cajamarca,Cajamarca,Cliente ocasional
CLI004631,Cecilia,Jiménez,Lucero,F,43,Cajamarca,Cajamarca,Cajamarca,Cliente nuevo
CLI004632,Jesús,Arteaga,Escobar,M,62,Llacanora,Cajamarca,Cajamarca,Cliente ocasional
CLI004633,Óliver,Bañuelos,Espinosa,M,18,Baños del Inca,Cajamarca,Cajamarca,Cliente ocasional
CLI004634,Margarita,Becerra,Guevara,F,25,Jesús,Cajamarca,Cajamarca,Cliente ocasional
CLI004635,Luis Miguel,Nieto,Sarabia,M,71,Baños del Inca,Cajamarca,Cajamarca,Cliente frecuente
CLI004636,Mauro,Rascón,Manzanares,M,55,La Encañada,Cajamarca,Cajamarca,Cliente ocasional
CLI004637,Roberto,Chavarría,Guardado,M,82,Llacanora,Cajamarca,Cajamarca,Cliente frecuente
CLI004638,Ricardo,Maya,Nieto,M,22,Llacanora,Cajamarca,Cajamarca,Cliente frecuente
CLI004639,Olivia,Casárez,Nava,F,41,Cajamarca,Cajamarca,Cajamarca,Cliente ocasional
CLI004640,Israel,Martínez,Negrón,M,57,Cajamarca,Cajamarca,Cajamarca,Cliente frecuente
CLI004641,Miriam,Ballesteros,Gil,F,46,Cajamarca,Cajamarca,Cajamarca,Cliente ocasional
CLI004642,Clemente,Alvarado,Aparicio,M,42,Baños del Inca,Cajamarca,Cajamarca,Cliente frecuente
CLI004643,Rebeca,Montemayor,Solorio,F,22,Matara,Cajamarca,Cajamarca,Cliente ocasional
CLI004644,Miguel,Arteaga,Carreón,M,72,La Encañada,Cajamarca,Cajamarca,Cliente ocasional
CLI004645,Socorro,Armendáriz,Olivo,F,54,Baños del Inca,Cajamarca,Cajamarca,Cliente frecuente
CLI004646,Carla,Griego,Blanco,F,47,Baños del Inca,Cajamarca,Cajamarca,Cliente ocasional
CLI004647,Hilda,Gurule,Pichardo,F,76,La Encañada,Cajamarca,Cajamarca,Cliente ocasional
CLI004648,Jacinto,Apodaca,Loya,M,24,Cajamarca,Cajamarca,Cajamarca,Cliente nuevo
CLI004649,Carmen,de la Fuente,Angulo,F,81,Cajamarca,Cajamarca,Cajamarca,Cliente ocasional
CLI004650,Rodolfo,Esparza,Gonzales,M,20,Cajamarca,Cajamarca,Cajamarca,Cliente frecuente
CLI004651,Marcela,Carrero,Noriega,F,47,Jesús,Cajamarca,Cajamarca,Cliente frecuente
CLI004652,Federico,Guerrero,Vera,M,52,Cajamarca,Cajamarca,Cajamarca,Cliente frecuente
CLI004653,Gabino,Grijalva,Véliz,M,52,Cajamarca,Cajamarca,Cajamarca,Cliente ocasional
CLI004654,Tomás,Pérez,Benavídez,M,33,La Encañada,Cajamarca,Cajamarca,Cliente frecuente
CLI004655,Estefanía,Salinas,Ramón,F,50,Baños del Inca,Cajamarca,Cajamarca,Cliente frecuente
CLI004656,Cristina,Franco,Hinojosa,F,67,Namora,Cajamarca,Cajamarca,Cliente ocasional
CLI004657,Ricardo,Linares,Yáñez,M,30,La Encañada,Cajamarca,Cajamarca,Cliente ocasional
CLI004658,Angélica,Caraballo,Gallardo,F,55,Namora,Cajamarca,Cajamarca,Cliente ocasional
CLI004659,Luis Manuel,Orozco,Almanza,M,70,Cajamarca,Cajamarca,Cajamarca,Cliente ocasional
CLI004660,Patricia,Acuña,Marroquín,F,36,La Encañada,Cajamarca,Cajamarca,Cliente ocasional
CLI004661,Darío,Montaño,Bravo,M,37,Matara,Cajamarca,Cajamarca,Cliente ocasional
CLI004662,Vicente,Mondragón,Burgos,M,81,La Encañada,Cajamarca,Cajamarca,Cliente ocasional
CLI004663,Zacarías,Lemus,Curiel,M,37,Namora,Cajamarca,Cajamarca,Cliente ocasional
CLI004664,Pascual,Manzanares,Granado,M,43,Cajamarca,Cajamarca,Cajamarca,Cliente ocasional
CLI004665,Manuel,Cano,Curiel,M,31,Cajamarca,Cajamarca,Cajamarca,Cliente ocasional
CLI004666,Fidel,Cervantes,López,M,51,Jesús,Cajamarca,Cajamarca,Cliente frecuente
CLI004667,Agustín,Delgadillo,Medina,M,44,Cajamarca,Cajamarca,Cajamarca,Cliente frecuente
CLI004668,María Eugenia,Saavedra,Padilla,F,77,Cajamarca,Cajamarca,Cajamarca,Cliente frecuente
CLI004669,Sessa,Salazar,Vázquez,F,26,Baños del Inca,Cajamarca,Cajamarca,Cliente frecuente
CLI004670,Tania,Mendoza,Mota,F,65,Jesús,Cajamarca,Cajamarca,Cliente nuevo
CLI004671,Antonio,Arroyo,Mendoza,M,57,Cajamarca,Cajamarca,Cajamarca,Cliente ocasional
CLI004672,Elisa,Calderón,Alfaro,F,69,Namora,Cajamarca,Cajamarca,Cliente nuevo
CLI004673,Jorge,Ayala,Díaz,M,69,Matara,Cajamarca,Cajamarca,Cliente frecuente
CLI004674,Daniel,Calderón,Balderas,M,53,Llacanora,Cajamarca,Cajamarca,Cliente ocasional
CLI004675,Úrsula,Serrano,Briones,F,18,Cajamarca,Cajamarca,Cajamarca,Cliente nuevo
CLI004676,Sessa,Corrales,Valverde,F,37,Llacanora,Cajamarca,Cajamarca,Cliente frecuente
CLI004677,Evelio,Monroy,Arevalo,M,53,Cajamarca,Cajamarca,Cajamarca,Cliente ocasional
CLI004678,Zacarías,Velásquez,Archuleta,M,40,Llacanora,Cajamarca,Cajamarca,Cliente nuevo
CLI004679,Omar,Centeno,Casas,M,18,Baños del Inca,Cajamarca,Cajamarca,Cliente frecuente
CLI004680,Gerónimo,Manzanares,Arteaga,M,25,Llacanora,Cajamarca,Cajamarca,Cliente ocasional
CLI004681,Claudio,Vásquez,Griego,M,19,Baños del Inca,Cajamarca,Cajamarca,Cliente nuevo
CLI004682,Teodoro,Cabán,Orozco,M,39,Jesús,Cajamarca,Cajamarca,Cliente ocasional
CLI004683,Eloisa,Montenegro,Quesada,F,75,La Encañada,Cajamarca,Cajamarca,Cliente nuevo
CLI004684,Linda,Varela,Covarrubias,F,73,Jesús,Cajamarca,Cajamarca,Cliente ocasional
CLI004685,Abigail,Espino,Villalpando,F,30,La Encañada,Cajamarca,Cajamarca,Cliente frecuente
CLI004686,Dulce María,Armendáriz,Quintana,F,81,Namora,Cajamarca,Cajamarca,Cliente frecuente
CLI004687,Dolores,Lucio,Benavides,F,80,Cajamarca,Cajamarca,Cajamarca,Cliente ocasional
CLI004688,Eva,Moreno,Vergara,F,72,Jesús,Cajamarca,Cajamarca,Cliente frecuente
CLI004689,Flavio,Botello,Llamas,M,81,Matara,Cajamarca,Cajamarca,Cliente nuevo
CLI004690,Paola,Pedraza,Valenzuela,F,59,Jesús,Cajamarca,Cajamarca,Cliente frecuente
CLI004691,Nadia,Arreola,Sisneros,F,50,Cajamarca,Cajamarca,Cajamarca,Cliente ocasional
CLI004692,Micaela,de León,Raya,F,39,Baños del Inca,Cajamarca,Cajamarca,Cliente ocasional
CLI004693,Jorge Luis,de Anda,Elizondo,M,71,Baños del Inca,Cajamarca,Cajamarca,Cliente frecuente
CLI004694,Celia,Ibarra,Partida,F,46,Matara,Cajamarca,Cajamarca,Cliente frecuente
CLI004695,Rubén,Burgos,Canales,M,63,Cajamarca,Cajamarca,Cajamarca,Cliente ocasional
CLI004696,Alfredo,Villareal,Loera,M,72,Baños del Inca,Cajamarca,Cajamarca,Cliente ocasional
CLI004697,Virginia,Laboy,Mayorga,F,20,Cajamarca,Cajamarca,Cajamarca,Cliente ocasional
CLI004698,Ignacio,Espinal,Barrios,M,22,Baños del Inca,Cajamarca,Cajamarca,Cliente nuevo
CLI004699,Magdalena,Acevedo,Méndez,F,61,La Encañada,Cajamarca,Cajamarca,Cliente ocasional
CLI004700,Juan Carlos,Rendón,Ramírez,M,26,Llacanora,Cajamarca,Cajamarca,Cliente ocasional
CLI004701,Diana,Velasco,Loya,F,61,Baños del Inca,Cajamarca,Cajamarca,Cliente ocasional
CLI004702,Irene,Aguilera,Villa,F,28,Cajamarca,Cajamarca,Cajamarca,Cliente ocasional
CLI004703,Mauricio,Dueñas,Lovato,M,23,Baños del Inca,Cajamarca,Cajamarca,Cliente nuevo
CLI004704,Yeni,Robledo,Barrios,F,18,Baños del Inca,Cajamarca,Cajamarca,Cliente frecuente
CLI004705,Adela,Bahena,Ceballos,F,72,La Encañada,Cajamarca,Cajamarca,Cliente frecuente
CLI004706,Lucía,Villagómez,Griego,F,77,Cajamarca,Cajamarca,Cajamarca,Cliente ocasional
CLI004707,Tania,Gonzales,Vigil,F,25,Matara,Cajamarca,Cajamarca,Cliente nuevo
CLI004708,César,Sosa,Madrid,M,59,Namora,Cajamarca,Cajamarca,Cliente ocasional
CLI004709,Armando,Ríos,Montañez,M,27,Matara,Cajamarca,Cajamarca,Cliente ocasional
CLI004710,Ivonne,Palomo,Sevilla,F,52,Cajamarca,Cajamarca,Cajamarca,Cliente ocasional
CLI004711,Jesús,Cazares,Perales,M,53,Cajamarca,Cajamarca,Cajamarca,Cliente frecuente
CLI004712,Esther,Rodríquez,Casillas,F,81,Cajamarca,Cajamarca,Cajamarca,Cliente frecuente
CLI004713,Luisa,Carrasco,Covarrubias,F,40,Jesús,Cajamarca,Cajamarca,Cliente nuevo
CLI004714,Eloisa,Archuleta,Pelayo,F,84,Llacanora,Cajamarca,Cajamarca,Cliente nuevo
CLI004715,Raquel,Cornejo,Juárez,F,19,Namora,Cajamarca,Cajamarca,Cliente ocasional
CLI004716,Elvia,Cervántez,Ceballos,F,36,Llacanora,Cajamarca,Cajamarca,Cliente ocasional
CLI004717,Ernesto,Mata,Méndez,M,72,La Encañada,Cajamarca,Cajamarca,Cliente frecuente
CLI004718,Diego,Lovato,Cotto,M,20,Jesús,Cajamarca,Cajamarca,Cliente ocasional
CLI004719,Abel,Prieto,Olivárez,M,52,Cajamarca,Cajamarca,Cajamarca,Cliente nuevo
CLI004720,Miguel Ángel,Aguilera,Garica,M,64,Cajamarca,Cajamarca,Cajamarca,Cliente nuevo
CLI004721,Hernán,Linares,Holguín,M,80,Llacanora,Cajamarca,Cajamarca,Cliente frecuente
CLI004722,Octavio,Olivares,Armas,M,51,Baños del Inca,Cajamarca,Cajamarca,Cliente frecuente
CLI004723,Ramiro,Tello,Lara,M,22,Cajamarca,Cajamarca,Cajamarca,Cliente nuevo
CLI004724,Víctor,Rojo,Farías,M,55,Cajamarca,Cajamarca,Cajamarca,Cliente ocasional
CLI004725,Alta  Gracia,Gaytán,López,F,47,La Encañada,Cajamarca,Cajamarca,Cliente ocasional
CLI004726,Esparta,Olivera,Escobar,F,31,Cajamarca,Cajamarca,Cajamarca,Cliente nuevo
CLI004727,Ariadna,Girón,Loera,F,33,Baños del Inca,Cajamarca,Cajamarca,Cliente ocasional
CLI004728,Ana María,Rosas,Quezada,F,18,Jesús,Cajamarca,Cajamarca,Cliente frecuente
CLI004729,Salvador,Caraballo,Garica,M,82,Llacanora,Cajamarca,Cajamarca,Cliente ocasional
CLI004730,Gabriel,Carranza,Peña,M,43,Cajamarca,Cajamarca,Cajamarca,Cliente ocasional
CLI004731,Anel,Castañeda,Arce,F,31,Llacanora,Cajamarca,Cajamarca,Cliente frecuente
CLI004732,Tania,Casares,Domínguez,F,42,Namora,Cajamarca,Cajamarca,Cliente ocasional
CLI004733,Bruno,Casas,Carrasco,M,77,La Encañada,Cajamarca,Cajamarca,Cliente ocasional
CLI004734,Hermelinda,Gaitán,Maya,F,51,Llacanora,Cajamarca,Cajamarca,Cliente ocasional
CLI004735,Carlota,Salcido,Soliz,F,55,La Encañada,Cajamarca,Cajamarca,Cliente ocasional
CLI004736,Esther,Amador,Ramón,F,74,La Encañada,Cajamarca,Cajamarca,Cliente nuevo
CLI004737,Adán,Rincón,Blanco,M,19,La Encañada,Cajamarca,Cajamarca,Cliente ocasional
CLI004738,Porfirio,Segovia,Altamirano,M,25,Cajamarca,Cajamarca,Cajamarca,Cliente ocasional
CLI004739,Roberto,Candelaria,Nájera,M,56,Baños del Inca,Cajamarca,Cajamarca,Cliente ocasional
CLI004740,Claudia,Benavídez,Matos,F,76,La Encañada,Cajamarca,Cajamarca,Cliente ocasional
CLI004741,Miguel Ángel,Altamirano,Alonso,M,21,La Encañada,Cajamarca,Cajamarca,Cliente frecuente
CLI004742,Elvira,Rendón,Palomo,F,48,Matara,Cajamarca,Cajamarca,Cliente ocasional
CLI004743,Rebeca,Arredondo,Montes,F,23,Namora,Cajamarca,Cajamarca,Cliente ocasional
CLI004744,Luisa,Ornelas,Villalpando,F,83,Cajamarca,Cajamarca,Cajamarca,Cliente ocasional
CLI004745,Sara,Puente,Bétancourt,F,57,Matara,Cajamarca,Cajamarca,Cliente nuevo
CLI004746,Alonso,Madrid,Leal,M,39,Cajamarca,Cajamarca,Cajamarca,Cliente ocasional
CLI004747,Gloria,Abrego,Fierro,F,31,Cajamarca,Cajamarca,Cajamarca,Cliente nuevo
CLI004748,Caridad,Verdugo,Salazar,F,56,Cajamarca,Cajamarca,Cajamarca,Cliente nuevo
CLI004749,Gregorio,Sandoval,Lebrón,M,83,Cajamarca,Cajamarca,Cajamarca,Cliente frecuente
CLI004750,Cecilia,de Jesús,Centeno,F,33,Cajamarca,Cajamarca,Cajamarca,Cliente ocasional
CLI004751,Aurora,Pineda,Matías,F,46,Cajamarca,Cajamarca,Cajamarca,Cliente frecuente
CLI004752,María,Collazo,Rodríguez,F,79,Cajamarca,Cajamarca,Cajamarca,Cliente frecuente
CLI004753,Alejandro,de León,Carranza,M,76,Llacanora,Cajamarca,Cajamarca,Cliente ocasional
CLI004754,Pamela,Saiz,Matos,F,47,Cajamarca,Cajamarca,Cajamarca,Cliente ocasional
CLI004755,Ricardo,Carvajal,Casas,M,56,La Encañada,Cajamarca,Cajamarca,Cliente frecuente
CLI004756,Ivonne,Godoy,Castañeda,F,45,Llacanora,Cajamarca,Cajamarca,Cliente ocasional
CLI004757,Alvaro,Botello,Laureano,M,24,Cajamarca,Cajamarca,Cajamarca,Cliente ocasional
CLI004758,Irma,Báez,Leal,F,53,Cajamarca,Cajamarca,Cajamarca,Cliente nuevo
CLI004759,Nelly,Salgado,Preciado,F,36,Cajamarca,Cajamarca,Cajamarca,Cliente frecuente
CLI004760,Marisela,Armendáriz,Velasco,F,64,Cajamarca,Cajamarca,Cajamarca,Cliente ocasional
CLI004761,Soledad,Ceballos,Melgar,F,44,Cajamarca,Cajamarca,Cajamarca,Cliente frecuente
CLI004762,José Manuél,Fierro,Rolón,M,74,Cajamarca,Cajamarca,Cajamarca,Cliente ocasional
CLI004763,Pedro,Zelaya,Almonte,M,70,Cajamarca,Cajamarca,Cajamarca,Cliente nuevo
CLI004764,Carlota,Hernández,Rendón,F,85,Cajamarca,Cajamarca,Cajamarca,Cliente ocasional
CLI004765,Leonel,Verduzco,Noriega,M,29,Llacanora,Cajamarca,Cajamarca,Cliente nuevo
CLI004766,Celia,Cortés,Aguayo,F,33,Cajamarca,Cajamarca,Cajamarca,Cliente nuevo
CLI004767,Natalia,Montalvo,Botello,F,62,Llacanora,Cajamarca,Cajamarca,Cliente nuevo
CLI004768,Jos,Berríos,Tejeda,M,20,Baños del Inca,Cajamarca,Cajamarca,Cliente frecuente
CLI004769,Angélica,de la Torre,Soria,F,83,Cajamarca,Cajamarca,Cajamarca,Cliente ocasional
CLI004770,Teodoro,Almonte,Lucio,M,49,Cajamarca,Cajamarca,Cajamarca,Cliente nuevo
CLI004771,Rafaél,Mesa,Herrera,M,84,Matara,Cajamarca,Cajamarca,Cliente nuevo
CLI004772,Alta  Gracia,Balderas,Espinoza,F,79,Cajamarca,Cajamarca,Cajamarca,Cliente frecuente
CLI004773,Alfonso,Rojas,Pizarro,M,33,Matara,Cajamarca,Cajamarca,Cliente frecuente
CLI004774,María Teresa,Valadez,Alarcón,F,51,Llacanora,Cajamarca,Cajamarca,Cliente ocasional
CLI004775,Jesús,Grijalva,Becerra,M,76,Cajamarca,Cajamarca,Cajamarca,Cliente ocasional
CLI004776,Adalberto,Blanco,Velasco,M,32,Cajamarca,Cajamarca,Cajamarca,Cliente frecuente
CLI004777,Nayeli,Matías,Arreola,F,71,Cajamarca,Cajamarca,Cajamarca,Cliente ocasional
CLI004778,Luis Manuel,Carrillo,Díaz,M,21,Jesús,Cajamarca,Cajamarca,Cliente ocasional
CLI004779,Hermelinda,Gaitán,Villalpando,F,64,Cajamarca,Cajamarca,Cajamarca,Cliente ocasional
CLI004780,Darío,Laboy,Paredes,M,37,Llacanora,Cajamarca,Cajamarca,Cliente frecuente
CLI004781,Camila,Saiz,Tello,F,83,Matara,Cajamarca,Cajamarca,Cliente ocasional
CLI004782,Benito,Espinoza,Olivares,M,42,Baños del Inca,Cajamarca,Cajamarca,Cliente ocasional
CLI004783,Anel,Naranjo,Ramírez,F,66,Llacanora,Cajamarca,Cajamarca,Cliente nuevo
CLI004784,Cecilia,Enríquez,Esquivel,F,49,La Encañada,Cajamarca,Cajamarca,Cliente frecuente
CLI004785,Georgina,Rodarte,Abreu,F,82,Cajamarca,Cajamarca,Cajamarca,Cliente ocasional
CLI004786,Concepción,Cordero,Escobedo,F,76,Cajamarca,Cajamarca,Cajamarca,Cliente frecuente
CLI004787,María José,Granados,del Río,F,56,Jesús,Cajamarca,Cajamarca,Cliente frecuente
CLI004788,Abraham,Lozada,Collado,M,81,Baños del Inca,Cajamarca,Cajamarca,Cliente ocasional
CLI004789,Ofelia,Quiñones,Acevedo,F,37,Llacanora,Cajamarca,Cajamarca,Cliente ocasional
CLI004790,Hernán,Aguilera,Villaseñor,M,42,Jesús,Cajamarca,Cajamarca,Cliente ocasional
CLI004791,Teodoro,Bañuelos,González,M,60,Cajamarca,Cajamarca,Cajamarca,Cliente ocasional
CLI004792,Noemí,Collazo,Vega,F,39,Baños del Inca,Cajamarca,Cajamarca,Cliente ocasional
CLI004793,Marisela,Lucio,Toledo,F,60,Cajamarca,Cajamarca,Cajamarca,Cliente ocasional
CLI004794,Octavio,Valdivia,Delgadillo,M,24,Cajamarca,Cajamarca,Cajamarca,Cliente frecuente
CLI004795,Gregorio,Vargas,Alvarado,M,67,Baños del Inca,Cajamarca,Cajamarca,Cliente ocasional
CLI004796,Eduardo,Gollum,Jiménez,M,47,Baños del Inca,Cajamarca,Cajamarca,Cliente ocasional
CLI004797,Leonel,Leyva,Ávalos,M,82,Llacanora,Cajamarca,Cajamarca,Cliente nuevo
CLI004798,Horacio,Ocampo,Hernández,M,36,Namora,Cajamarca,Cajamarca,Cliente frecuente
CLI004799,Rocío,Matías,Reyna,F,40,Namora,Cajamarca,Cajamarca,Cliente nuevo
CLI004800,Emiliano,Pacheco,Serna,M,70,Cajamarca,Cajamarca,Cajamarca,Cliente nuevo
CLI004801,Octavio,Vásquez,Márquez,M,38,Baños del Inca,Cajamarca,Cajamarca,Cliente ocasional
CLI004802,Carlos,Varela,Durán,M,67,Cajamarca,Cajamarca,Cajamarca,Cliente ocasional
CLI004803,Eugenio,Mejía,Bermúdez,M,37,Baños del Inca,Cajamarca,Cajamarca,Cliente ocasional
CLI004804,Mariana,Chavarría,Saldivar,F,28,Jesús,Cajamarca,Cajamarca,Cliente ocasional
CLI004805,Rocío,Medina,Benavides,F,58,Baños del Inca,Cajamarca,Cajamarca,Cliente ocasional
CLI004806,Juan Carlos,Perales,Tovar,M,28,Baños del Inca,Cajamarca,Cajamarca,Cliente ocasional
CLI004807,Rebeca,Mondragón,Prieto,F,34,Baños del Inca,Cajamarca,Cajamarca,Cliente frecuente
CLI004808,Virginia,Barraza,Arevalo,F,65,Llacanora,Cajamarca,Cajamarca,Cliente ocasional
CLI004809,Mauro,Gil,Toledo,M,70,Cajamarca,Cajamarca,Cajamarca,Cliente nuevo
CLI004810,Homero,Pabón,Partida,M,82,Jesús,Cajamarca,Cajamarca,Cliente ocasional
CLI004811,Benito,Acosta,Anguiano,M,36,Cajamarca,Cajamarca,Cajamarca,Cliente frecuente
CLI004812,Evelio,Orozco,Leal,M,58,La Encañada,Cajamarca,Cajamarca,Cliente frecuente
CLI004813,Gerardo,Moreno,Luna,M,71,Cajamarca,Cajamarca,Cajamarca,Cliente ocasional
CLI004814,Fabiola,Varela,Padilla,F,79,Cajamarca,Cajamarca,Cajamarca,Cliente nuevo
CLI004815,Pedro,de la Rosa,Galarza,M,43,Jesús,Cajamarca,Cajamarca,Cliente ocasional
CLI004816,Héctor,Morales,Mota,M,57,Cajamarca,Cajamarca,Cajamarca,Cliente ocasional
CLI004817,Mariano,Guardado,Valdivia,M,65,Cajamarca,Cajamarca,Cajamarca,Cliente ocasional
CLI004818,Cristobal,Mares,Mora,M,24,Cajamarca,Cajamarca,Cajamarca,Cliente nuevo
CLI004819,Alejandro,Juárez,Peres,M,31,Cajamarca,Cajamarca,Cajamarca,Cliente frecuente
CLI004820,Cecilia,Cordero,Alba,F,71,Baños del Inca,Cajamarca,Cajamarca,Cliente ocasional
CLI004821,Sandra,Cruz,Berríos,F,82,La Encañada,Cajamarca,Cajamarca,Cliente ocasional
CLI004822,Gonzalo,Luevano,Paredes,M,77,La Encañada,Cajamarca,Cajamarca,Cliente nuevo
CLI004823,María del Carmen,Ulibarri,Mendoza,F,54,La Encañada,Cajamarca,Cajamarca,Cliente frecuente
CLI004824,Yeni,Méndez,Alonzo,F,27,Baños del Inca,Cajamarca,Cajamarca,Cliente ocasional
CLI004825,Silvano,Garza,Valle,M,45,Cajamarca,Cajamarca,Cajamarca,Cliente nuevo
CLI004826,Gilberto,Bravo,Olivares,M,19,Cajamarca,Cajamarca,Cajamarca,Cliente ocasional
CLI004827,Aurelio,Ureña,Soliz,M,47,Cajamarca,Cajamarca,Cajamarca,Cliente frecuente
CLI004828,Bruno,Raya,Jaime,M,24,Cajamarca,Cajamarca,Cajamarca,Cliente ocasional
CLI004829,Delia,Tapia,Vega,F,24,Matara,Cajamarca,Cajamarca,Cliente ocasional
CLI004830,Isabel,Solís,Vela,F,39,Namora,Cajamarca,Cajamarca,Cliente nuevo
CLI004831,Óliver,Cabán,Matos,M,20,Baños del Inca,Cajamarca,Cajamarca,Cliente ocasional
CLI004832,Espartaco,Alcaraz,Molina,M,39,Llacanora,Cajamarca,Cajamarca,Cliente ocasional
CLI004833,Alfonso,Salgado,Casas,M,51,Baños del Inca,Cajamarca,Cajamarca,Cliente frecuente
CLI004834,Timoteo,Ochoa,Tirado,M,63,Cajamarca,Cajamarca,Cajamarca,Cliente ocasional
CLI004835,Fabiola,Peres,Gracia,F,82,Baños del Inca,Cajamarca,Cajamarca,Cliente frecuente
CLI004836,Karina,Iglesias,Zayas,F,61,Cajamarca,Cajamarca,Cajamarca,Cliente ocasional
CLI004837,Juana,Aponte,Rodríquez,F,83,Namora,Cajamarca,Cajamarca,Cliente ocasional
CLI004838,Elias,Arteaga,Puente,M,23,Cajamarca,Cajamarca,Cajamarca,Cliente ocasional
CLI004839,Clemente,Terán,Rangel,M,52,Namora,Cajamarca,Cajamarca,Cliente nuevo
CLI004840,Pablo,Esquibel,Sepúlveda,M,68,Cajamarca,Cajamarca,Cajamarca,Cliente frecuente
CLI004841,Jorge Luis,Alcaraz,Cotto,M,66,Baños del Inca,Cajamarca,Cajamarca,Cliente ocasional
CLI004842,Miguel,de la Fuente,Noriega,M,47,Cajamarca,Cajamarca,Cajamarca,Cliente ocasional
CLI004843,José,Tijerina,Mena,M,25,Jesús,Cajamarca,Cajamarca,Cliente frecuente
CLI004844,Angélica,Ibarra,Portillo,F,71,Llacanora,Cajamarca,Cajamarca,Cliente ocasional
CLI004845,Marisol,García,Lovato,F,21,Matara,Cajamarca,Cajamarca,Cliente nuevo
CLI004846,Luis Miguel,Villalpando,de la Garza,M,27,Namora,Cajamarca,Cajamarca,Cliente frecuente
CLI004847,Miguel,Méndez,Zaragoza,M,71,Baños del Inca,Cajamarca,Cajamarca,Cliente frecuente
CLI004848,Jos,de la Garza,Ríos,M,71,Baños del Inca,Cajamarca,Cajamarca,Cliente ocasional
CLI004849,Ana Luisa,Meraz,Mata,F,46,Baños del Inca,Cajamarca,Cajamarca,Cliente nuevo
CLI004850,Armando,Padrón,Flores,M,30,Cajamarca,Cajamarca,Cajamarca,Cliente ocasional
CLI004851,Ariadna,Alva,Angulo,F,46,Baños del Inca,Cajamarca,Cajamarca,Cliente frecuente
CLI004852,José Manuél,Reséndez,Hernandes,M,26,Jesús,Cajamarca,Cajamarca,Cliente ocasional
CLI004853,Victoria,Bustos,Laureano,F,52,Cajamarca,Cajamarca,Cajamarca,Cliente ocasional
CLI004854,Celia,Armendáriz,Badillo,F,52,Jesús,Cajamarca,Cajamarca,Cliente nuevo
CLI004855,Rosario,Alcántar,Urbina,F,20,Jesús,Cajamarca,Cajamarca,Cliente frecuente
CLI004856,Cristobal,Acosta,Corrales,M,55,Baños del Inca,Cajamarca,Cajamarca,Cliente ocasional
CLI004857,Indira,Padilla,Mata,F,55,Baños del Inca,Cajamarca,Cajamarca,Cliente ocasional
CLI004858,Rubén,Preciado,Vergara,M,52,Cajamarca,Cajamarca,Cajamarca,Cliente frecuente
CLI004859,César,Ibarra,Rendón,M,33,Namora,Cajamarca,Cajamarca,Cliente ocasional
CLI004860,Mariano,Centeno,Murillo,M,72,Cajamarca,Cajamarca,Cajamarca,Cliente ocasional
CLI004861,Débora,Camarillo,Romero,F,54,Cajamarca,Cajamarca,Cajamarca,Cliente nuevo
CLI004862,Teodoro,Padrón,Carrero,M,81,La Encañada,Cajamarca,Cajamarca,Cliente frecuente
CLI004863,Óscar,Bernal,Núñez,M,18,Namora,Cajamarca,Cajamarca,Cliente ocasional
CLI004864,Julio,Arroyo,Quezada,M,46,Cajamarca,Cajamarca,Cajamarca,Cliente ocasional
CLI004865,Claudio,Toro,Salcido,M,62,Baños del Inca,Cajamarca,Cajamarca,Cliente frecuente
CLI004866,Hernán,Loya,Páez,M,70,Cajamarca,Cajamarca,Cajamarca,Cliente ocasional
CLI004867,Pamela,Tejada,Santacruz,F,39,La Encañada,Cajamarca,Cajamarca,Cliente ocasional
CLI004868,Araceli,Alfaro,Noriega,F,60,Cajamarca,Cajamarca,Cajamarca,Cliente frecuente
CLI004869,Nadia,Ureña,Segovia,F,23,Llacanora,Cajamarca,Cajamarca,Cliente ocasional
CLI004870,Cristian,Haro,Rocha,M,72,La Encañada,Cajamarca,Cajamarca,Cliente frecuente
CLI004871,Lorenzo,Leiva,Santillán,M,21,Baños del Inca,Cajamarca,Cajamarca,Cliente nuevo
CLI004872,Rufino,Nevárez,Figueroa,M,27,Cajamarca,Cajamarca,Cajamarca,Cliente ocasional
CLI004873,Adán,Regalado,Garay,M,65,Cajamarca,Cajamarca,Cajamarca,Cliente ocasional
CLI004874,Enrique,Mena,Téllez,M,82,Llacanora,Cajamarca,Cajamarca,Cliente frecuente
CLI004875,Francisca,Villaseñor,Carmona,F,79,Cajamarca,Cajamarca,Cajamarca,Cliente frecuente
CLI004876,Estela,Orosco,Pineda,F,44,Llacanora,Cajamarca,Cajamarca,Cliente frecuente
CLI004877,Santiago,Salgado,Carrión,M,58,Cajamarca,Cajamarca,Cajamarca,Cliente ocasional
CLI004878,Octavio,Bahena,de León,M,84,Namora,Cajamarca,Cajamarca,Cliente ocasional
CLI004879,Alberto,Cintrón,Carrillo,M,44,Matara,Cajamarca,Cajamarca,Cliente ocasional
CLI004880,Rufino,Mesa,Carbajal,M,47,Llacanora,Cajamarca,Cajamarca,Cliente ocasional
CLI004881,Bruno,Rolón,Ojeda,M,72,Cajamarca,Cajamarca,Cajamarca,Cliente ocasional
CLI004882,Jonás,Pantoja,Báez,M,45,Cajamarca,Cajamarca,Cajamarca,Cliente ocasional
CLI004883,Jaqueline,Escobedo,Sepúlveda,F,21,Jesús,Cajamarca,Cajamarca,Cliente nuevo
CLI004884,Martha,Gutiérrez,Alemán,F,73,Jesús,Cajamarca,Cajamarca,Cliente frecuente
CLI004885,Luis Manuel,Sanabria,Quiroz,M,42,Llacanora,Cajamarca,Cajamarca,Cliente nuevo
CLI004886,José Manuél,Merino,Negrete,M,21,Matara,Cajamarca,Cajamarca,Cliente frecuente
CLI004887,Esther,Altamirano,Gaytán,F,46,Baños del Inca,Cajamarca,Cajamarca,Cliente frecuente
CLI004888,Patricia,de León,Baca,F,77,Llacanora,Cajamarca,Cajamarca,Cliente ocasional
CLI004889,Soledad,Mascareñas,Valladares,F,47,Baños del Inca,Cajamarca,Cajamarca,Cliente ocasional
CLI004890,Rebeca,Cortez,Alfaro,F,56,Jesús,Cajamarca,Cajamarca,Cliente ocasional
CLI004891,Mayte,Linares,Correa,F,39,Cajamarca,Cajamarca,Cajamarca,Cliente ocasional
CLI004892,Victoria,Medina,Caldera,F,59,Cajamarca,Cajamarca,Cajamarca,Cliente ocasional
CLI004893,Araceli,Lovato,Zedillo,F,30,Cajamarca,Cajamarca,Cajamarca,Cliente ocasional
CLI004894,María Luisa,Castañeda,Almanza,F,80,La Encañada,Cajamarca,Cajamarca,Cliente ocasional
CLI004895,Luz,Nieto,Arce,F,23,Baños del Inca,Cajamarca,Cajamarca,Cliente ocasional
CLI004896,Adán,Lebrón,Mojica,M,44,Cajamarca,Cajamarca,Cajamarca,Cliente ocasional
CLI004897,Porfirio,Sotelo,Pérez,M,25,Cajamarca,Cajamarca,Cajamarca,Cliente frecuente
CLI004898,Esmeralda,Ulibarri,Jaime,F,70,Namora,Cajamarca,Cajamarca,Cliente nuevo
CLI004899,Luis,Ortega,Olivera,M,26,Cajamarca,Cajamarca,Cajamarca,Cliente frecuente
CLI004900,Gonzalo,Garrido,Zayas,M,60,Baños del Inca,Cajamarca,Cajamarca,Cliente frecuente
CLI004901,Carlota,Ayala,Montes,F,46,Llacanora,Cajamarca,Cajamarca,Cliente nuevo
CLI004902,Berta,Cisneros,Zúñiga,F,80,Baños del Inca,Cajamarca,Cajamarca,Cliente nuevo
CLI004903,Armando,Orta,Sevilla,M,42,Baños del Inca,Cajamarca,Cajamarca,Cliente frecuente
CLI004904,Ángel,Sarabia,Bermúdez,M,31,La Encañada,Cajamarca,Cajamarca,Cliente ocasional
CLI004905,Francisco,Gallardo,Niño,M,26,Llacanora,Cajamarca,Cajamarca,Cliente ocasional
CLI004906,Alejandra,Gómez,Sanches,F,68,Baños del Inca,Cajamarca,Cajamarca,Cliente nuevo
CLI004907,Miguel,Barela,Corrales,M,23,La Encañada,Cajamarca,Cajamarca,Cliente nuevo
CLI004908,Uriel,Carrera,Páez,M,56,Cajamarca,Cajamarca,Cajamarca,Cliente ocasional
CLI004909,Adalberto,Villarreal,Magaña,M,22,Cajamarca,Cajamarca,Cajamarca,Cliente ocasional
CLI004910,Camila,Espino,Nava,F,21,Namora,Cajamarca,Cajamarca,Cliente ocasional
CLI004911,Jorge,de León,Jurado,M,18,Llacanora,Cajamarca,Cajamarca,Cliente frecuente
CLI004912,Daniela,Madrid,Pelayo,F,28,Baños del Inca,Cajamarca,Cajamarca,Cliente nuevo
CLI004913,Nayeli,Mejía,Concepción,F,19,Cajamarca,Cajamarca,Cajamarca,Cliente frecuente
CLI004914,Anel,Villaseñor,Tórrez,F,77,Baños del Inca,Cajamarca,Cajamarca,Cliente nuevo
CLI004915,Cornelio,del Valle,Rendón,M,34,Baños del Inca,Cajamarca,Cajamarca,Cliente ocasional
CLI004916,Mariana,Trujillo,Fonseca,F,80,Cajamarca,Cajamarca,Cajamarca,Cliente ocasional
CLI004917,Santiago,Escalante,Carmona,M,68,Baños del Inca,Cajamarca,Cajamarca,Cliente frecuente
CLI004918,Genaro,Zavala,Anaya,M,63,Cajamarca,Cajamarca,Cajamarca,Cliente ocasional
CLI004919,Elsa,Miranda,Tafoya,F,36,Llacanora,Cajamarca,Cajamarca,Cliente ocasional
CLI004920,Wendolin,Chávez,Lucio,F,20,La Encañada,Cajamarca,Cajamarca,Cliente ocasional
CLI004921,Elvira,Juárez,Ceballos,F,78,Cajamarca,Cajamarca,Cajamarca,Cliente ocasional
CLI004922,Hugo,Rojo,Baeza,M,21,Baños del Inca,Cajamarca,Cajamarca,Cliente nuevo
CLI004923,Gabino,Saiz,Palacios,M,53,Jesús,Cajamarca,Cajamarca,Cliente frecuente
CLI004924,Modesto,Ferrer,Mendoza,M,26,Baños del Inca,Cajamarca,Cajamarca,Cliente frecuente
CLI004925,Cristian,Patiño,Chavarría,M,74,Jesús,Cajamarca,Cajamarca,Cliente ocasional
CLI004926,Porfirio,Vigil,Jiménez,M,81,Baños del Inca,Cajamarca,Cajamarca,Cliente ocasional
CLI004927,Elias,Carbajal,Menchaca,M,46,Baños del Inca,Cajamarca,Cajamarca,Cliente nuevo
CLI004928,Esteban,Sauceda,Gutiérrez,M,73,Llacanora,Cajamarca,Cajamarca,Cliente ocasional
CLI004929,Josefina,Esquivel,Saldaña,F,24,Cajamarca,Cajamarca,Cajamarca,Cliente nuevo
CLI004930,Bruno,Cepeda,Lerma,M,57,Cajamarca,Cajamarca,Cajamarca,Cliente ocasional
CLI004931,Mitzy,Huerta,Domínguez,F,38,Baños del Inca,Cajamarca,Cajamarca,Cliente ocasional
CLI004932,Hermelinda,Rosales,Berríos,F,18,Llacanora,Cajamarca,Cajamarca,Cliente ocasional
CLI004933,Luis Miguel,Caldera,Sauceda,M,31,Jesús,Cajamarca,Cajamarca,Cliente ocasional
CLI004934,Emiliano,Vergara,Tafoya,M,65,Cajamarca,Cajamarca,Cajamarca,Cliente ocasional
CLI004935,Ivonne,Mateo,Mascareñas,F,65,Cajamarca,Cajamarca,Cajamarca,Cliente ocasional
CLI004936,Jaime,Morales,Reyes,M,49,Matara,Cajamarca,Cajamarca,Cliente nuevo
CLI004937,Camilo,Menchaca,Santiago,M,85,Baños del Inca,Cajamarca,Cajamarca,Cliente ocasional
CLI004938,Miguel,Nazario,Hidalgo,M,28,Cajamarca,Cajamarca,Cajamarca,Cliente ocasional
CLI004939,Ofelia,Gollum,Mata,F,29,Cajamarca,Cajamarca,Cajamarca,Cliente ocasional
CLI004940,Francisco Javier,Reynoso,Molina,M,39,Baños del Inca,Cajamarca,Cajamarca,Cliente frecuente
CLI004941,Fidel,Montero,Santacruz,M,35,Cajamarca,Cajamarca,Cajamarca,Cliente frecuente
CLI004942,Blanca,Carranza,Castañeda,F,60,Jesús,Cajamarca,Cajamarca,Cliente ocasional
CLI004943,Nancy,Medrano,de León,F,63,Jesús,Cajamarca,Cajamarca,Cliente frecuente
CLI004944,Anabel,Galván,Rodarte,F,67,Jesús,Cajamarca,Cajamarca,Cliente frecuente
CLI004945,Alfredo,Collazo,Alcaraz,M,47,La Encañada,Cajamarca,Cajamarca,Cliente ocasional
CLI004946,Hugo,Valadez,Mena,M,30,Cajamarca,Cajamarca,Cajamarca,Cliente ocasional
CLI004947,Wendolin,Saldivar,Nieto,F,37,Cajamarca,Cajamarca,Cajamarca,Cliente frecuente
CLI004948,Amador,Ureña,Lemus,M,53,Jesús,Cajamarca,Cajamarca,Cliente frecuente
CLI004949,María Cristina,Marín,Ochoa,F,81,Cajamarca,Cajamarca,Cajamarca,Cliente ocasional
CLI004950,Rolando,Ponce,Linares,M,42,Cajamarca,Cajamarca,Cajamarca,Cliente ocasional
CLI004951,Bruno,Delgadillo,Acevedo,M,25,Cajamarca,Cajamarca,Cajamarca,Cliente frecuente
CLI004952,Eloy,Lira,Cano,M,57,Baños del Inca,Cajamarca,Cajamarca,Cliente ocasional
CLI004953,Margarita,Puente,Bravo,F,60,Jesús,Cajamarca,Cajamarca,Cliente nuevo
CLI004954,Leonardo,Ochoa,Cardona,M,80,Cajamarca,Cajamarca,Cajamarca,Cliente ocasional
CLI004955,Eugenia,Rosario,Pantoja,F,57,Baños del Inca,Cajamarca,Cajamarca,Cliente frecuente
CLI004956,Jorge Luis,Ceja,Reyes,M,44,La Encañada,Cajamarca,Cajamarca,Cliente nuevo
CLI004957,Jonás,Mercado,Mata,M,51,Matara,Cajamarca,Cajamarca,Cliente nuevo
CLI004958,Daniela,Domínguez,Villalobos,F,85,Namora,Cajamarca,Cajamarca,Cliente nuevo
CLI004959,Asunción,de Jesús,Abreu,F,77,Jesús,Cajamarca,Cajamarca,Cliente ocasional
CLI004960,Silvano,Quiroz,Zepeda,M,21,Matara,Cajamarca,Cajamarca,Cliente ocasional
CLI004961,Fabiola,Marroquín,Pacheco,F,58,Llacanora,Cajamarca,Cajamarca,Cliente nuevo
CLI004962,Jaqueline,Ceja,Mares,F,54,Matara,Cajamarca,Cajamarca,Cliente nuevo
CLI004963,Lucía,Portillo,Coronado,F,30,Cajamarca,Cajamarca,Cajamarca,Cliente frecuente
CLI004964,Fernando,Vigil,Niño,M,30,Llacanora,Cajamarca,Cajamarca,Cliente ocasional
CLI004965,Aldo,Fajardo,Arteaga,M,20,Cajamarca,Cajamarca,Cajamarca,Cliente ocasional
CLI004966,Ilse,Saldivar,Ordóñez,F,80,Cajamarca,Cajamarca,Cajamarca,Cliente nuevo
CLI004967,Berta,Vega,Mena,F,75,Cajamarca,Cajamarca,Cajamarca,Cliente frecuente
CLI004968,Maximiliano,Prado,Lozada,M,39,Baños del Inca,Cajamarca,Cajamarca,Cliente nuevo
CLI004969,Hermelinda,Regalado,Galarza,F,39,Cajamarca,Cajamarca,Cajamarca,Cliente nuevo
CLI004970,Dalia,Ledesma,Negrete,F,51,Cajamarca,Cajamarca,Cajamarca,Cliente frecuente
CLI004971,Violeta,Dueñas,Fonseca,F,57,Jesús,Cajamarca,Cajamarca,Cliente nuevo
CLI004972,Margarita,Chavarría,Canales,F,81,La Encañada,Cajamarca,Cajamarca,Cliente ocasional
CLI004973,María del Carmen,Pedraza,Nieto,F,51,Cajamarca,Cajamarca,Cajamarca,Cliente frecuente
CLI004974,Mayte,Cervántez,Leiva,F,51,Cajamarca,Cajamarca,Cajamarca,Cliente ocasional
CLI004975,Eloy,Jiménez,Lemus,M,77,Baños del Inca,Cajamarca,Cajamarca,Cliente frecuente
CLI004976,Jaime,Camarillo,Lozada,M,52,Llacanora,Cajamarca,Cajamarca,Cliente ocasional
CLI004977,Juan Carlos,Carvajal,Romero,M,77,La Encañada,Cajamarca,Cajamarca,Cliente nuevo
CLI004978,Modesto,Peralta,Rentería,M,25,Jesús,Cajamarca,Cajamarca,Cliente ocasional
CLI004979,Francisco Javier,Granados,Durán,M,46,Cajamarca,Cajamarca,Cajamarca,Cliente frecuente
CLI004980,Evelio,Salgado,de la Torre,M,32,Cajamarca,Cajamarca,Cajamarca,Cliente nuevo
CLI004981,Salma,Carvajal,Barrientos,F,29,Baños del Inca,Cajamarca,Cajamarca,Cliente ocasional
CLI004982,Rebeca,Menchaca,Amador,F,49,Cajamarca,Cajamarca,Cajamarca,Cliente frecuente
CLI004983,Alta  Gracia,Negrete,Villarreal,F,77,Cajamarca,Cajamarca,Cajamarca,Cliente frecuente
CLI004984,Gustavo,Zavala,Pantoja,M,68,Cajamarca,Cajamarca,Cajamarca,Cliente ocasional
CLI004985,Marisol,Mena,Solorio,F,39,Cajamarca,Cajamarca,Cajamarca,Cliente frecuente
CLI004986,Débora,Segura,Loya,F,54,La Encañada,Cajamarca,Cajamarca,Cliente ocasional
CLI004987,Blanca,Sierra,Patiño,F,60,Namora,Cajamarca,Cajamarca,Cliente ocasional
CLI004988,Bernardo,Cabán,Peres,M,43,Jesús,Cajamarca,Cajamarca,Cliente ocasional
CLI004989,Diana,Figueroa,Serrato,F,33,Cajamarca,Cajamarca,Cajamarca,Cliente frecuente
CLI004990,Ramiro,Ledesma,Madera,M,36,Cajamarca,Cajamarca,Cajamarca,Cliente nuevo
CLI004991,Emilio,Holguín,Llamas,M,57,Cajamarca,Cajamarca,Cajamarca,Cliente ocasional
CLI004992,Gregorio,Guzmán,Concepción,M,38,Baños del Inca,Cajamarca,Cajamarca,Cliente frecuente
CLI004993,Zeferino,Benítez,Lebrón,M,55,Jesús,Cajamarca,Cajamarca,Cliente ocasional
CLI004994,Alejandra,Espino,Arredondo,F,80,Baños del Inca,Cajamarca,Cajamarca,Cliente frecuente
CLI004995,Evelio,Vaca,Jáquez,M,63,Baños del Inca,Cajamarca,Cajamarca,Cliente frecuente
CLI004996,Julia,Cornejo,Polanco,F,29,La Encañada,Cajamarca,Cajamarca,Cliente ocasional
CLI004997,Mariana,Montañez,Casas,F,35,Jesús,Cajamarca,Cajamarca,Cliente ocasional
CLI004998,Berta,Villalobos,Zambrano,F,55,Baños del Inca,Cajamarca,Cajamarca,Cliente ocasional
CLI004999,David,Gastélum,Cabrera,M,35,Namora,Cajamarca,Cajamarca,Cliente ocasional
CLI005000,Lucía,Cortez,Rincón,F,35,Cajamarca,Cajamarca,Cajamarca,Cliente frecuente
